id,name,normalized_name,state,latitude,longitude,population,aliases,source
city_1275339,Mumbai,mumbai,,19.07283,72.88261,12691836,"[""??????"", ""numbai"", ""??????? ???????"", ""???"", ""mu0bai"", ""bombai"", ""bombejus"", ""bom"", ""mumba\u00ee"", ""mymbais"", ""mumbaj"", ""mumpai"", ""mmbyy"", ""moembaai"", ""??"", ""bamba'i"", ""b?mbaj"", ""mwmbyy"", ""muba'i"", ""bombaim"", ""bombaj"", ""munbai"", ""mwmbay"", ""dakbayan sa bombay"", ""bomb?jus"", ""mum bi"", ""mmbay"", ""????????"", ""mumbay"", ""mumbajo"", ""mumbai - ??????"", ""???????????????"", ""bmbyy"", ""vomvai"", ""????"", ""gretara mumba'i"", ""mumba'i"", ""bwmbay"", ""asumumbay"", ""mumbajus"", ""bombej"", ""pullapa mumba'i"", ""?????? ??????"", ""bumbaj"", ""bombay"", ""meng mai"", ""bombaya"", ""?????"", ""???????"", ""lungsod ng mumbai"", ""mumbaja""]",geolocations-indian-cities
city_1273294,Delhi,delhi,,28.65195,77.23149,10927986,"[""dehl?"", ""??????"", ""delkhi"", ""dili"", ""deli"", ""dhly"", ""delchi"", ""del"", ""???"", ""dehli"", ""delhio"", ""dehali"", ""new delhi"", ""dly"", ""tilli"", ""dilli"", ""delh\u00ed"", ""??"", ""d\u00e4hli"", ""dilhi"", ""????? ????"", ""dellium"", ""de li"", ""dylhy"", ""na'i dilli"", ""daehli"", ""delis"", ""faritani delhi"", ""old delhi"", ""sahdzahanabad"", ""dhilli"", ""?? ??????"", ""prany d?ly"", ""dill?"", ""delli"", ""dill\u00ed"", ""dil'hi"", ""\u008a\u00e1hd\u009eahanab\u00e1d"", ""????"", ""delh\u00ee"", ""deri"", ""dhly qdym"", ""???? ????"", ""dl?y"", ""d\u00e9hli"", ""stare deli"", ""dlhy"", ""del\u00ed"", ""?????""]",geolocations-indian-cities
city_1277333,Bengaluru,bengaluru,,12.97194,77.59369,5104047,"[""????????????"", ""bengaluras"", ""??????"", ""bengal?ras"", ""beng-gallulu"", ""bnglwr"", ""bangalora"", ""bynglwr"", ""???"", ""bangal\u00far"", ""baeng-geollo"", ""bangalore - ????????"", ""bengaluro"", ""penkalur"", ""bangaroru"", ""bang-galloleu"", ""benguluru"", ""??????????"", ""bang kha l xr"", ""bangalur"", ""bengal?ru"", ""bangalor"", ""bnghalwr"", ""bengalour"", ""bangalura"", ""ban'nkalor"", ""????????"", ""blr"", ""bangalore - bengaluru"", ""????"", ""bangalaura"", ""bengalora"", ""bengalurus"", ""bagalaura"", ""???????"", ""ban jia luo er"", ""?????????"", ""bangaluri"", ""bengal\u00faru"", ""bangalore"", ""bangalore city""]",geolocations-indian-cities
city_1275004,Kolkata,kolkata,,22.56263,88.36304,4631392,"[""kalkueta"", ""kalkouta"", ""??????"", ""kolkat"", ""kaelkuettae"", ""klkth"", ""kolk?ta"", ""k\u00e4lk\u00fctt\u00e4"", ""???"", ""kalikata"", ""jia li ji da"", ""klkwth"", ""kalkuta"", ""korukata"", ""k?olk?at?a"", ""k?lk?t?"", ""calc\u00fata"", ""kwlkata"", ""kal'kutta"", ""kalik?t?"", ""kalakata"", ""caligardamana"", ""jia er ge da"", ""kalk\u00fatta"", ""kalakatta"", ""kea?kkatta"", ""qwlqth"", ""kolkato"", ""kolkatta"", ""kalkota"", ""kal'kuttae"", ""kolkate"", ""sealdah"", ""????"", ""ccu"", ""??????????????"", ""calcutta"", ""kol?kata"", ""calcuta"", ""????????\u00e6"", ""ko l ka ta"", ""calcut\u00e1"", ""klkta"", ""???????"", ""kalkutta"", ""?????????"", ""kal'kuta"", ""kalkata"", ""kalk\u00fcta"", ""?????"", ""????????"", ""kolakata""]",geolocations-indian-cities
city_1264527,Chennai,chennai,,13.08784,80.27847,4328063,"[""??????"", ""chen'nai"", ""?enajo"", ""maa"", ""chenaj"", ""tsennai"", ""???"", ""chenai"", ""\u00e7ennai"", ""jin nai"", ""chennai - cennai"", ""qing nai"", ""tamulinadu"", ""?ennaj"", ""cen ni"", ""?ennai"", ""chennaj"", ""cennaj"", ""??"", ""madras"", ""cenaj"", ""cenay"", ""csennai"", ""cenajo"", ""?enaj"", ""????????"", ""???????????????"", ""cennai"", ""????"", ""cenajus"", ""chnayy"", ""chehnai"", ""?enna\u00ed"", ""?enajus"", ""madr\u00e1s"", ""\u00e7enay"", ""zn?y"", ""chynayy"", ""chnay"", ""chynay"", ""tamizhagam"", ""cena'i"", ""chennai - ??????"", ""cenna'i"", ""tshynay"", ""?????"", ""???????"", ""maderaspatanum""]",geolocations-indian-cities
city_1279233,Ahmedabad,ahmedabad,,23.02579,72.58727,3719710,"[""????????????"", ""??????"", ""amadabadeu"", ""achmentampant"", ""ahmadabad"", ""akhmedabad"", ""amadavad"", ""ahmadabadi"", ""ahmd abad"", ""ahmdabad"", ""ahmdabad - hyndystan"", ""ai ha mai da ba de"", ""??????????"", ""????????? ?????"", ""ahmad?b?d"", ""ahmedabad - amadavada"", ""ahamadabada"", ""amadaraada"", ""amedebatum"", ""???????????"", ""amdavada"", ""???????? - ?????????"", ""amd?v?da"", ""ahimadabada"", ""akamatapat"", ""akhmadabad"", ""????????"", ""aham'madabad"", ""ahmadabado"", ""??????????????"", ""ahmadobod"", ""ahmadabadas"", ""???? ????"", ""amd"", ""ai ha mai de bao"", ""???????"", ""ahamedabada"", ""akhmadabad shaary"", ""?????????"", ""exmetabad"", ""afumadabado"", ""a mei da ba de"", ""amadavada"", ""?????"", ""ahmedabad - ???????"", ""ahmad\u00e1b\u00e1d"", ""xah mda bad""]",geolocations-indian-cities
city_1269843,Hyderabad,hyderabad,,17.38405,78.45636,3597816,"[""hajdarabad"", ""haiderabado"", ""hyderabad-deccan"", ""?????????? ??. ?????????"", ""khajdarabad"", ""??????????"", ""khajderabad"", ""haidarabadu"", ""hydrabad"", ""bhaganagar"", ""???????????"", ""hyder?b?d"", ""hayadrabada"", ""haitarapat"", ""haidarabadas"", ""????"", ""hyd"", ""hayadarabada ema. karporesana"", ""???? ????"", ""hajdar\u00e1b\u00e1d"", ""haiderabad"", ""hai de la ba"", ""haidarabada"", ""???????"", ""?????????"", ""???? ???? ???"", ""hydr abad"", ""????????"", ""hydr abad dkn""]",geolocations-indian-cities
city_1259229,Pune,pune,,18.51957,73.85535,2935744,"[""????????????"", ""pun\u00e9"", ""???"", ""poune"", ""??"", ""puna"", ""pwnh"", ""pune sahara"", ""pun"", ""pona"", ""???? ???"", ""bwnh"", ""pwny"", ""pnq"", ""????"", ""pwn?"", ""pwna"", ""pu na"", ""puneo"", ""poona"", ""punyapattanam"", ""?????"", ""puno"", ""p\u00fana""]",geolocations-indian-cities
city_1255364,Surat,surat,,21.19594,72.83023,2894504,"[""surata"", ""suratas"", ""surate"", ""stv"", ""s?rat"", ""su la te"", ""???"", ""????"", ""?????"", ""surato""]",geolocations-indian-cities
city_1267995,Kanpur,kanpur,,26.46523,80.34975,2823249,"[""?????"", ""kanapura"", ""??????"", ""kanpuru"", ""k?npwr"", ""kanpuras"", ""k?npur"", ""cawnpore"", ""????????"", ""kanpwr"", ""knu""]",geolocations-indian-cities
city_1269515,Jaipur,jaipur,,26.91962,75.78781,2711758,"[""d\u009eajpur"", ""d\u009eaipuras"", ""??????"", ""?ajpuro"", ""d?ajpur"", ""jayapur"", ""d\u009eaipur"", ""ceyppur"", ""???"", ""dzajpura"", ""dzaipuras"", ""g?ypwr"", ""dzajpur"", ""??????????"", ""jaybwr"", ""jaypur"", ""chay pu ra"", ""jaipuru"", ""jayapuram"", ""gajpuro"", ""tzaipour"", ""jayapura"", ""zhajpur"", ""jainagar"", ""zhai pu ya"", ""dzhajpur"", ""jai"", ""d\u009eajpura"", ""????"", ""iaipura"", ""?? ???"", ""jaipura"", ""jaipur city"", ""jaipuleu"", ""jaypwr"", ""caypur"", ""jypwr"", ""???????"", ""dzaipur"", ""dzsaipur"", ""jeypore"", ""zhai pu er"", ""?????"", ""????????""]",geolocations-indian-cities
city_6619347,Navi Mumbai,navi mumbai,,19.03681,73.01582,2600000,"[""navi mumba'i"", ""nawy mwmbay"", ""??????"", ""??? ?????"", ""nwy mmbyy"", ""???"", ""navi mumbayi"", ""marathi maharashtra"", ""na'oyi mumba'i"", ""???? ??????"", ""narai mumba'i"", ""navi moembaai"", ""nabimumbai"", ""nabimunbai"", ""bmbyy nw"", ""novmumbajo"", ""??? ??????"", ""navi mumpai"", ""??? ???????"", ""????? ??"", ""nova bombaim"", ""?????? ???????"", ""nabi mumba'i"", ""xin meng mai"", ""?????"", ""navi mumbaj""]",geolocations-indian-cities
city_1264733,Lucknow,lucknow,,26.83928,80.92313,2472011,"[""lakkhnau"", ""lakno"", ""ilakno"", ""??????"", ""lucknow city"", ""lkhnw"", ""???"", ""lakna\u00fa"", ""lko"", ""lknaw"", ""rakunau"", ""lakhanau"", ""lakh nea"", ""laknauo"", ""lakkhnau shaary"", ""lakhnau"", ""lakhana'u"", ""laknau"", ""laksnau"", ""????"", ""luknow"", ""laknaou"", ""leokeunau"", ""??????? ?????"", ""lakna?o"", ""lei ke nao"", ""?????"", ""???????"", ""laknava""]",geolocations-indian-cities
city_1262180,Nagpur,nagpur,,21.14631,79.08491,2228018,"[""n\u00e1gpur"", ""nagpura"", ""??????"", ""nankpour"", ""naghbwr"", ""nagpore"", ""n?gpur"", ""nagpwr"", ""nakpur"", ""nag"", ""nagapuram"", ""????"", ""nagapur"", ""nagapura"", ""nageupuleu"", ""na ge pu er"", ""nagupuru"", ""???????"", ""nagpuras"", ""n?gpura"", ""ajni"", ""?????"", ""????????""]",geolocations-indian-cities
city_1269743,Indore,indore,,22.71792,75.8333,1837041,"[""??????"", ""???"", ""indori"", ""indura"", ""indaur"", ""idr"", ""idaura"", ""indor"", ""yin duo er"", ""indoru"", ""indaura"", ""indoleu"", ""andwr"", ""indora"", ""induras"", ""intor"", ""indore madhya pradesh"", ""ayndwr"", ""?????"", ""???????""]",geolocations-indian-cities
city_12165956,Kallakurichi,kallakurichi,,11.73379,78.95925,1682687,[],geolocations-indian-cities
city_1260086,Patna,patna,,25.59408,85.13563,1599920,"[""pateuna"", ""'azimabad"", ""?????"", ""batna"", ""??????"", ""?a??m?b?d"", ""patnao"", ""ptnh"", ""patna new city"", ""new patna"", ""???"", ""patana"", ""????"", ""ba te na"", ""pat"", ""patona"", ""pat na""]",geolocations-indian-cities
city_1275841,Bhopal,bhopal,,23.25469,77.40289,1599914,"[""??????"", ""bhojpal"", ""???"", ""bwbal"", ""bo pa er"", ""bkhopal"", ""??"", ""bhop?l"", ""bhop?la"", ""b\u00f3pal"", ""bhopala"", ""popal"", ""bho"", ""bwpal"", ""????"", ""bhopalo"", ""bhopalas"", ""boparu"", ""bopal"", ""bhop\u00e1l"", ""bh\u00f3p\u00e1l"", ""?????"", ""???????"", ""bkhapal""]",geolocations-indian-cities
city_1264728,Ludhiana,ludhiana,,30.91204,75.85379,1545368,"[""ludkhijana"", ""ludhi?na"", ""??????"", ""ludhi'ana"", ""rudiyana"", ""???????"", ""????????"", ""ludhiyana"", ""rudiana"", ""ludhijana"", ""lutiyana"", ""luh""]",geolocations-indian-cities
city_1254361,Tirunelveli,tirunelveli,,8.72742,77.6838,1435844,"[""????????????"", ""tilunelbelli"", ""tinnevelly junction"", ""??????"", ""tyrwnlwyly"", ""di lu nei er wei li"", ""tinnevelly"", ""nellai"", ""trwnlwyly"", ""tyrwnylwyly"", ""??????????"", ""tirunelaveli"", ""tiruneruvu~eri"", ""tirunelabeli"", ""???????????"", ""tinnevelli"", ""tirunelweli"", ""?????????"", ""tirunalaveli"", ""tyrwnlfly"", ""?????"", ""tyrwnlwly""]",geolocations-indian-cities
city_1279259,Agra,agra,,27.18333,78.01667,1430055,"[""?????"", ""akra"", ""agara"", ""agr"", ""?gra"", ""agura"", ""a ge la"", ""lungsod ng agra"", ""???"", ""????"", ""?gr?"", ""agra - agara"", ""ageula"", ""agra - ????""]",geolocations-indian-cities
city_1253573,Vadodara,vadodara,,22.29941,73.20812,1409476,"[""??????"", ""???"", ""wdwdrh"", ""fadwdara"", ""vatotara"", ""vapadedara"", ""badodala"", ""vadeadara"", ""ba luo da"", ""barodara"", ""bdq"", ""radodara"", ""????????"", ""????"", ""baroda"", ""vu~adodara"", ""wadwdara"", ""?a???a?a"", ""?????"", ""???????""]",geolocations-indian-cities
city_1262111,Najafgarh,najafgarh,,28.60922,76.97982,1365000,"[""najafgarli""]",geolocations-indian-cities
city_1270926,Gorakhpur,gorakhpur,,29.44768,75.67206,1324570,"[""?????????"", ""gorakpura""]",geolocations-indian-cities
city_1261731,Nashik,nashik,,19.99727,73.79096,1289497,"[""??????"", ""n\u00e1szik"", ""isk"", ""nacik"", ""???"", ""nashk"", ""na xi ke"", ""nasyk"", ""nasikas"", ""nasika"", ""na\u009aikas"", ""nask"", ""nashiku"", ""nasik"", ""nasikeu"", ""????"", ""naszik"", ""nasiko"", ""?????""]",geolocations-indian-cities
city_1259652,Pimpri,pimpri,,18.62292,73.80696,1284606,[],geolocations-indian-cities
city_1268295,Kalyan,kalyan,,19.2437,73.13554,1262255,"[""kaly?n"", ""kal'jan"", ""??????""]",geolocations-indian-cities
city_1254661,Thane,thane,,19.19704,72.96355,1261517,"[""t?an?"", ""tanna"", ""th?na"", ""th?ne"", ""tanh"", ""tanja"", ""tany"", ""???"", ""????"", ""?????"", ""thyn"", ""thana""]",geolocations-indian-cities
city_1263214,Meerut,meerut,,28.98002,77.70636,1223184,"[""??????"", ""meratha"", ""???"", ""meerut city"", ""????? ????"", ""mir\u00e1t"", ""mirarr"", ""merath"", ""meluteu"", ""mi la te"", ""miruta"", ""miratas"", ""????"", ""merato"", ""mirat nagaram"", ""meratkh"", ""myrwt"", ""mirut"", ""mirat"", ""mirata"", ""?????"", ""???????""]",geolocations-indian-cities
city_1261162,Nowrangapur,nowrangapur,,19.23114,82.54826,1220946,"[""nowrangpur"", ""nabarangapur"", ""nabarangpur""]",geolocations-indian-cities
city_1271951,Faridabad,faridabad,,28.41124,77.31316,1220229,"[""qnf"", ""pharidabada"", ""???????"", ""?????????"", ""faridabado"", ""faridabadas"", ""????????"", ""far?d?b?d""]",geolocations-indian-cities
city_1271308,Ghaziabad,ghaziabad,,28.66535,77.43915,1199191,"[""gaziabad"", ""ghazibad"", ""gh?zi?b?d"", ""????????""]",geolocations-indian-cities
city_1272423,Dombivli,dombivli,,19.21667,73.08333,1193000,"[""dombivali""]",geolocations-indian-cities
city_1258847,Rajkot,rajkot,,22.29161,70.79322,1177362,"[""??????"", ""rad\u009ekotas"", ""radzkot"", ""rad?kot"", ""r?jkot"", ""raj"", ""???????"", ""radzkotas"", ""radzhkot"", ""rajikotto""]",geolocations-indian-cities
city_1253405,Varanasi,varanasi,,25.31668,83.01041,1164404,"[""varanasio"", ""v\u00e2r\u00e2nas\u00ee"", ""waranashi"", ""ban?ras"", ""bnars"", ""faranasy"", ""varanassi"", ""banaras"", ""vns"", ""v?r?nasi"", ""waranasy"", ""benar\u00e9s"", ""varanasis"", ""waransy"", ""????????"", ""k?si"", ""wa la na xi"", ""????"", ""banares"", ""baranasi"", ""???????"", ""pha ran si"", ""kasi"", ""balanasi"", ""?????"", ""kashi"", ""benares"", ""waranasi"", ""varanaci""]",geolocations-indian-cities
city_1278710,Amritsar,amritsar,,31.62234,74.87534,1092450,"[""?mrytsr"", ""??????"", ""amrytsr"", ""amrytsar"", ""amuritosaru"", ""amritsar - amritasara"", ""a mu li ze"", ""amritsaras"", ""xm vt sar"", ""amritasara"", ""??????????"", ""amritszar"", ""amritsara"", ""amrtasara"", ""yamrytsar"", ""amricar"", ""amritsar - ?????????"", ""????"", ""amritsz\u00e1r"", ""amritcar"", ""atq"", ""???????"", ""amrtasarah"", ""?????????"", ""amlichaleu"", ""????????"", ""amrtsr""]",geolocations-indian-cities
city_1278994,Allahabad,allahabad,,25.44478,81.84322,1073438,"[""all?h?b?d"", ""??????"", ""ilahabad"", ""arahabado"", ""allahabad - ilahabada"", ""an la a ba de"", ""allahabad - ????????"", ""irahabado"", ""alahabadas"", ""allakhabad"", ""ilahabada"", ""pray?g"", ""??? ????"", ""prayag"", ""ixd"", ""il?h?b?d"", ""?????????"", ""prayagraj"", ""allah?b?d"", ""?????"", ""????????"", ""alla abba habab"", ""elahabada"", ""alakapat""]",geolocations-indian-cities
city_1253102,Visakhapatnam,visakhapatnam,,17.68009,83.20161,1063178,"[""????????????"", ""??????"", ""bisakhapattama"", ""bisyakapateunam"", ""visakhapattanam"", ""wshak? p?nm"", ""vishakkhapatnam"", ""wisakha pat tnam"", ""wshakapatnm"", ""wysakapatnam"", ""vis\u00e1khapatnam"", ""vu~ishakapatonamu"", ""vizag"", ""fshakabatnm"", ""wshak?ap?nm"", ""wei sha ka pa te nan"", ""??????????"", ""vaisakhapattanam"", ""vishakhapatnam"", ""????? ????"", ""bisakhapatana"", ""?????????????"", ""w shak?a p?nm"", ""???????????"", ""vizagapatnam"", ""visakhapatanama"", ""visakhapattanama"", ""vizagapatam"", ""vicakappattinam"", ""???????????????"", ""???????????a?"", ""fysakhabatnam"", ""visakha"", ""??????????????"", ""visak"", ""vtz"", ""vish?khapatnam"", ""? ????? ????"", ""fyshakhabatnam"", ""vizag city"", ""vais?khapattanam"", ""visakhapatnamas""]",geolocations-indian-cities
city_1254745,Teni,teni,,10.01115,77.47772,1034724,"[""theni"", ""?????"", ""tkheni""]",geolocations-indian-cities
city_1269633,Jabalpur,jabalpur,,23.16697,79.95006,1030168,"[""??????"", ""japalpur"", ""jblbwr"", ""??? ???"", ""jabalpuleu"", ""dzhabalpur"", ""d\u009eabalpuras"", ""gabalpur"", ""gu ba er pu er"", ""dzabalpuras"", ""jabarupuru"", ""jabalapuram"", ""????"", ""jubbulpore"", ""?abalpur"", ""jbl pwr"", ""jlr"", ""d?abalpur"", ""???????"", ""d\u009eabalpur"", ""jabalapura"", ""?????????"", ""dzsabalpur"", ""dzabalpur"", ""?????"", ""????????""]",geolocations-indian-cities
city_1270396,Haora,haora,,22.57688,88.31857,1027672,"[""ha'ora"", ""??????"", ""h?ora"", ""hawrah"", ""howrah"", ""????"", ""?????"", ""haura""]",geolocations-indian-cities
city_1278149,Aurangabad,aurangabad,,19.87757,75.34226,1016441,"[""ixu"", ""aurangabad - aurangabada"", ""???????? ???"", ""??????????"", ""awrnk abad"", ""aurangabado"", ""awrng abad"", ""????? ????"", ""a'orangabada"", ""aurangabad - ????????"", ""a'urangabada"", ""awrng?abad"", ""aurangabadas"", ""aurang\u00e2b\u00e2d"", ""aurangabada sahara"", ""?????????"", ""????????"", ""aurang?b?d"", ""aurangabada""]",geolocations-indian-cities
city_6943660,Shivaji Nagar,shivaji nagar,,18.53017,73.85263,1000000,[],geolocations-indian-cities
city_1256436,Solapur,solapur,,17.67152,75.91044,997281,"[""sol?pur"", ""??????"", ""sollapura"", ""?????????"", ""sorapuru"", ""shol?pur"", ""sholapur"", ""sse"", ""solapura"", ""???????""]",geolocations-indian-cities
city_1255634,Srinagar,srinagar,,34.08565,74.80555,975857,"[""sxr"", ""sry nghr"", ""??????"", ""sryngr"", ""sry ngr"", ""?rinagar"", ""si li na jia"", ""srinagara"", ""srynagar"", ""suryanagar"", ""??? ???"", ""sr?nagar"", ""srinagaro"", ""seulinagaleu"", ""srinankar"", ""siry nagar"", ""???? ?????"", ""shrinagar"", ""srynaghar"", ""\u008arinagaras"", ""srinkhr"", ""srinagaram"", ""srinagari"", ""\u008ar\u00ednagar"", ""cirinakar"", ""????????"", ""sirinagara"", ""????"", ""caspira"", ""szrinagar"", ""srinagaras"", ""???????"", ""?????????"", ""srinigar"", ""?????"", ""srynghr"", ""shurinagaru""]",geolocations-indian-cities
city_1274746,Chandigarh,chandigarh,,30.73629,76.7884,960787,"[""?'???????"", ""??????"", ""chandigar"", ""candigadha"", ""chandigadh"", ""candigadh"", ""candigarchas"", ""??????????"", ""chand?garh"", ""czandigarh"", ""cantikar"", ""chang di jia er"", ""candigara"", ""candhigad"", ""ixc"", ""candigarh"", ""????"", ""chandigarhi"", ""cadigarha"", ""???????"", ""?????????"", ""chandigarkh"", ""candigarha"", ""chandigaru"", ""?andigarchas"", ""????????"", ""?and\u00edgarh""]",geolocations-indian-cities
city_1273865,Coimbatore,coimbatore,,11.00555,76.96612,959823,"[""????????????"", ""ko'imabatore"", ""koyambatura"", ""koyamputtur"", ""kojambutt\u00far"", ""koyamuttur"", ""koyamutt?r"", ""koimbatoleu"", ""koyambattur"", ""koyambatturu"", ""koyampattur"", ""ko'imbatora"", ""kovai"", ""??????????"", ""koyambattura"", ""koyanbutto~uru"", ""cjb"", ""koimbatore"", ""?????????????"", ""???????????"", ""kojambuttur"", ""ko'ibatura"", ""ko'imbatura"", ""ge yin bai tuo"", ""koimbator"", ""???????????????"", ""????"", ""kwymbtwr"", ""koimbatur"", ""koyambatt?r"", ""kwymbatwr"", ""?????????"", ""keayampattu?"", ""?????"", ""????????""]",geolocations-indian-cities
city_1268865,Jodhpur,jodhpur,,26.26841,73.00594,921476,"[""d?odhpur"", ""??????"", ""gwdpwr"", ""jodhpur city"", ""dzs\u00f3dhpur"", ""jodeupuleu"", ""?odhpur"", ""dzodhpuras"", ""jwd?pwr"", ""jiao te bu er"", ""jwdpwr"", ""jwdbwr"", ""jodhapura"", ""??????????"", ""dzodhpura"", ""codpur"", ""jodhapuram"", ""d\u009eodhpuras"", ""jodopuru"", ""???? ???"", ""d\u009eodhpura"", ""godhpur"", ""????????"", ""yodapura"", ""yodhapura"", ""cotpur"", ""jdh"", ""????"", ""dzhodkhpur"", ""tzontchpour"", ""dzsodhpur"", ""???????"", ""dzodhpur"", ""jwdapwr"", ""dzodpur"", ""?????"", ""d\u009e\u00f3dpur""]",geolocations-indian-cities
city_1264521,Madurai,madurai,,9.919,78.11953,909908,"[""madhura"", ""??????"", ""???"", ""madwray"", ""m thu ri"", ""madur\u00e1j"", ""madura'i"", ""ma du lai"", ""madurajus"", ""ixm"", ""madulai"", ""mado~urai"", ""maduraj"", ""mathurai"", ""????"", ""mdwray"", ""madhurai"", ""madura"", ""mdwrayy"", ""maturai"", ""?????"", ""???????""]",geolocations-indian-cities
city_1271476,Guwahati,guwahati,,26.1844,91.7458,899094,"[""??????"", ""gauh?ti"", ""gwahty"", ""guhati"", ""gwaty"", ""gu'ahati"", ""guvahatti"", ""kuvahatti"", ""guvahati"", ""gauh\u00e1ti"", ""jwahaty"", ""guvakhati"", ""gauhati"", ""????????"", ""kuvakatti"", ""????"", ""gwwa?aty"", ""gu wa ha ti"", ""guyahati"", ""???????"", ""?????????"", ""guvahatis"", ""gau"", ""?????"", ""guraahati"", ""gaukhati""]",geolocations-indian-cities
city_1270583,Gwalior,gwalior,,26.22983,78.17337,882458,"[""gvalior"", ""???????"", ""gwl""]",geolocations-indian-cities
city_1253184,Vijayawada,vijayawada,,16.50745,80.6466,874587,"[""bezw?da"", ""vijaja?ada"", ""??????"", ""vijajauada"", ""vijayav?d?"", ""fyjayawada"", ""bijayawara"", ""wei jie ya wa da"", ""vidzsajavada"", ""bijayawada"", ""vijayavada"", ""vid\u009eajavada"", ""vijaivara"", ""bezwada"", ""??????????"", ""wid?ajawada"", ""vijayavara"", ""vijaiavada"", ""vijayaw?da"", ""bezawada"", ""wjyawada"", ""vu~ijayawada"", ""vidzhajavada"", ""widzajawada"", ""bijayabada"", ""vidzsajav\u00e1d\u00e1"", ""bijayarada"", ""???? ????"", ""vidzajavada"", ""wjy? wa??"", ""vicayavata"", ""???????"", ""fjayawada"", ""vga"", ""?????????"", ""wyjyawada"", ""?????"", ""????????"", ""bejavada""]",geolocations-indian-cities
city_1262321,Mysore,mysore,,12.29791,76.63925,868313,"[""?????"", ""??????"", ""mhaisura"", ""maisoru"", ""mysooru"", ""???"", ""majsur"", ""mais\u00far"", ""myswr"", ""mahisura"", ""maisura"", ""majsor"", ""mais?r"", ""mahis?r"", ""mahisur"", ""myq"", ""maisuru"", ""mysuru"", ""????"", ""ma'isora"", ""maisoleu"", ""???????"", ""maisur"", ""mais?ru"", ""mai suo er"", ""majszur"", ""maicur"", ""mayswr"", ""mys?ru"", ""m\u00e1jsz\u00far""]",geolocations-indian-cities
city_12069922,Rohini,rohini,,28.74322,77.06778,860000,[],geolocations-indian-cities
city_1258526,Ranchi,ranchi,,23.34316,85.3094,846454,"[""??????"", ""lan qi"", ""rancis"", ""r?nzy"", ""ranci jilla"", ""raci"", ""??"", ""rancsi"", ""r\u00e1ncs\u00ed"", ""r\u00e1??\u00ed"", ""r?nchi"", ""lanchi"", ""ran?i"", ""ran?is"", ""r?nch?"", ""ranchy"", ""????"", ""ranshy"", ""ramci"", ""ranci"", ""?????"", ""????? ??????"", ""ixr""]",geolocations-indian-cities
city_1269920,Hubli,hubli,,15.34776,75.13378,840214,"[""hubli city"", ""?????-???????"", ""khubli-dkharvad"", ""?????????"", ""hbx"", ""hubballi""]",geolocations-indian-cities
city_1261809,Narela,narela,,28.85267,77.09288,800000,[],geolocations-indian-cities
city_1268782,Jalandhar,jalandhar,,31.32556,75.57917,785178,"[""??????"", ""jullundur"", ""jalandhari"", ""gu lang da er"", ""jalantar"", ""qju"", ""d?alandhar"", ""jlndr"", ""galangar"", ""dzalandar"", ""jaladhara"", ""??????????"", ""dzhalandkhar"", ""?alan?ar"", ""jallandaleu"", ""dzs\u00e1landh\u00e1r"", ""jullundur city"", ""jalandhara"", ""????????"", ""????"", ""dzsalandhar"", ""???????"", ""jarandaru"", ""?????"", ""jalandar"", ""dzalandhar""]",geolocations-indian-cities
city_1254163,Thiruvananthapuram,thiruvananthapuram,,8.4855,76.94924,784153,"[""????????????"", ""tiruvanantapurama"", ""tvm"", ""tkhiruvanantkhapuram"", ""tiruvananantapuram"", ""tirubanantapurama"", ""tilubanantapulam"", ""trywwndrwm"", ""??????????"", ""trv"", ""te li fan de lang"", ""tribanadrama"", ""tiruvu~anantapuramu"", ""?????????????"", ""???????????"", ""trywandrwm"", ""tiru'anantapuram"", ""tribendrama"", ""??????????????????"", ""??????????????"", ""tiruvanantapuram"", ""city of lord anantha"", ""tiruvanantapuramas"", ""?????????"", ""thyrwfananthabwram"", ""????????????????"", ""trivandrum"", ""?????"", ""???????""]",geolocations-indian-cities
city_1257629,Salem,salem,,11.65376,78.15538,778396,"[""???? ????? ????"", ""salm"", ""seramu"", ""????? ???? ????"", ""sxv"", ""szalem"", ""sai lei mu"", ""salema"", ""??"", ""sz\u00e1lem"", ""sallem"", ""????"", ""???"", ""selama"", ""selam"", ""?????"", ""celam""]",geolocations-indian-cities
city_1254388,Tiruchirappalli,tiruchirappalli,,10.8155,78.69651,775484,"[""tiruccsirapalli"", ""tirucirapali"", ""????????????"", ""tiruchchinappalli"", ""tiruchirapali"", ""??????"", ""trichy"", ""tiru?irapali"", ""tiruchirapalli"", ""trz"", ""tricimalaidurgam"", ""tiruchirappal\u00b7li"", ""tiruchiraparri"", ""tyrwchyraply"", ""di lu ji la pa li"", ""trwchraply"", ""tiluchilapalli"", ""?????????????"", ""tiruchchirappalli"", ""???????????"", ""tiru??ir\u00e1ppalli"", ""???????????????"", ""trinchinopoly"", ""tiruccsir\u00e1palli"", ""tiruccirappalli"", ""tiruchchir?ppalli"", ""tyrwchyrapaly"", ""trichinopoly"", ""tirucirapalli"", ""tiruchchin?ppalli"", ""?yrwchyrapaly"", ""?????????"", ""trichinapalli"", ""trichinopoli"", ""?????????????????"", ""????????????????"", ""tirutchirapparri"", ""tiruchi""]",geolocations-indian-cities
city_1266049,Kota,kota,,25.18254,75.83907,763088,"[""kotta"", ""kotah city"", ""kwta"", ""??????"", ""??"", ""????"", ""kotah"", ""ke ta"", ""ktu""]",geolocations-indian-cities
city_1275817,Bhubaneshwar,bhubaneshwar,,20.27241,85.83385,762243,"[""???????????"", ""temple city of india"", ""bhuvanesvara"", ""bhubaneswar"", ""bbsr"", ""bhubanesbara"", ""?????????"", ""bhubane?war"", ""bbi"", ""bubaneshuwaru"", ""bkhubaneshvar"", ""puvanecuvaram"", ""????????""]",geolocations-indian-cities
city_1279017,Aligarh,aligarh,,27.88145,78.07464,753207,"[""??????"", ""koil"", ""aligara"", ""aligarha"", ""al?garh"", ""aligarkh"", ""??? ???"", ""???????""]",geolocations-indian-cities
city_1277013,Bareilly,bareilly,,28.36678,79.43167,745435,"[""baraili"", ""bareli"", ""??????"", ""bereli"", ""???????"", ""bareri"", ""bek"", ""barejli"", ""???"", ""pareli"", ""baleilli"", ""ba lei li"", ""????"", ""?????"", ""barel?"", ""bryly""]",geolocations-indian-cities
city_1262801,Moradabad,moradabad,,28.83893,78.77684,721139,"[""?????????"", ""mur?d?b?d"", ""muradabad"", ""mor?d?b?d""]",geolocations-indian-cities
city_1275901,Bhiwandi,bhiwandi,,19.30023,73.05881,707035,"[""bywandy"", ""pi wen di"", ""??????"", ""bkhivandi"", ""???????"", ""biwandi"", ""????????"", ""bhivandi"", ""bivandi"", ""bhiwndi"", ""bhiv\u00e1ndi"", ""???"", ""bhi'oyadi""]",geolocations-indian-cities
city_1258980,Raipur,raipur,,21.23333,81.63333,679995,"[""??????"", ""ray pwr"", ""rpr"", ""rajpuro"", ""???"", ""??? ???"", ""raypur"", ""raipuras"", ""??????????"", ""ra'ipura"", ""rayppur"", ""rayapura"", ""r\u00e1jpur"", ""???? ???"", ""lai bu er"", ""raybwr"", ""raipuru"", ""????????"", ""rajpur"", ""????"", ""raipura"", ""?????????"", ""?????"", ""???????"", ""laipuleu""]",geolocations-indian-cities
city_1275971,Bhilai,bhilai,,21.20919,81.4285,625138,"[""??????"", ""birai"", ""???"", ""bhilajus"", ""bilaj"", ""bhila'i nagara"", ""pilay"", ""??"", ""bkhilai"", ""bhilai nagar"", ""bhil??"", ""???? ???"", ""billai"", ""balay"", ""bhila'i"", ""bi lai"", ""bhilaj nagar"", ""????? ???"", ""?????"", ""bhilai nagara""]",geolocations-indian-cities
city_1269300,Jamshedpur,jamshedpur,,22.80278,86.18545,616338,"[""tatanagar"", ""??????"", ""jia mu xie de bu er"", ""jamushedopuru"", ""jmshydpwr"", ""dzhamshedpur"", ""jamsedapura"", ""jamsyedeupuleu"", ""dzsamsedpur"", ""ixw"", ""??????????"", ""dzamshedpur"", ""jmshydbwr"", ""cemsidpur"", ""jamasedapura"", ""gu mu xie de bu er"", ""???????????"", ""chamseth pu ra"", ""????????"", ""jarnshedpur"", ""cem?idpur"", ""jmshdpwr"", ""????? ???"", ""?am?edpur"", ""?????????"", ""jamcetpur"", ""?????"", ""???????"", ""jmshyd pwr"", ""gamsedpur""]",geolocations-indian-cities
city_1275248,Borivli,borivli,,19.23496,72.85976,609617,"[""borivali""]",geolocations-indian-cities
city_1273874,Cochin,cochin,,9.93988,76.26022,604696,"[""??????"", ""???"", ""malabar"", ""kochi"", ""ke zhi"", ""koci"", ""??"", ""cochim"", ""british cochin"", ""koczin"", ""kuchi bandar"", ""keacci"", ""kocci"", ""????"", ""kochin"", ""fort cochin"", ""coch\u00edn"", ""?????"", ""qwzy"", ""cok""]",geolocations-indian-cities
city_1278718,Amravati,amravati,,20.93333,77.75,603837,"[""amr?vati"", ""amraoti"", ""amaravati"", ""amraot?""]",geolocations-indian-cities
city_1257416,Sangli,sangli,,16.85438,74.56417,601214,"[""turmeric city"", ""sangla"", ""s?ngli""]",geolocations-indian-cities
city_1273780,Cuttack,cuttack,,20.46497,85.87927,580000,"[""katakam"", ""ke ta ke"", ""katakku"", ""??????"", ""kuttaka"", ""???????"", ""katk"", ""kattake"", ""???"", ""kattak"", ""????"", ""kataka"", ""?????"", ""kutakeu"", ""katak""]",geolocations-indian-cities
city_1275665,Bikaner,bikaner,,28.01762,73.31495,576015,"[""bikanera"", ""b?kaner"", ""b\u00eek\u00e2ner"", ""bkb"", ""b?k?ner"", ""???????""]",geolocations-indian-cities
city_1252948,Warangal,warangal,,18.0,79.58333,557802,"[""varankal"", ""varangal"", ""??????"", ""varangala-nagaram"", ""varangalas"", ""???"", ""wa lang jia er"", ""walang-gal"", ""wgc"", ""varangal jilla"", ""warangaru"", ""varangala"", ""raarangala"", ""orugallu"", ""warangala"", ""??????-?????"", ""wrnjl"", ""ekasila nagaram"", ""????????"", ""????"", ""warangl"", ""?????? ??????"", ""?????????"", ""?????"", ""???????""]",geolocations-indian-cities
city_1276032,Bhavnagar,bhavnagar,,21.76287,72.15331,554978,"[""??????"", ""bhavanagara"", ""bhunagar"", ""bavunagaru"", ""bhaunagar"", ""bkhavnagarom"", ""babeunagaleu"", ""???????????"", ""ba fu na jia er"", ""bhu"", ""b?awngr"", ""pavanakar"", ""bh?vnagar"", ""bharnagar"", ""bawngr"", ""baunagar"", ""bhav?nagar"", ""?????????"", ""?????"", ""???????""]",geolocations-indian-cities
city_1261977,Nanded,nanded,,19.16023,77.31497,550564,"[""?????"", ""nadera"", ""??????"", ""???"", ""nandair"", ""nandedeu"", ""nndyd"", ""n?nder"", ""nan theth"", ""nantet"", ""nandedo"", ""n?nded"", ""nan dai de"", ""nandeda"", ""????????"", ""nandyd"", ""nandd"", ""ndc"", ""nander"", ""nandera"", ""nantetu"", ""???????"", ""nan ded""]",geolocations-indian-cities
city_1258315,Raurkela,raurkela,,22.22496,84.86414,536450,"[""ravurkela"", ""??????"", ""ra'urakela"", ""rurkela"", ""??????????"", ""rourella"", ""rourkera"", ""raurkella"", ""rurakela"", ""roukela"", ""rrk"", ""lu ji la"", ""rxr ke la"", ""????????"", ""rourkela"", ""???"", ""???????"", ""rwrkla""]",geolocations-indian-cities
city_1270668,Guntur,guntur,,16.29974,80.45729,530577,"[""gunturu"", ""?????"", ""??????"", ""gn?wr"", ""jwntwr"", ""gntwr"", ""gwntwr"", ""ghntwr"", ""gunt?r"", ""guntura"", ""???????""]",geolocations-indian-cities
city_1273313,Dehra Dun,dehra dun,,30.32443,78.03392,522081,"[""dekhradune"", ""dehra"", ""?????????"", ""dehradun"", ""dehra d?n""]",geolocations-indian-cities
city_1276014,Bhayandar,bhayandar,,19.30157,72.85107,520301,"[""bhayundar"", ""bhayndar""]",geolocations-indian-cities
city_1272175,Durgapur,durgapur,,23.51583,87.30801,518872,"[""du?gapu? pascima banga?"", ""??????"", ""rdp"", ""turkapur"", ""???????"", ""??????????"", ""durgapura"", ""turkapur merku vankalam"", ""?????????"", ""?????????? ?????? ????????"", ""???????? ?????? ?????"", ""dwrgapwr"", ""drgapwr"", ""?????"", ""????????"", ""duleugapuleu"", ""du er jia bu er"", ""do~urugapuru""]",geolocations-indian-cities
city_1279159,Ajmer,ajmer,,26.4521,74.63867,517911,"[""ajmyr"", ""?????"", ""??????"", ""adzmer"", ""ajamira"", ""adzmera"", ""adzmeras"", ""ajmir"", ""ad\u009emera"", ""adzhmer"", ""adzsmir"", ""agmer"", ""a jie mei er"", ""a?mer"", ""\u00e1dzsm\u00edr"", ""ajumeru"", ""acmer"", ""ajimeleu"", ""????"", ""ajamera"", ""ad\u009emeras"", ""ad?mer"", ""ajmeri"", ""kqh"", ""???????"", ""ajmer city"", ""ad\u009em\u00e9r""]",geolocations-indian-cities
city_1253894,Ulhasnagar,ulhasnagar,,19.21667,73.15,516584,"[""awlasnagr"", ""wu er ha si ne ge er"", ""ulahasanagara"", ""??????"", ""ulasnagar"", ""ullasanagara"", ""uruhasunagaru"", ""??????????"", ""???????"", ""awlhsngr"", ""?????????"", ""????? ??? ?????"", ""ul'hasanagara"", ""al?asngr"", ""ulhaseunagaleu"", ""ulh?snagar"", ""ulkhasnagar"", ""????????""]",geolocations-indian-cities
city_1266285,Kolhapur,kolhapur,,16.69563,74.23167,516142,"[""klh"", ""kolh?pur""]",geolocations-indian-cities
city_1256525,Siliguri,siliguri,,26.71004,88.42851,515574,"[""silguri"", ""xi li gu li"", ""siligun"", ""?????????"", ""shiliguri"", ""????"", ""sil?gur\u00ed"", ""sil?guri"", ""????????""]",geolocations-indian-cities
city_1275610,Bilimora,bilimora,,20.76957,72.96134,510879,"[""mora"", ""bilimor""]",geolocations-indian-cities
city_1267696,Karol Bagh,karol bagh,,28.65136,77.19072,505241,"[""karol b?gh""]",geolocations-indian-cities
city_1278314,Asansol,asansol,,23.68333,86.98333,504271,"[""asanol"", ""??????"", ""?sansol"", ""asansoru"", ""asanasola"", ""?????"", ""???????""]",geolocations-indian-cities
city_1269317,Jamnagar,jamnagar,,22.47292,70.06673,492056,"[""nawanagar"", ""???????????"", ""jamnogar"", ""nowanuggur"", ""dzhamnagarom"", ""nowanagar"", ""jga"", ""j?mnagar"", ""navangar"", ""navanagar""]",geolocations-indian-cities
city_1257806,Saharanpur,saharanpur,,29.9679,77.54522,484873,"[""sah?ranpur""]",geolocations-indian-cities
city_1270752,Gulbarga,gulbarga,,17.33583,76.83757,483615,"[""??????"", ""gurubaruga"", ""gulbaleuga"", ""gulburga"", ""gbi"", ""kalaburgi"", ""gul'barga"", ""kalburgi"", ""kulparka"", ""????????"", ""klbrkt"", ""????"", ""gulabarga"", ""glbrgh"", ""gu er bo jia"", ""kalaburagi"", ""?????????"", ""kulbarga"", ""?????"", ""???????""]",geolocations-indian-cities
city_1276058,Bhatpara,bhatpara,,22.86643,88.40113,483129,"[""bh?tp?ra""]",geolocations-indian-cities
city_1269321,Jammu,jammu,,32.73569,74.86911,465567,"[""??????"", ""janmu"", ""???"", ""gamu"", ""d\u009eamu"", ""??"", ""dzamu"", ""cam'mu"", ""dzhamu"", ""gu mu mu"", ""jammu city"", ""dzhammu"", ""jamu"", ""dzammu"", ""jam'mu"", ""????"", ""?amu"", ""ixj"", ""d\u009eamm\u00fa"", ""?????""]",geolocations-indian-cities
city_1265491,Kurnool,kurnool,,15.82887,78.03602,460184,"[""kuranula"", ""??????"", ""kurnula"", ""???"", ""???????-?????"", ""kurmul"", ""krnwl"", ""kwrnwwl"", ""karnul"", ""karnulu-nagaram"", ""ka nu er"", ""karn?lu"", ""karnulu"", ""karanula"", ""karunuru"", ""kurnala"", ""kandenavolu"", ""?????"", ""???????""]",geolocations-indian-cities
city_1253914,Ujjain,ujjain,,23.18239,75.77643,457346,"[""??????"", ""udzajin"", ""???"", ""ajyn"", ""ujaini"", ""ujjeyan"", ""ud\u009ed\u009eain"", ""awjayyn"", ""ujjaina"", ""udzdzain"", ""awjyn"", ""????????"", ""ujain"", ""????"", ""ujjayini"", ""uddzsain"", ""awjayn"", ""ujaina"", ""uddzsa\u00edn"", ""?????????"", ""uddzhajn"", ""wu du yan na"", ""?????"", ""???????""]",geolocations-indian-cities
city_1258662,Ramgundam,ramgundam,,18.80084,79.45206,452261,"[""r?mgundam"", ""????????"", ""ramagundam""]",geolocations-indian-cities
city_1256409,Shyamnagar,shyamnagar,,22.83333,88.36667,441956,"[""syamnagar"", ""sy?mnagar"", ""shamnagore"", ""shamnagar""]",geolocations-indian-cities
city_1348818,Nangi,nangi,,22.50833,88.21528,440894,[],geolocations-indian-cities
city_1265873,Kozhikode,kozhikode,,11.24802,75.7804,439922,"[""??????"", ""kojhikora"", ""kealikkeat"", ""?????????? ?????"", ""kolikora"", ""kalikuto"", ""kolikod"", ""kalykwt"", ""kojikode"", ""kal'kutta"", ""??????????"", ""kozsikode"", ""kozs\u00edk\u00f3de"", ""kealikkeat jilla"", ""kalikotu"", ""ko\u009eikod?"", ""ke ze ke de"", ""kojikodeu"", ""calicut"", ""???????????"", ""kolikkotu"", ""kozhikod"", ""kolikkota"", ""kolikkot"", ""kho chi khod"", ""qwzyqwd"", ""????????"", ""kozhikkot"", ""????"", ""ccj"", ""calicutium"", ""city of spices"", ""kozikkot"", ""k\u00f3\u009eikk\u00f3t"", ""kozikode"", ""kajahikode"", ""karikatto"", ""???????"", ""kolikoda"", ""?????????"", ""kajhikada"", ""?????"", ""calecute"", ""kalicut""]",geolocations-indian-cities
city_1264115,Malegaon,malegaon,,20.54966,74.53462,435362,"[""m?legaon"", ""????????""]",geolocations-indian-cities
city_1273368,Davangere,davangere,,14.46693,75.92694,435128,"[""devangere"", ""davangeri"", ""davanagiri"", ""d?vangere""]",geolocations-indian-cities
city_1269407,Jalgaon,jalgaon,,21.00292,75.56602,429298,"[""??????"", ""jlgawn"", ""jalaganva"", ""???"", ""jalkav"", ""j?lgaon"", ""jalagamo"", ""dzhalgaon"", ""dzhalgaone"", ""jalgawn"", ""jalgaw"", ""jalagamva"", ""?algaon"", ""jia er gang"", ""galgaon"", ""???????"", ""dzalgaon"", ""?????????"", ""jalagava"", ""?????"", ""????????""]",geolocations-indian-cities
city_1279105,Akola,akola,,20.70957,76.9981,428857,"[""akwla"", ""akol\u00e1"", ""akd"", ""akolla"", ""a ke la"", ""???"", ""?????""]",geolocations-indian-cities
city_1276533,Belgaum,belgaum,,15.85212,74.50447,428720,"[""belagaavi"", ""blgaywm"", ""bylgwm"", ""??????"", ""bylgawm"", ""belaganva"", ""???"", ""belgaavi"", ""bei er gao mu"", ""belgam"", ""belagamva"", ""belag?vi"", ""belgaan"", ""berugaumu"", ""belagavi"", ""????????"", ""ixg"", ""????"", ""belaga'uma"", ""belagoavi"", ""belagam"", ""belgaumas"", ""blgam"", ""belgaon"", ""?????"", ""???????"", ""pelkam""]",geolocations-indian-cities
city_1271439,Gaya,gaya,,24.79686,85.00385,423692,"[""gay""]",geolocations-indian-cities
city_1253986,Udaipur,udaipur,,24.58584,73.71346,422784,"[""??????"", ""???"", ""??? ???"", ""udayapuram"", ""oodeypore"", ""udayapur"", ""udaipuru"", ""utayappur"", ""udr"", ""udaipura"", ""awdy pwr"", ""???? ???"", ""udaipuleu"", ""udajpur"", ""udayapura"", ""???????"", ""wu dai pu"", ""?????????"", ""ad? pwr"", ""?????"", ""????????""]",geolocations-indian-cities
city_1266122,Korba,korba,,22.3458,82.69633,419146,"[""????? ????"", ""?????"", ""koraba jila""]",geolocations-indian-cities
city_1275362,Bokaro,bokaro,,23.78707,85.95644,418533,"[""bok?ro"", ""bokaro steel city"", ""??????""]",geolocations-indian-cities
city_1263780,Mangalore,mangalore,,12.91723,74.85603,417387,"[""maingalura"", ""??????"", ""mangalor"", ""mangalooru"", ""mangaroru"", ""mankalur"", ""maikala"", ""??????????"", ""mengalora"", ""mangalora"", ""???????????"", ""tulu nadu"", ""ixe"", ""myangalora"", ""kudla"", ""mangal?ru"", ""mangal\u00faru"", ""manglapuram"", ""????????"", ""kodiyal"", ""mnglwr"", ""????"", ""kodial"", ""mangalur"", ""mangaloro"", ""mang-galloleu"", ""mangalura"", ""???????"", ""mangaluru"", ""?????????"", ""men ge luo er"", ""manglwr"", ""mang kha l xr"", ""manghlwr""]",geolocations-indian-cities
city_1269006,Jhansi,jhansi,,25.45887,78.57994,412927,"[""jh?nsi""]",geolocations-indian-cities
city_8629640,Thoothukudi,thoothukudi,,8.76735,78.13425,410760,"[""????????????"", ""tutukudi"", ""twtwkwdy"", ""tcr"", ""thoothukkudi"", ""tutikorina"", ""thothukkuri"", ""tuticorin"", ""tuttukkuti"", ""??????????"", ""???????????"", ""to~utto~ukkudi"", ""du di ge lin"", ""tutikorin"", ""????"", ""???????????? ???????"", ""?????????"", ""????????"", ""tuttukkuti turamukham""]",geolocations-indian-cities
city_1261529,Nellore,nellore,,14.44992,79.98697,404158,"[""nellaura"", ""nellare"", ""??????"", ""???"", ""nellur"", ""nylwry"", ""nylwr"", ""nelluru"", ""nellora"", ""nei luo er"", ""????????-?????"", ""nlwr"", ""nelluru-nagaram"", ""nelor"", ""sinhapuri"", ""neruru"", ""????"", ""???????"", ""?????"", ""????????""]",geolocations-indian-cities
city_1254348,Tiruppur,tiruppur,,11.11541,77.35456,397521,"[""tirupura"", ""tiruppura"", ""tirupp?r"", ""tyrwpwr"", ""di lu pu"", ""???????"", ""??????????"", ""tirupur"", ""?????????"", ""???"", ""tiruppuru"", ""????????""]",geolocations-indian-cities
city_1259091,Kollam,kollam,,8.88113,76.58469,394163,"[""kui long"", ""??????"", ""coilum"", ""korramu"", ""kullamalai"", ""kollama"", ""??"", ""kolam"", ""coul\u00e3o"", ""kol\u00b7lam"", ""????????"", ""quilon"", ""????"", ""coulao"", ""kolamo"", ""desinganadu"", ""keallam"", ""kvilon"", ""kwlam"", ""kwlm"", ""?????"", ""???????""]",geolocations-indian-cities
city_1260482,Panihati,panihati,,22.69089,88.37404,378705,"[""p?nih?ti""]",geolocations-indian-cities
city_1279228,Ahmadnagar,ahmadnagar,,19.09457,74.73843,367140,"[""ahmdnqr"", ""???? ???"", ""ahmd ngr"", ""ahmednagar"", ""ahmd nghr"", ""????????"", ""ahmd njr"", ""?????????"", ""ahamadanagara"", ""akamatnakar"", ""ahmdngr"", ""ahmadn\u00e2gar"", ""ahmdnajar"", ""???????"", ""ahamedanagara""]",geolocations-indian-cities
city_1272691,Dhulia,dhulia,,20.9013,74.77737,366980,"[""dwlh"", ""dkhule"", ""tu lai"", ""dh?lia"", ""dule"", ""??"", ""dhule"", ""????"", ""?????""]",geolocations-indian-cities
city_1276300,Bhagalpur,bhagalpur,,25.24446,86.97183,361548,"[""bh?galpur""]",geolocations-indian-cities
city_1259239,Punasa,punasa,,22.23507,76.39335,350000,[],geolocations-indian-cities
city_1262332,Muzaffarnagar,muzaffarnagar,,29.47091,77.70332,349706,"[""muzafarnagar"", ""????????????"", ""mujaphpharanagara"", ""???? ???"", ""mzfr ngr"", ""mzfrngr"", ""muzaffara nagara"", ""???????"", ""??????????"", ""????????"", ""?????????"", ""mujaphpharanagaram"", ""muzaffarunagaru"", ""mu zha fa er na jia er"", ""mujapharanagara"", ""mujhaphpharanagara"", ""?????????? ???""]",geolocations-indian-cities
city_1265014,Latur,latur,,18.39721,76.56784,348967,"[""rato~uru"", ""??????"", ""latr"", ""latwr"", ""ltu"", ""???"", ""????"", ""latura"", ""?????"", ""la du er""]",geolocations-indian-cities
city_1265767,Kukatpalli,kukatpalli,,17.48486,78.41376,341709,"[""k?katpalli"", ""kukatpally""]",geolocations-indian-cities
city_1278840,Ambattur,ambattur,,13.09818,80.16152,341049,"[""ambatt?r""]",geolocations-indian-cities
city_1276509,Bellary,bellary,,15.14205,76.92398,336681,"[""bep"", ""??????"", ""bei la li"", ""ball?ri"", ""ballari"", ""bellari"", ""pellari"", ""blary"", ""bell?ri"", ""belari"", ""bllary"", ""????????"", ""???"", ""bylary"", ""?????"", ""???????"", ""belaris""]",geolocations-indian-cities
city_1262330,Muzaffarpur,muzaffarpur,,26.12259,85.39055,333200,"[""mzu"", ""tirhoot""]",geolocations-indian-cities
city_1268257,Kamarhati,kamarhati,,22.67111,88.37472,332965,"[""k?m?rh?ti"", ""kamarhatty""]",geolocations-indian-cities
city_1263364,Mathura,mathura,,27.5035,77.67215,330511,"[""ma tu la"", ""muttra"", ""madhura"", ""??????"", ""matwra"", ""matula"", ""matkhura"", ""????????"", ""???"", ""matura"", ""????"", ""mandura"", ""?????"", ""???????"", ""mato~ura""]",geolocations-indian-cities
city_1260107,Patiala,patiala,,30.33625,76.3922,329224,"[""pat'jala"", ""???????"", ""pati?la""]",geolocations-indian-cities
city_1274693,Chanda,chanda,,19.95076,79.29523,328351,"[""qian de la pu er"", ""???????????"", ""chndrpwr"", ""candrapura"", ""ch?nda"", ""???????"", ""???????? ??????"", ""chandrapwr"", ""candrapuram"", ""?????????"", ""?andrapur"", ""candrapura jille"", ""?????"", ""????????"", ""chandrapur"", ""chndrapwr"", ""candrapur""]",geolocations-indian-cities
city_1275960,Bhilwara,bhilwara,,25.34707,74.64081,326431,"[""bh?lw?ra""]",geolocations-indian-cities
city_1254187,Thrissur,thrissur,,10.51667,76.21667,325110,"[""trssu?"", ""tiruccur"", ""trichura"", ""??????????"", ""trichur"", ""???????""]",geolocations-indian-cities
city_1275198,Brahmapur,brahmapur,,19.31151,84.7929,324726,"[""bramapur"", ""??????"", ""brahmapuramu"", ""ganjam"", ""???????"", ""brahmapuram"", ""berhampore"", ""brhmapwr"", ""bu la he ma pu er"", ""?????????"", ""barampuram"", ""????????? ?????"", ""??????????"", ""berkhampur"", ""brahmapuras"", ""berhampur"", ""????????"", ""brahmapura""]",geolocations-indian-cities
city_1256728,Shahjanpur,shahjanpur,,27.88165,79.90918,320434,"[""shahjahanpur"", ""sh?hjah?npur"", ""sh?hj?npur""]",geolocations-indian-cities
city_1256515,Shimoga,shimoga,,13.93157,75.56791,319550,"[""shivamoggi"", ""simeaga"", ""cimakka"", ""simoga"", ""shywamwga"", ""sivamogga"", ""xi mo jia"", ""shimogga"", ""??????"", ""???????"", ""???"", ""shymwga"", ""shivamogga"", ""?????"", ""????????""]",geolocations-indian-cities
city_1261481,New Delhi,new delhi,,28.63576,77.22445,317797,"[""nova-delhi"", ""??????"", ""?? ?????"", ""??? ?????"", ""neo delchi"", ""nova deli"", ""nyuderi"", ""???"", ""n\u00f2va delhi"", ""naya dilli"", ""nova deli - ?? ??????"", ""nove dilli"", ""dilli"", ""nov\u00e9 dill\u00ed"", ""neu-delhi"", ""nova delhi"", ""nueva delhi"", ""putu tilli"", ""yeni delhi"", ""nuova delhi"", ""n\u00fdja del\u00ed"", ""???? ??????"", ""?????????????"", ""na'i dilli"", ""niu-deli"", ""?? ??????"", ""nyw dlhy"", ""???? ???????"", ""n'ju-deli"", ""xin de li"", ""nev deli"", ""nyudelli"", ""dill\u00ed"", ""nju delkhi"", ""??? ????"", ""nova deli - na'i dilli"", ""dellium novum"", ""nyu deli"", ""???-????"", ""???? ????"", ""nueba deli"", ""new dilli"", ""niwde li"", ""nyja deli"", ""?? ??"", ""nov-delhio"", ""dlhy aljdydt"", ""???????"", ""nywdlhy""]",geolocations-indian-cities
city_1258076,Rohtak,rohtak,,28.89447,76.58917,317245,"[""??????"", ""rwtk"", ""luo he ta ke"", ""rohataka"", ""rwhtak"", ""????"", ""?????"", ""rokhtak""]",geolocations-indian-cities
city_1254089,Tumkur,tumkur,,13.34136,77.1022,307359,"[""tumakooru"", ""tumakuru"", ""tumk?r"", ""tumak?ru"", ""???????""]",geolocations-indian-cities
city_1271885,Firozabad,firozabad,,27.15092,78.39781,306409,"[""f?roz?b?d""]",geolocations-indian-cities
city_1261258,Nizamabad,nizamabad,,18.67154,78.0988,305438,"[""nijamabad"", ""??????????"", ""niz?m?b?d""]",geolocations-indian-cities
city_1265711,Kulti,kulti,,23.73166,86.84372,305405,"[""?????""]",geolocations-indian-cities
city_1258932,Rajahmundry,rajahmundry,,17.00517,81.77784,304804,"[""???????????"", ""rajamandri"", ""radzhamandri"", ""r?jamahendravaram"", ""rajamahendri"", ""?????????"", ""rajamahendravaram"", ""rajahmondry"", ""rja"", ""r?jahmundry""]",geolocations-indian-cities
city_1277029,Barddhaman,barddhaman,,23.25572,87.85691,301725,"[""burdw?n"", ""bardhamana"", ""bardham?n"", ""bardhaman"", ""burdwan"", ""barddham?n"", ""bordhoman"", ""???????""]",geolocations-indian-cities
city_1277065,Barasat,barasat,,22.72154,88.48198,298127,"[""b?r?sat""]",geolocations-indian-cities
city_12165955,Mulugu,mulugu,,18.191,79.943,297671,[],geolocations-indian-cities
city_1277539,Bali,bali,,22.64859,88.34115,296973,"[""????"", ""b?li"", ""bally""]",geolocations-indian-cities
city_1270022,Hisar,hisar,,29.15394,75.72294,296436,"[""hsar"", ""hissar"", ""hss"", ""hisara"", ""xi sa er"", ""his?r"", ""khisar"", ""hiss?r"", ""???"", ""????"", ""?????""]",geolocations-indian-cities
city_1258599,Rampur,rampur,,28.81014,79.02699,296418,"[""r?mpur""]",geolocations-indian-cities
city_7279746,Noida,noida,,28.58,77.33,293908,"[""nuo yi da"", ""no'ida"", ""naveen"", ""new okhla industrial development authority"", ""nojda"", ""no'eda"", ""??????"", ""noyida"", ""noyada"", ""neayda"", ""???"", ""no'era"", ""?????"", ""noyta"", ""nwyda""]",geolocations-indian-cities
city_6954929,Greater Noida,greater noida,,28.49615,77.53601,293908,"[""noyta perunakar"", ""?????? ?????"", ""velika nojda"", ""didzioji noida"", ""?????? ????????"", ""did\u009eioji noida"", ""gretara no'eda"", ""????? ??????""]",geolocations-indian-cities
city_1268561,Kakinada,kakinada,,16.96036,82.23809,292923,"[""godavari"", ""cocanada"", ""???????"", ""coconada"", ""????????"", ""k?kin?da"", ""east godavari""]",geolocations-indian-cities
city_1260476,Panipat,panipat,,29.38747,76.96825,292808,"[""????????"", ""p?n?pat"", ""panipata""]",geolocations-indian-cities
city_1260341,Parbhani,parbhani,,19.26855,76.77081,289629,"[""parabhani"", ""parbani"", ""pa er ba ni"", ""??????"", ""????????"", ""parbkhani"", ""prbany"", ""????"", ""parbaini"", ""?????"", ""???????""]",geolocations-indian-cities
city_1273491,Darbhanga,darbhanga,,26.15216,85.89707,287150,"[""darabhaga"", ""darbanga"", ""??????"", ""drbnga"", ""???????"", ""?????????"", ""darabhanga"", ""da er bang ge a"", ""darbhanja"", ""?????"", ""????????"", ""darbkhanga""]",geolocations-indian-cities
city_1278946,Alwar,alwar,,27.56246,76.625,283228,"[""\u00e1lvaro"", ""??????"", ""alavara"", ""alwar city"", ""alvara"", ""alvaras"", ""a er wa er"", ""alvari"", ""district d'alwar"", ""ala'oyara"", ""alaraara"", ""alawara"", ""????"", ""?????"", ""???????"", ""alvar"", ""alvaro"", ""aruwaru""]",geolocations-indian-cities
city_1275637,Bilaspur,bilaspur,,22.08005,82.15543,282705,"[""?????????"", ""pab"", ""bilaspura"", ""bil?spur""]",geolocations-indian-cities
city_1269834,Ichalkaranji,ichalkaranji,,16.69117,74.46054,274383,"[""icalakaranji"", ""yi qie er ge lun ji"", ""???????????"", ""????????????"", ""aychlkyrnjy"", ""??????"", ""aychl krnjy"", ""??????????"", ""aychalkaranjy"", ""???? ?????"", ""icalkarandzi"", ""?????????"", ""icalkaranji"", ""????????"", ""icalakaranaji""]",geolocations-indian-cities
city_1275701,Bijapur,bijapur,,16.82442,75.71537,271064,"[""bij?pur"", ""??????"", ""b\u00eddzs\u00e1pur"", ""vijapura"", ""bijapuleu"", ""vijayapura"", ""bi gu bu er"", ""bidzhapur"", ""b\u00eej\u00e2pur"", ""byjapwr"", ""??????????"", ""bi jia bu er"", ""bijapura"", ""bijapuru"", ""bidzapuras"", ""bid?apur"", ""????"", ""visiapur"", ""bid\u009eapuras"", ""bidzapur"", ""districte de bijapur"", ""???????"", ""bidzsapur"", ""?????????"", ""bijapuram"", ""pijappur"", ""????????"", ""vijayapur""]",geolocations-indian-cities
city_1279186,Aizawl,aizawl,,23.72894,92.71791,265331,"[""a'ijola"", ""?????"", ""??????"", ""aycal"", ""aijal"", ""aijola"", ""???"", ""ayzal"", ""??zawl"", ""ajl"", ""ai jal"", ""aizal"", ""aizol"", ""a'izola"", ""aizauru"", ""aizavlis"", ""aizwal"", ""aidzhal"", ""ayzwal"", ""aijhola"", ""ajzol"", ""????????"", ""aijhavala"", ""????"", ""ayyzwl"", ""aijavla"", ""ai zao er"", ""a'ijala"", ""aijali"", ""???????"", ""aijaul""]",geolocations-indian-cities
city_1269395,Jalna,jalna,,19.84102,75.88636,262034,"[""jaln?"", ""jlna"", ""????"", ""j?lna"", ""?????""]",geolocations-indian-cities
city_7302826,Lal Bahadur Nagar,lal bahadur nagar,,17.34769,78.55757,261987,"[""l.b.nagar"", ""lalbahadur nagar""]",geolocations-indian-cities
city_1273066,Dewas,dewas,,22.96585,76.05526,261218,"[""dwas"", ""?????"", ""dewasu"", ""de'oyasa"", ""deraasa"", ""dew?s"", ""devasa"", ""???"", ""????"", ""dywas"", ""devas"", ""de wa si"", ""???????""]",geolocations-indian-cities
city_1277082,Baranagar,baranagar,,22.64132,88.37727,260072,"[""baranagaras"", ""baranagara"", ""???????"", ""ba la na jia er"", ""?????????"", ""baranagore"", ""barangr"", ""?????"", ""barahanagara""]",geolocations-indian-cities
city_7302833,Gajuwaka,gajuwaka,,17.7,83.21667,258944,"[""gajuvaka"", ""???????""]",geolocations-indian-cities
city_1257022,Satna,satna,,24.57726,80.82719,257778,"[""tni""]",geolocations-indian-cities
city_1271987,Etawah,etawah,,26.77615,79.02133,257448,"[""et?wah""]",geolocations-indian-cities
city_1272181,Durg,durg,,21.19147,81.27619,255283,"[""?????"", ""dwrg"", ""dwrj"", ""du er ge"", ""???"", ""????"", ""drg"", ""durga"", ""drug""]",geolocations-indian-cities
city_1262131,Naihati,naihati,,22.89396,88.41521,253221,"[""naih?ti""]",geolocations-indian-cities
city_1254360,Tirupati,tirupati,,13.63551,79.41989,250821,"[""tir"", ""trwpty"", ""tyrwpty"", ""??????"", ""tiruppati"", ""tirupatih"", ""???????"", ""tirumalai"", ""tyrwpaty"", ""?????????"", ""????"", ""tirumala"", ""tirumala - tirupati"", ""????????"", ""di lu pa di""]",geolocations-indian-cities
city_1255744,Sonipat,sonipat,,28.99478,77.01937,250521,"[""son?pat"", ""sonepat punjab"", ""sonepat""]",geolocations-indian-cities
city_1278130,Avadi,avadi,,13.1147,80.10981,250044,"[""?vadi"", ""?????""]",geolocations-indian-cities
city_1254320,Tiruvottiyur,tiruvottiyur,,13.15823,80.30181,248059,"[""tiruvottiy?r"", ""tiruvattiy?r"", ""tiruvattiyur""]",geolocations-indian-cities
city_1257845,Saugor,saugor,,23.83877,78.73874,247333,"[""s?gar"", ""?????"", ""sagar""]",geolocations-indian-cities
city_1263311,Mau,mau,,25.94167,83.56111,246050,"[""?????"", ""mao na te ban zhan"", ""maun?th bhanjan"", ""mau nath bhanjan"", ""myw"", ""??? ???? ?????"", ""??"", ""mavu"", ""maw"", ""ma'unatha bhanjana"", ""???"", ""ma'u"", ""????? ????"", ""mau nathbhanjan"", ""maunath bhanjan""]",geolocations-indian-cities
city_1275716,Bihar Sharif,bihar sharif,,25.20084,85.52389,244230,"[""bih?r"", ""behar"", ""bih?r shar?f"", ""bihar""]",geolocations-indian-cities
city_1270393,Hapur,hapur,,28.72985,77.78068,242920,"[""h?pur""]",geolocations-indian-cities
city_1276070,Bathinda,bathinda,,30.20747,74.93893,242800,"[""batynda"", ""??????"", ""bathida"", ""bkhatinda"", ""bup"", ""bhatinda"", ""???????"", ""pattinta"", ""?????????"", ""???"", ""ba ting da"", ""????????""]",geolocations-indian-cities
city_1271942,Farrukhabad,farrukhabad,,27.39134,79.5793,241152,"[""farrukh?b?d""]",geolocations-indian-cities
city_1278672,Anantapur,anantapur,,14.67784,77.60813,240442,"[""??????"", ""???? ???"", ""anantapuram"", ""anantapwr"", ""anantapuramu"", ""annt pwr"", ""??????????"", ""???????? ?????? ?????"", ""?????????"", ""????????"", ""a na en ta pu er"", ""anantapour"", ""???????"", ""anantapure"", ""anantapura""]",geolocations-indian-cities
city_1258342,Ratlam,ratlam,,23.33033,75.04032,236843,"[""hatlam"", ""ratl?m""]",geolocations-indian-cities
city_8347656,Ramagundam,ramagundam,,18.755,79.474,235000,"[""la ma gu en da mu"", ""ramagwndam"", ""??????"", ""???????"", ""??????????"", ""ramagundam mandala"", ""????????"", ""ramagndm"", ""?????????"", ""rmd"", ""???????? ?????"", ""ramagundama"", ""ramakuntam""]",geolocations-indian-cities
city_1271685,Ganganagar,ganganagar,,29.92009,73.87496,231838,"[""sri ganganagar"", ""sri gang?nagar"", ""gang?nagar"", ""sriganga najar""]",geolocations-indian-cities
city_1276128,Bharatpur,bharatpur,,27.21731,77.49009,229384,"[""??????"", ""bharatapura"", ""???????"", ""baratopuru"", ""?????????"", ""batarpur"", ""?????"", ""????????"", ""po lei de bu er"", ""bharatapuram"", ""bkharatpur""]",geolocations-indian-cities
city_1267755,Karimnagar,karimnagar,,18.43915,79.12856,228745,"[""kar?mnagar"", ""karinnagar"", ""????????""]",geolocations-indian-cities
city_1259425,Puducherry,puducherry,,11.93381,79.82979,227411,"[""????????????"", ""pondich\u00e9ri"", ""pondicero"", ""?????"", ""panticceri"", ""pandiceri"", ""puduchcheri"", ""territoire de pondich\u00e9ry"", ""pondisheri"", ""??????????"", ""puduvai"", ""pondy"", ""pondichery"", ""pondiseri"", ""ben de zhi li"", ""????"", ""poudhucherry"", ""pondich\u00e9ry"", ""puducherri"", ""ponducherry"", ""pondicheri"", ""pondicherri"", ""territoire de pondichery"", ""pondicherry"", ""?????????"", ""pondiceri"", ""pondi?ero"", ""pny"", ""???????"", ""ben de zhi li shi""]",geolocations-indian-cities
city_1256422,Shrirampur,shrirampur,,22.75278,88.34222,226317,"[""shr?r?mpur"", ""serampur"", ""serampore""]",geolocations-indian-cities
city_1259012,Raichur,raichur,,16.20546,77.35567,225962,"[""??????"", ""r?ich?r"", ""rajchur""]",geolocations-indian-cities
city_7302845,Quthbullapur,quthbullapur,,17.50107,78.45818,225816,"[""qutubullapur""]",geolocations-indian-cities
city_1267708,Karnal,karnal,,29.69197,76.98448,225049,"[""karn?l"", ""??????""]",geolocations-indian-cities
city_1278483,Arrah,arrah,,25.55629,84.66335,223676,"[""araraha"", ""ara"", ""???????"", ""a la"", ""shahabad"", ""??"", ""???"", ""????"", ""?????"", ""arrakh""]",geolocations-indian-cities
city_1269771,Imphal,imphal,,24.80805,93.9442,223523,"[""??????"", ""impkhal"", ""imf"", ""inparu"", ""imph?l"", ""impal"", ""?????"", ""???????"", ""imphala""]",geolocations-indian-cities
city_1270896,Gosaba,gosaba,,22.16547,88.8007,222764,"[""gosaha"", ""gos?ba""]",geolocations-indian-cities
city_1262995,Mirzapur,mirzapur,,25.1449,82.56534,220029,"[""mirzapur-cum-vindhyachal"", ""????????"", ""mirzarpur"", ""mirz?pur""]",geolocations-indian-cities
city_1266976,Kharagpur,kharagpur,,22.33971,87.32501,219665,"[""karakpur"", ""?????"", ""khargpur"", ""khargapura"", ""kharagapura"", ""??????"", ""???????"", ""khragpwr"", ""????????"", ""ke lei ge bu er""]",geolocations-indian-cities
city_1272979,Dhanbad,dhanbad,,23.79759,86.42992,219636,"[""danbado"", ""?????"", ""??????"", ""dbd"", ""dhanbaid"", ""dan abad"", ""dhanabada"", ""d?nbad"", ""dhanabad"", ""??? ????"", ""dkhanbad"", ""dnbad"", ""???????"", ""dhanb?d"", ""danbad""]",geolocations-indian-cities
city_1254649,Tanjore,tanjore,,10.78523,79.13909,219571,"[""tanjor"", ""tanjavura"", ""tancavur"", ""tanjav\u00fbr"", ""thanjavur"", ""tancavu?"", ""tanjavuru"", ""tanjavur"", ""thanj?v?r"", ""??????????"", ""?????????"", ""????????"", ""tanj?v?r"", ""tjv"", ""???????"", ""tkhandzhavur""]",geolocations-indian-cities
city_1278903,Amarnath,amarnath,,19.2,73.16667,217780,"[""amarn?th"", ""ambarnath"", ""amarnatkh"", ""????????""]",geolocations-indian-cities
city_1262204,Nagercoil,nagercoil,,8.17899,77.43227,213858,"[""???????????"", ""nagarkovil"", ""nakarkovil"", ""nagarkoil"", ""n?gercoil""]",geolocations-indian-cities
city_1260716,Pali,pali,,25.77276,73.32335,210103,"[""????"", ""pali-marwar"", ""p?li""]",geolocations-indian-cities
city_1252797,Yamunanagar,yamunanagar,,30.12796,77.28371,208931,"[""jamna nagar"", ""abdullahpur"", ""abdull?hpur"", ""abdullapur"", ""yamun?nagar"", ""yamuna nagar""]",geolocations-indian-cities
city_1258182,Rewa,rewa,,24.53256,81.29234,208461,"[""rewah"", ""???? ???"", ""rew"", ""riwa"", ""rywa"", ""lei wa"", ""??"", ""reva"", ""????"", ""riva"", ""reva sahara""]",geolocations-indian-cities
city_1256922,Secunderabad,secunderabad,,17.50427,78.54263,204182,"[""????????????"", ""cikkantarapat"", ""sai kang de la ba de"", ""??????"", ""sikandarabada"", ""??????????"", ""sekundelabadeu"", ""sikindrabad"", ""sekundarabada"", ""shikandarabado"", ""??????????????"", ""???????????????"", ""?????????"", ""sekunderabad"", ""????? ????"", ""sekkandrabad"", ""skndr abad"", ""?????????????""]",geolocations-indian-cities
city_1275738,Bidar,bidar,,17.90802,77.51524,204071,"[""bidara"", ""bidaru"", ""ixx"", ""bydr"", ""bi de er"", ""???"", ""????"", ""b?dar"", ""?????""]",geolocations-indian-cities
city_1279290,Agartala,agartala,,23.83605,91.27939,203264,"[""agratala"", ""akartala"", ""aqartala"", ""??????"", ""???????"", ""agaleutalla"", ""agaratala"", ""ankartala"", ""?????????"", ""agrtla"", ""ixa"", ""a jia er ta la"", ""agarutara"", ""?????"", ""????????"", ""ajarthala""]",geolocations-indian-cities
city_1262482,Monghyr,monghyr,,25.37459,86.47455,203163,"[""??????"", ""manger"", ""munger""]",geolocations-indian-cities
city_1275068,Burhanpur,burhanpur,,21.30868,76.23026,202695,"[""burh?npur""]",geolocations-indian-cities
city_1262292,Nadiad,nadiad,,22.69385,72.86157,202067,"[""hadiad"", ""naidad"", ""nadi?d""]",geolocations-indian-cities
city_1274353,Chapra,chapra,,25.78031,84.74709,201597,"[""capra"", ""chupra"", ""chhapra"", ""chapara"", ""??????"", ""qia pu la"", ""ch?pra"", ""chkhapra"", ""???"", ""????"", ""?????"", ""capara""]",geolocations-indian-cities
city_1272543,Dindigul,dindigul,,10.36896,77.98036,200797,"[""ding di gu er"", ""???????????"", ""dundigal"", ""dindukkal"", ""dindigula"", ""tindo~ukkaru"", ""??????????"", ""dhundgal"", ""?????????"", ""???"", ""????"", ""tindo~ukkaru xian"", ""????????"", ""tintukkal"", ""dindukkala"", ""dyndygwl""]",geolocations-indian-cities
city_6690108,Panchkula,panchkula,,30.69461,76.8504,200000,"[""panchkula urban estate"", ""??????"", ""pancakula upa sahara"", ""???????"", ""???????? ?? ???"", ""?????????"", ""pusat bandar panchkula"", ""bantshkwla"", ""????????"", ""pancakula""]",geolocations-indian-cities
city_1256320,Sikar,sikar,,27.61206,75.13996,199932,"[""s?kar""]",geolocations-indian-cities
city_1275120,Bulandshahr,bulandshahr,,28.40392,77.85773,198612,"[""???????????"", ""bulandasahara"", ""???? ???"", ""bulandshakhr"", ""bulandshakhre"", ""pulantacakar"", ""??????????"", ""bulandshar"", ""buelendsehr"", ""?????????"", ""b\u00fclend?ehr"", ""bu lan de si ha he er"", ""???????"", ""blndshhr""]",geolocations-indian-cities
city_1259166,Purnia,purnia,,25.77895,87.47422,198453,"[""pwrnya"", ""puraniya"", ""purnija"", ""??????"", ""???????"", ""????????"", ""?????????"", ""bwrnya"", ""????"", ""purniya"", ""p?rnia"", ""purni'a"", ""pu er ni ya""]",geolocations-indian-cities
city_1269935,Hospet,hospet,,15.26954,76.3871,197846,"[""??????"", ""???????"", ""khospet"", ""????????"", ""hosapete"", ""hospeta"", ""hospete"", ""????"", ""hosapeta"", ""hoszpet"", ""?????"", ""hwspt"", ""huo si pei te""]",geolocations-indian-cities
city_1270642,Gurgaon,gurgaon,,28.4601,77.02635,197340,"[""??????"", ""gwrgaw"", ""gurg\u00e1on"", ""kurkan"", ""???"", ""gu er gang"", ""guragamo"", ""gudaganva"", ""gwrgan"", ""guragavam"", ""guleugaon"", ""khur khean"", ""????"", ""gurugaon"", ""guraganv"", ""guraga'om"", ""guraganva"", ""???????"", ""?????????"", ""jwrjawn"", ""????????""]",geolocations-indian-cities
city_1257540,Sambhal,sambhal,,28.58498,78.56959,196109,"[""??????"", ""sambhala"", ""sambal"", ""????"", ""?????"", ""???????""]",geolocations-indian-cities
city_1271715,Gandhinagar,gandhinagar,,23.21667,72.68333,195985,"[""gandhinagara"", ""???????????"", ""ganjinagaru"", ""gandinagar"", ""gandhinagaram"", ""kantinakar"", ""??????"", ""g?ndh?nagar"", ""??????????"", ""gandinagaru"", ""?????????"", ""ghandinagar"", ""ghandhinagar"", ""????????""]",geolocations-indian-cities
city_1262395,Murwara,murwara,,23.83776,80.39405,195856,"[""katni"", ""murw?ra""]",geolocations-indian-cities
city_1261913,Nangloi Jat,nangloi jat,,28.67957,77.06799,194363,"[""nangloi"", ""n?ngloi j?t""]",geolocations-indian-cities
city_1264637,Machilipatnam,machilipatnam,,16.18747,81.13888,192827,"[""masulipatam"", ""masulipatnam"", ""macilipatnam"", ""masulipatao"", ""bandar"", ""??????????"", ""kistna"", ""masulipat\u00e3o"", ""machil?patnam"", ""krishna""]",geolocations-indian-cities
city_1267480,Katihar,katihar,,25.53852,87.57044,192555,"[""hafiz saifganj"", ""katih?r""]",geolocations-indian-cities
city_1275899,Bhiwani,bhiwani,,28.79304,76.13968,190855,"[""bhiw?ni""]",geolocations-indian-cities
city_9781227,Kultali,kultali,,21.9,88.4,187942,[],geolocations-indian-cities
city_1259064,Raebareli,raebareli,,26.2309,81.23315,186433,"[""r?e bareli"", ""rae bareli""]",geolocations-indian-cities
city_1270351,Haridwar,haridwar,,29.94791,78.16025,186079,"[""??????"", ""haridv\u00e1r"", ""haradvara"", ""hardwar"", ""hardw?r"", ""khardvar"", ""haridw?r"", ""??????????"", ""haridvar"", ""haridowaru"", ""???????????"", ""haridu'ara"", ""haridvaram"", ""????????"", ""he er de wa er"", ""haridvara"", ""kharidvar"", ""?????????"", ""haraduraara"", ""arittuvar"", ""?????"", ""???????""]",geolocations-indian-cities
city_7279754,Singrauli,singrauli,,24.19973,82.67535,185580,"[""syngrawly"", ""singara'uli"", ""??????????"", ""????????"", ""?????????"", ""xin ge lao li"", ""sngrawly"", ""????"", ""sinra'uli"", ""singarauli""]",geolocations-indian-cities
city_1268773,Junagadh,junagadh,,21.51966,70.45981,184447,"[""j?n?gadh"", ""junagad"", ""junaghur"", ""junagarh""]",geolocations-indian-cities
city_1255560,Sujangarh,sujangarh,,27.7,74.46667,183808,"[""s?j?ngarh""]",geolocations-indian-cities
city_1272051,Ellore,ellore,,16.71311,81.10437,183387,"[""eluru"", ""west god?vari"", ""west godavari"", ""el?ru""]",geolocations-indian-cities
city_1275778,Bhusaval,bhusaval,,21.04365,75.78506,183001,"[""bhusawal"", ""bhus?val"", ""bhus?wal""]",geolocations-indian-cities
city_1267031,Khandwa,khandwa,,21.82427,76.35086,182841,"[""khandva"", ""??????"", ""???????"", ""kan de wa"", ""??????????"", ""????????"", ""khandoraa"", ""???"", ""khandava"", ""kandva"", ""?????"", ""khando'oya""]",geolocations-indian-cities
city_1277799,Bahraigh,bahraigh,,27.57429,81.59474,182218,"[""bahraich""]",geolocations-indian-cities
city_1256052,Sirsa,sirsa,,29.53489,75.02898,181639,"[""??????"", ""xi er sa"", ""???"", ""??? ????"", ""syrsa"", ""?????"", ""sirasa""]",geolocations-indian-cities
city_1274784,Chandannagar,chandannagar,,22.86225,88.36796,180623,"[""???????????"", ""jin de ne ge er"", ""??????"", ""chandernagore"", ""cantannakar"", ""chandanagaleu"", ""candanagaro"", ""chandernagor"", ""chandanagari"", ""chndngr"", ""?andanagaro"", ""????????"", ""??????????"", ""chandan nagar"", ""?????"", ""shanderunagoru"", ""candananagara""]",geolocations-indian-cities
city_1277820,Baharampur,baharampur,,24.10473,88.25155,180547,"[""baharamapura"", ""ba ha la mu pu er"", ""??????"", ""????? ???"", ""bahr?mpur"", ""berhampore"", ""??????????"", ""????????"", ""bahrampur"", ""bakharampur"", ""?????????"", ""???????""]",geolocations-indian-cities
city_1255349,Surendranagar,surendranagar,,22.72706,71.64856,179628,"[""wadhwan city"", ""wadhwan camp"", ""civil station"", ""wadhw?n civil station"", ""wadhw?n"", ""wadhwan"", ""wadhwan civil station""]",geolocations-indian-cities
city_1253084,Vizianagaram,vizianagaram,,18.11692,83.41148,179358,"[""fyzynjarm"", ""????????????"", ""??????"", ""vijayanagaram"", ""vijayanagara"", ""vizianagram city"", ""vijayanagarama"", ""bijiyanagarama"", ""bijianagalam"", ""vu~ijayanagaramu"", ""wjayangrm"", ""?????????????"", ""???????????"", ""viguyanagram"", ""bijayanagarama"", ""vizijanagaram"", ""vizianagram"", ""wei ji ya ne ge lei mu"", ""vijayanakaram"", ""???????"", ""?????????"", ""vizianagarm"", ""????????""]",geolocations-indian-cities
city_1259312,Proddatur,proddatur,,14.7502,78.54813,177797,"[""????????????"", ""prodduturu"", ""proddat?r""]",geolocations-indian-cities
city_1253286,Vellore,vellore,,12.9184,79.13255,177081,"[""belloleu"", ""vu~eruru"", ""veluru"", ""bellore"", ""vellura"", ""velur"", ""??????"", ""velluru"", ""vellor"", ""????????"", ""velura"", ""vellora"", ""???"", ""bhellora"", ""wei luo er"", ""?????"", ""???????"", ""wylwr""]",geolocations-indian-cities
city_1269910,Hugli,hugli,,22.90877,88.39674,177005,"[""?????"", ""hooghly-chinsurah"", ""khugli"", ""hooghly"", ""hooghly-chinsura""]",geolocations-indian-cities
city_1278985,Alappuzha,alappuzha,,9.49004,76.3264,176783,"[""alapulai"", ""alappula"", ""allapuza"", ""aleppi"", ""aulapolai"", ""???????"", ""alleppey"", ""????????"", ""alapolai"", ""alleppi"", ""alapalli""]",geolocations-indian-cities
city_1278708,Amroha,amroha,,28.90314,78.46984,176253,[],geolocations-indian-cities
city_1255062,Tambaram,tambaram,,12.9246,80.12707,174787,"[""?????"", ""??????"", ""tamparam"", ""?????????"", ""ta mu ba la mu"", ""????????"", ""tambarama""]",geolocations-indian-cities
city_1260137,Pathankot,pathankot,,32.27484,75.65287,174306,"[""patkhankot"", ""rathankot"", ""ixp"", ""pathanakota"", ""????? ???"", ""????????"", ""?????????"", ""????"", ""path?nkot"", ""???????"", ""pa tan ke te""]",geolocations-indian-cities
city_1275926,Bhind,bhind,,26.56671,78.78728,174035,[],geolocations-indian-cities
city_1256237,Shimla,shimla,,31.10442,77.16662,173503,"[""siml\u00e1"", ""shimura"", ""??????"", ""simla"", ""cimla"", ""\u008aimla"", ""simala"", ""sinla"", ""?imla"", ""??"", ""symlh"", ""???"", ""????"", ""xi mu la"", ""shymla"", ""?????"", ""slv""]",geolocations-indian-cities
city_1261045,Ongole,ongole,,15.50357,80.04454,172872,"[""onkol"", ""?????"", ""??????"", ""ongol-nagaram"", ""awngl"", ""awngwl"", ""anagole"", ""ongola"", ""ongolu"", ""???????-?????"", ""???"", ""weng guo er"", ""???????""]",geolocations-indian-cities
city_8740017,Gadag-Betageri,gadag-betageri,,15.4167,75.6167,172813,[],geolocations-indian-cities
city_1261653,Navsari,navsari,,20.94237,72.92467,171109,"[""nausari"", ""nosari"", ""navasari"", ""navs?ri""]",geolocations-indian-cities
city_1259184,Puri,puri,,19.79825,85.82494,170841,"[""jagannath"", ""pwry"", ""jagannathpur"", ""jagann?th"", ""???"", ""????"", ""pur\u00ee"", ""puri district""]",geolocations-indian-cities
city_1344377,Haldia,haldia,,22.06046,88.10975,170695,[],geolocations-indian-cities
city_1267076,Khammam,khammam,,17.24767,80.14368,170503,"[""kkhammam"", ""khammamette"", ""kham'mama"", ""??????"", ""???????"", ""ka mu ma mu"", ""kam'mam"", ""????"", ""khamam"", ""?????"", ""kham'mam"", ""khammamett""]",geolocations-indian-cities
city_1259009,Raiganj,raiganj,,25.61281,88.12449,170252,"[""r?iganj"", ""rayganj""]",geolocations-indian-cities
city_1269723,Ingraj Bazar,ingraj bazar,,25.00447,88.14573,170039,"[""english bazar"", ""english b?z?r"", ""ingr?j b?z?r""]",geolocations-indian-cities
city_1269135,Jaunpur,jaunpur,,25.75356,82.68689,169572,"[""jaunapuram"", ""jaunapura"", ""dzhaunpur"", ""jwn pwr"", ""jwnpwr"", ""??????"", ""qiao en pu er"", ""jwnfwr"", ""jauyanapura"", ""caunpur"", ""jwnpwr atrprdysh"", ""jaunpuru"", ""?????????"", ""??????? ????????"", ""????"", ""??? ???"", ""????????"", ""jawnpur""]",geolocations-indian-cities
city_1271912,Fatehpur,fatehpur,,25.92774,80.81266,166480,"[""fatehpur city"", ""fatekhpur"", ""????????""]",geolocations-indian-cities
city_1271717,Gandhidham,gandhidham,,23.08333,70.13333,166388,"[""gandi dham"", ""g?ndh?dh?m""]",geolocations-indian-cities
city_1261927,Nandyal,nandyal,,15.47799,78.4836,165337,"[""nandy?la"", ""nandial"", ""???????"", ""nandy?l"", ""nandyala""]",geolocations-indian-cities
city_1253952,Udupi,udupi,,13.33467,74.74617,165000,"[""udipi"", ""?????"", ""???"", ""wu du pi""]",geolocations-indian-cities
city_1264773,Loni,loni,,28.75143,77.29023,164810,"[""lone"", ""????""]",geolocations-indian-cities
city_1255969,Sitapur,sitapur,,27.56192,80.68265,164435,"[""s?t?pur""]",geolocations-indian-cities
city_1256451,Shivpuri,shivpuri,,25.42378,77.66223,164215,"[""si xi wo pu li"", ""shivpur?"", ""?????"", ""???????"", ""sibapuri"", ""sivapuri""]",geolocations-indian-cities
city_1276321,Bhadravati,bhadravati,,13.84846,75.70502,163903,"[""bhadr?vati""]",geolocations-indian-cities
city_1279335,Adoni,adoni,,15.62788,77.27495,163631,"[""?doni"", ""?????""]",geolocations-indian-cities
city_1253237,Veraval,veraval,,20.9077,70.36786,163326,"[""ver?val""]",geolocations-indian-cities
city_1257542,Sambalpur,sambalpur,,21.46527,83.97573,162887,"[""sa mu ba er pu er"", ""sambalapura"", ""??????"", ""sambalpuleu"", ""smblpwr"", ""??????????"", ""?????????"", ""????????"", ""sanbarupuru"", ""????"", ""sambalpore"", ""???????""]",geolocations-indian-cities
city_1271850,Gadag,gadag,,15.42977,75.62971,162569,[],geolocations-indian-cities
city_1253747,Unnao,unnao,,26.54706,80.48781,161671,"[""unao"", ""unn?o""]",geolocations-indian-cities
city_1275163,Budaun,budaun,,28.03811,79.12668,161555,"[""badauna"", ""patavun"", ""badayum"", ""??????"", ""badajun"", ""budauna"", ""badaun"", ""???"", ""????"", ""badanyu"", ""?????"", ""???????"", ""bu dao en""]",geolocations-indian-cities
city_1268907,Jind,jind,,29.31577,76.31502,161260,"[""j?nd""]",geolocations-indian-cities
city_1264543,Madhyamgram,madhyamgram,,22.68944,88.44594,161126,"[""??????????"", ""?????????"", ""maddham gram"", ""madhyamagrama"", ""ma di ya mu ge la mu"", ""???????"", ""madhyagrama""]",geolocations-indian-cities
city_1269280,Jamuria,jamuria,,23.70468,87.07872,160242,"[""jaykaynagar"", ""jaykayanagar"", ""j?muria""]",geolocations-indian-cities
city_7284820,Jaigaon,jaigaon,,26.84766,89.37558,158664,[],geolocations-indian-cities
city_1273802,Cuddalore,cuddalore,,11.75617,79.76693,158569,"[""kaddalora"", ""??????"", ""katalur"", ""??????????"", ""gondelour"", ""kudalur"", ""gu da luo er"", ""kadalura"", ""gudalur"", ""kadaruru"", ""kuddalore"", ""kuddalor"", ""kudalloleu"", ""????"", ""?????????"", ""k?dal?r"", ""kadaluru"", ""?????"", ""????????""]",geolocations-indian-cities
city_1261039,Orai,orai,,25.99023,79.45334,158265,[],geolocations-indian-cities
city_1269937,Hoshiarpur,hoshiarpur,,31.53723,75.91269,158142,"[""hsx"", ""hoshi?rpur railroad station"", ""hoshiarpur railroad station"", ""hushiarpur"", ""hoshi?rpur""]",geolocations-indian-cities
city_1260692,Pallavaram,pallavaram,,12.96796,80.15025,157145,"[""pall?varam""]",geolocations-indian-cities
city_1270407,Hanumangarh,hanumangarh,,29.58182,74.32938,155687,"[""sadulgarh"", ""hanum?ngarh""]",geolocations-indian-cities
city_1268159,Kanchipuram,kanchipuram,,12.83515,79.70006,155029,"[""conjeveram"", ""gan ji bu lei mu"", ""ka??ipuram"", ""kantshybwram"", ""kanchy pwrm"", ""conjevaram"", ""conjeeveram"", ""kanchypwram"", ""kanchi"", ""??????????"", ""????? ????"", ""???????????"", ""kanchipuramu"", ""k?nchipuram"", ""????????"", ""k?nchi"", ""?????????"", ""kancipurama"", ""kanshybwrm"", ""kanjippuram"", ""kancipuram"", ""?????"", ""kancheepuram""]",geolocations-indian-cities
city_1279064,Alandur,alandur,,13.0025,80.20611,153775,"[""alandoor""]",geolocations-indian-cities
city_1270711,Guna,guna,,24.64691,77.3113,153689,"[""gux""]",geolocations-indian-cities
city_1277835,Bahadurgarh,bahadurgarh,,28.69287,76.93555,153613,"[""bah?durgarh""]",geolocations-indian-cities
city_1276100,Bharuch,bharuch,,21.69482,72.9805,153528,"[""baroach"", ""bharoch"", ""bhar?ch"", ""broach""]",geolocations-indian-cities
city_1263220,Medinipur,medinipur,,22.42114,87.32257,153349,"[""medin?pur"", ""midnapur"", ""midnapore"", ""midnapor"", ""????????""]",geolocations-indian-cities
city_1271976,Fyzabad,fyzabad,,26.77549,82.15018,153047,"[""faiz?b?d"", ""fyz?b?d"", ""faizabad"", ""????????"", ""fajzabad""]",geolocations-indian-cities
city_1273581,Dinapore,dinapore,,25.63705,85.04794,152940,"[""danapur"", ""d?n?pur""]",geolocations-indian-cities
city_1256287,Silchar,silchar,,24.82733,92.79787,152393,"[""?????"", ""??????"", ""xi er qia er"", ""?????-?????"", ""silacara"", ""ixs"", ""????"", ""silacara-nagaram"", ""????????""]",geolocations-indian-cities
city_1277397,Banda,banda,,25.47758,80.33491,152218,"[""b?nda""]",geolocations-indian-cities
city_1262771,Morena,morena,,26.49892,77.99534,152004,"[""mo lei na"", ""??????"", ""mwryna"", ""pech morena"", ""???"", ""muraina""]",geolocations-indian-cities
city_1254241,Tonk,tonk,,26.16638,75.78824,151331,"[""tonk city""]",geolocations-indian-cities
city_1258831,Raj-Nandgaon,raj-nandgaon,,21.09687,81.0289,150755,"[""r?j-n?ndgaon"", ""raj nandga"", ""r?j n?ndgaon"", ""raj nandgaon""]",geolocations-indian-cities
city_7302856,Serilingampalle,serilingampalle,,17.49313,78.30196,150525,"[""serilingampally""]",geolocations-indian-cities
city_1253133,Virar,virar,,19.45591,72.81136,150357,"[""vir?r""]",geolocations-indian-cities
city_7302828,Malkajgiri,malkajgiri,,17.44781,78.52633,150000,"[""????????????"", ""mlkajgyry"", ""??????"", ""malkajaganja"", ""??????????"", ""?????????"", ""ma er ka jie ji li"", ""makajgyry"", ""malakajagiri""]",geolocations-indian-cities
city_1256639,Shantipur,shantipur,,23.24723,88.43302,149983,"[""santipur"", ""sh?ntipur"", ""s?ntipur""]",geolocations-indian-cities
city_1277100,Barakpur,barakpur,,22.76602,88.36336,148174,"[""b?r?kpur"", ""barrackpore"", ""chanak""]",geolocations-indian-cities
city_1272013,Erode,erode,,11.3428,77.72741,147270,"[""brod"", ""??????"", ""eroda"", ""iread"", ""irodo~u"", ""periy?r"", ""irotu"", ""elodeu"", ""???"", ""????"", ""?????"", ""irodu"", ""iroda"", ""ai luo de"", ""periyar""]",geolocations-indian-cities
city_1278860,Ambala,ambala,,30.36099,76.79782,146787,"[""ambata"", ""amb?la""]",geolocations-indian-cities
city_1265859,Krishnanagar,krishnanagar,,23.40576,88.49073,145926,"[""????????????"", ""???????????"", ""kirusnanakar"", ""krishnagar city"", ""krishnagar"", ""????????"", ""?????????"", ""ke li si he na na jia er"", ""krishnagiri"", ""krsnanagara"", ""krishnigar""]",geolocations-indian-cities
city_1257804,Saharsa,saharsa,,25.87498,86.59611,145764,"[""sakharsa"", ""sa ha er sa"", ""??????"", ""????????"", ""saharasa"", ""????"", ""?????"", ""???????""]",geolocations-indian-cities
city_1276720,Batala,batala,,31.80921,75.20294,145468,"[""bat?la"", ""butala""]",geolocations-indian-cities
city_1275947,Bhimavaram,bhimavaram,,16.54078,81.52322,142967,"[""bh?mavaram""]",geolocations-indian-cities
city_1277508,Balurghat,balurghat,,25.22099,88.77732,141404,"[""rgh"", ""b?lurgh?t""]",geolocations-indian-cities
city_1268593,Kaithal,kaithal,,29.80153,76.39959,140604,"[""kai ta er"", ""?????"", ""??????"", ""ka'ithala"", ""kythal"", ""???"", ""????"", ""kaithala"", ""kajtkhal"", ""???????""]",geolocations-indian-cities
city_1265242,Lakhimpur,lakhimpur,,27.94822,80.77935,140223,"[""lakh?mpur""]",geolocations-indian-cities
city_1270164,Hazaribagh,hazaribagh,,23.99241,85.36162,140063,"[""hazarybaugh"", ""?????????"", ""khazaribag"", ""hajaribaga"", ""haz?r?b?g"", ""haz?rib?gh"", ""hazaribag"", ""????????""]",geolocations-indian-cities
city_1253200,Vidisha,vidisha,,23.52604,77.81092,140045,"[""vidi\u009aa"", ""bhilsa"", ""wei di si ha"", ""??????"", ""bidisa"", ""bh?lsa"", ""vidisa"", ""vu~idisha"", ""????"", ""?????"", ""???????"", ""wdysha""]",geolocations-indian-cities
city_1270498,Haldwani,haldwani,,29.22254,79.5286,139497,"[""ha er de wa ni-qiu mu-ka te ge da mu"", ""haladuraani-tilakara-kathagodama"", ""???????"", ""?????????-?-????????"", ""haldvani"", ""????????"", ""?????????"", ""?????-??-?????"", ""haldw?ni"", ""haldwani-cum-kathgodam"", ""haladwani"", ""khaldvani"", ""haldvani-va-kathagodama"", ""????????-??????-????????""]",geolocations-indian-cities
city_1270568,Habra,habra,,22.84202,88.65606,139297,"[""h?bra""]",geolocations-indian-cities
city_1265683,Kumbakonam,kumbakonam,,10.96209,79.39124,139264,"[""kumbakonama"", ""kumpakonam"", ""kumbhakonama"", ""??????"", ""ku mu ba ke na mu"", ""??????????"", ""?????????"", ""kumbhakonam"", ""kumbhakeanam"", ""????????""]",geolocations-indian-cities
city_1259395,Porbandar,porbandar,,21.64219,69.60929,138872,"[""bwrbndr"", ""poleubandaleu"", ""???????????"", ""poorbunder"", ""porabandara"", ""bo er ben de er"", ""??????????"", ""purbandar"", ""porpantar"", ""?????????"", ""????????"", ""pbd"", ""?????"", ""???????"", ""porbandarom"", ""port porbandar""]",geolocations-indian-cities
city_1274056,Chitradurga,chitradurga,,14.22262,76.40038,138587,"[""????????????"", ""???????????"", ""citradurgam"", ""chitradurg"", ""citradurga"", ""?????????? ???"", ""chitaldurg"", ""??????????"", ""citradurga nagara"", ""chitrakaldurga"", ""chitaldrug"", ""citraturka"", ""chitteldrug"", ""chitaldroog""]",geolocations-indian-cities
city_1254657,Thanesar,thanesar,,29.97323,76.83214,138279,"[""th?nesar""]",geolocations-indian-cities
city_1254327,Tiruvannamalai,tiruvannamalai,,12.22662,79.07461,138243,"[""????????????"", ""???????????"", ""tiruvu~an'namarai"", ""tiruvann?malai"", ""tirruvannamalai"", ""tiruvannamalaj"", ""??????????????""]",geolocations-indian-cities
city_1278685,Anand,anand,,22.55251,72.9552,138009,"[""?nand"", ""qnb"", ""?????"", ""anaud"", ""aimand""]",geolocations-indian-cities
city_1268715,Kanchrapara,kanchrapara,,22.95998,88.42849,136954,"[""kancharapara"", ""kachrapara"", ""k?nchr?p?ra"", ""k?chr?p?ra""]",geolocations-indian-cities
city_1264407,Mahbubnagar,mahbubnagar,,16.74385,77.98597,136135,"[""mahboobnagar"", ""mahb?bnagar""]",geolocations-indian-cities
city_1272552,Dimapur,dimapur,,25.91174,93.7217,135860,"[""dampur"", ""dmu"", ""dim?pur"", ""???????""]",geolocations-indian-cities
city_1258109,Robertsonpet,robertsonpet,,12.95629,78.27539,135218,[],geolocations-indian-cities
city_1274304,Chhindwara,chhindwara,,22.05697,78.93958,134847,"[""sindwara"", ""chindwara"", ""chhindw?ra""]",geolocations-indian-cities
city_1263814,Mandya,mandya,,12.5223,76.89746,134845,"[""mandaya"", ""??????"", ""mantiya"", ""?????????"", ""???"", ""mand'ja"", ""?????"", ""???????"", ""man di ya""]",geolocations-indian-cities
city_1277264,Bankura,bankura,,23.23241,87.0716,133966,"[""b?nkura"", ""???????""]",geolocations-indian-cities
city_1270525,Hajipur,hajipur,,25.68544,85.20981,133606,"[""h?j?pur"", ""????????"", ""khadzhipur""]",geolocations-indian-cities
city_1270996,Gonda City,gonda city,,27.13181,81.95332,133583,"[""gonda"", ""gond? city"", ""?????"", ""gonda oudh""]",geolocations-indian-cities
city_1275812,Bhuj,bhuj,,23.25397,69.66928,133459,"[""bwj"", ""puj"", ""bkhudzh"", ""bhj"", ""??"", ""bhooj"", ""???"", ""????"", ""bhoja"", ""?????"", ""bhuja""]",geolocations-indian-cities
city_1270079,Hindupur,hindupur,,13.82807,77.49143,133298,[],geolocations-indian-cities
city_1256523,Shillong,shillong,,25.56892,91.88313,132842,"[""??????"", ""shylang"", ""silanga"", ""???"", ""silongas"", ""shilongi"", ""cillan"", ""silam"", ""??????????"", ""??"", ""shiron"", ""shilong"", ""sillang"", ""sillong"", ""????????"", ""silleann"", ""????"", ""silonga"", ""\u008ailongas"", ""silamga"", ""?????????"", ""shl"", ""shylwngh"", ""???????"", ""xi long""]",geolocations-indian-cities
city_1260728,Palghat,palghat,,10.77319,76.65366,132728,"[""p?lgh?t"", ""?????"", ""??????"", ""pa la ke ka de"", ""palakkad"", ""????????"", ""?????????"", ""palgkhat"", ""palakkat"", ""palakkara"", ""palakkatu"", ""palakkada"", ""???????""]",geolocations-indian-cities
city_1271107,Godhra,godhra,,22.77547,73.61488,131913,"[""godhara"", ""??????"", ""godkhre"", ""godhr"", ""ge de la"", ""???"", ""?????"", ""godkhra""]",geolocations-indian-cities
city_1266486,Kishangarh,kishangarh,,26.59006,74.85397,131749,"[""?????? ??????????????"", ""kil'ha harikrisanagarha"", ""kqh"", ""k?ishangarhi"", ""???????"", ""kisanagarha"", ""kisanagadha"", ""????????"", ""?????????"", ""??????????"", ""kisanagara"", ""kishangarkh""]",geolocations-indian-cities
city_1258470,Raniganj,raniganj,,23.6164,87.13061,131261,"[""ranigandzhe"", ""r?n?ganj"", ""??????????""]",geolocations-indian-cities
city_1259686,Pilibhit,pilibhit,,28.63124,79.80436,131008,"[""p?libh?t"", ""pilibkhit"", ""p?l?bh?t"", ""pilibhhit"", ""????????""]",geolocations-indian-cities
city_1276634,Beawar,beawar,,26.10119,74.32028,130777,"[""be?war""]",geolocations-indian-cities
city_1279403,Abohar,abohar,,30.14453,74.19552,130603,"[""abwhar"", ""a bo he er"", ""??????"", ""abohara"", ""apohar"", ""????"", ""?????""]",geolocations-indian-cities
city_1262951,Moga,moga,,30.81383,75.16878,130549,"[""mwga pnjab"", ""mwga"", ""????"", ""????? ?????"", ""moka"", ""mogu""]",geolocations-indian-cities
city_1273309,Dehri,dehri,,24.90247,84.18217,129938,"[""dehm""]",geolocations-indian-cities
city_1273193,Deoria,deoria,,26.50167,83.77936,129570,"[""devariya"", ""??????"", ""???????"", ""????????"", ""dywrya atrprdysh"", ""dywrya"", ""??????? ????????"", ""de'uriya"", ""????"", ""de ao li ya"", ""deorija""]",geolocations-indian-cities
city_1270239,Hassan,hassan,,13.00715,76.0962,128531,"[""khasan"", ""??"", ""????"", ""hasana"", ""?????"", ""ha sang""]",geolocations-indian-cities
city_1266945,Khardah,khardah,,22.71861,88.37806,128346,"[""khardaha""]",geolocations-indian-cities
city_1252770,Yavatmal,yavatmal,,20.39324,78.13201,128175,"[""yavatm?l"", ""yeotmal"", ""yeotm?l""]",geolocations-indian-cities
city_1270484,Halisahar,halisahar,,22.93218,88.41859,128172,"[""halishahar"", ""h?l?sahar""]",geolocations-indian-cities
city_1260434,Panvel,panvel,,18.98878,73.11013,128046,"[""pan wei er"", ""pana'oyela"", ""??????"", ""panaraela"", ""panwl"", ""???????"", ""panwel"", ""panavela"", ""???"", ""?????"", ""????????"", ""panabela"", ""pnwyl""]",geolocations-indian-cities
city_1254309,Titagarh,titagarh,,22.74252,88.37326,127751,"[""tit?garh""]",geolocations-indian-cities
city_1273800,Cuddapah,cuddapah,,14.47995,78.82346,127010,"[""kurpah"", ""??????"", ""katappa"", ""kadapa"", ""???"", ""cdp""]",geolocations-indian-cities
city_1276393,Bettiah,bettiah,,26.80229,84.50311,127008,"[""betiya"", ""??????"", ""bei te di ya"", ""????????"", ""bettiakh"", ""?????????"", ""betti'ah"", ""????"", ""bettiya"", ""???????""]",geolocations-indian-cities
city_1270216,Hathras,hathras,,27.59551,78.05201,126882,"[""h?thras""]",geolocations-indian-cities
city_1265157,Lalitpur,lalitpur,,24.69007,78.41915,126475,"[""lallispuleu"", ""lalipura"", ""???????"", ""??? ???? ?????"", ""?????????"", ""lalitapura"", ""????"", ""lalitapuram"", ""????????""]",geolocations-indian-cities
city_1266305,Kolar,kolar,,13.13768,78.12999,126441,"[""kol?r"", ""?????""]",geolocations-indian-cities
city_1263834,Mandsaur,mandsaur,,24.07184,75.06986,124988,"[""???????????"", ""??????"", ""mandasor"", ""man de shao er"", ""mandosauru"", ""????????"", ""mandasaura"", ""mndswr"", ""????"", ""mandsa'ur"", ""???????""]",geolocations-indian-cities
city_1270990,Gondia,gondia,,21.46026,80.19205,124897,"[""gong di ye"", ""gondiya jila"", ""??????"", ""????????"", ""gondi?"", ""gonadiya"", ""???"", ""gondija"", ""gondiya jille"", ""gondiya"", ""??????? ????"", ""???????"", ""??????? ??????""]",geolocations-indian-cities
city_1258916,Rajapalaiyam,rajapalaiyam,,9.45296,77.55335,124168,"[""rajapalayam"", ""r?jap?laiyam""]",geolocations-indian-cities
city_1273467,Darjiling,darjiling,,27.03333,88.26667,123797,"[""dardzilingas"", ""daleujilling"", ""rdorje gling"", ""??? ?????"", ""???"", ""d?rjiling"", ""darjilim"", ""dargiling"", ""??????????"", ""dard\u009eilingas"", ""dar jylng"", ""drgylyng"", ""dar?iling"", ""????"", ""dardzhiling"", ""?????????"", ""da ji ling"", ""????????"", ""darjeeling""]",geolocations-indian-cities
city_6992326,Mohali,mohali,,30.67995,76.72211,123484,[],geolocations-indian-cities
city_1260777,Palanpur,palanpur,,24.17128,72.43827,123294,"[""p?lanpur""]",geolocations-indian-cities
city_1272243,Dam Dam,dam dam,,22.63341,88.42286,122719,"[""dum dum""]",geolocations-indian-cities
city_1270370,Hardoi,hardoi,,27.39491,80.13165,122635,"[""hardo?""]",geolocations-indian-cities
city_1259163,Puruliya,puruliya,,23.33062,86.36303,122533,"[""purulia""]",geolocations-indian-cities
city_1272648,Dibrugarh,dibrugarh,,27.47989,94.90837,122155,"[""dibrugarha"", ""lakhinpur"", ""dib"", ""dibrugadh"", ""dibrugara-nagaram"", ""di bu lu jia er"", ""??????????"", ""????????-?????"", ""tiprukar"", ""dibraugara"", ""dibrugara"", ""dibrugadha"", ""dybrwjarh"", ""???????"", ""?????????"", ""dibrgara"", ""?????"", ""????????"", ""dibrugarkh""]",geolocations-indian-cities
city_1260637,Palwal,palwal,,28.14469,77.32546,121965,"[""palaraala"", ""?????"", ""balwal"", ""pa er wa er"", ""??????"", ""palval"", ""pala'oyala"", ""????"", ""palawala"", ""????????"", ""palavala""]",geolocations-indian-cities
city_1262067,Nalgonda,nalgonda,,17.05439,79.26707,121826,"[""nalagonda"", ""na er ge en da"", ""??????"", ""???????"", ""nalkonta"", ""naljwnda"", ""?????????"", ""nalgonda-nagaram"", ""?????"", ""????????"", ""?????????-?????"", ""nalaganada""]",geolocations-indian-cities
city_1276320,Bhadreswar,bhadreswar,,22.82449,88.33841,121662,[],geolocations-indian-cities
city_1253315,Vejalpur,vejalpur,,22.69021,73.56299,121610,[],geolocations-indian-cities
city_1274220,Chikmagalur,chikmagalur,,13.32231,75.774,121484,"[""chikkamagaluru"", ""???????????"", ""chikmagal?r"", ""cikkamagaluru"", ""chikmugalur"", ""chikmugal?r"", ""chikkamagal?ru"", ""chikmanglur"", ""chickmagalur""]",geolocations-indian-cities
city_1259005,Raigarh,raigarh,,21.89764,83.3966,121278,"[""rayjarh"", ""???? ???"", ""lai jia er"", ""rayagara"", ""???"", ""raig\u00e2rh"", ""rajgarkh"", ""?????"", ""???????"", ""rayagadha""]",geolocations-indian-cities
city_1270670,Guntakal Junction,guntakal junction,,15.17112,77.36244,120964,"[""guntakai"", ""guntakal"", ""gantalaka"", ""gong ta ka er"", ""guntakallu"", ""??????"", ""??????????"", ""guntakala"", ""?????????"", ""kuntakkal"", ""????"", ""?????"", ""????????"", ""guntakul""]",geolocations-indian-cities
city_1271675,Gangapur,gangapur,,26.47249,76.71744,120115,[],geolocations-indian-cities
city_10263232,Deoli,deoli,,28.50254,77.23117,120000,[],geolocations-indian-cities
city_1255927,Siwan,siwan,,26.22096,84.35609,119181,"[""savan"", ""siw?n"", ""?????"", ""sivan""]",geolocations-indian-cities
city_1273587,Damoh,damoh,,23.83312,79.4419,118776,"[""da mo"", ""damoha"", ""dameah"", ""??"", ""????"", ""?????""]",geolocations-indian-cities
city_1279344,Adilabad,adilabad,,19.67203,78.5359,118526,"[""edl?b?d"", ""adilabadu"", ""edlabad"", ""?????????"", ""atilapat"", ""?dil?b?d""]",geolocations-indian-cities
city_1255647,Srikakulam,srikakulam,,18.2989,83.89751,118299,"[""chicacole"", ""sr?k?kulam"", ""??????????""]",geolocations-indian-cities
city_1253744,Uppal Kalan,uppal kalan,,17.40577,78.55911,118259,"[""oopal"", ""upal"", ""pedda uppal"", ""uppal""]",geolocations-indian-cities
city_1269065,Jetpur,jetpur,,21.75482,70.62347,118068,[],geolocations-indian-cities
city_1262775,Morbi,morbi,,22.81731,70.8377,118022,"[""morvi""]",geolocations-indian-cities
city_1260173,Patan,patan,,23.8507,72.12963,117863,"[""?????"", ""p?tan""]",geolocations-indian-cities
city_1267016,Khanna,khanna,,30.70547,76.22196,117137,"[""?????""]",geolocations-indian-cities
city_1275218,Botad,botad,,22.16917,71.66671,117053,"[""bot?d""]",geolocations-indian-cities
city_1258126,Rishra,rishra,,22.72394,88.34563,117014,[],geolocations-indian-cities
city_1278083,Azamgarh,azamgarh,,26.06832,83.18358,116644,"[""ajhamagadha"", ""??????"", ""???? ???"", ""?????-?????"", ""???????"", ""ajamagadha-nagaram"", ""ajamagara"", ""ajamagadha"", ""a zha mu jia er"", ""azamgarkh"", ""?zamgarh"", ""ajamagadha jilla"", ""azamagarha"", ""?????"", ""????????"", ""????? ??????"", ""azamugaru""]",geolocations-indian-cities
city_1252758,Yelahanka,yelahanka,,13.10073,77.59632,116447,"[""???????????"", ""yalahanka"", ""????"", ""?????"", ""???????"", ""ye la han ka""]",geolocations-indian-cities
city_1270801,Gudivada,gudivada,,16.43547,80.99555,116161,"[""gudiv?da""]",geolocations-indian-cities
city_1277780,Baidyabati,baidyabati,,22.78498,88.32586,115504,"[""baidyab?ti""]",geolocations-indian-cities
city_1276736,Basti,basti,,26.78817,82.71617,115115,"[""bast?"", ""?????""]",geolocations-indian-cities
city_1277599,Balasore,balasore,,21.49266,86.93348,114321,"[""baleswar"", ""ba la suo er"", ""baleshwar"", ""balasor"", ""balaswr"", ""bareshuwaru"", ""balesbara"", ""palesvar"", ""????????"", ""b?leshwar"", ""?????????"", ""????"", ""balesvara"", ""???????""]",geolocations-indian-cities
city_1272842,Dharmavaram,dharmavaram,,14.41435,77.72035,114050,[],geolocations-indian-cities
city_1264111,Maler Kotla,maler kotla,,30.5309,75.87949,113840,"[""m?ler kotla""]",geolocations-indian-cities
city_1252942,Wardha,wardha,,20.73933,78.59784,113759,"[""??????"", ""vardh\u00e1"", ""waruda"", ""vardkha"", ""oyaradha"", ""raaradha"", ""???????"", ""vardha"", ""???"", ""varntcha"", ""????"", ""varta"", ""?????"", ""wo er ta""]",geolocations-indian-cities
city_1268936,Jhunjhunun,jhunjhunun,,28.12559,75.39797,113193,"[""jhunjhunu"", ""jh?njhunu"", ""jhunjhun?n""]",geolocations-indian-cities
city_1257055,Satara,satara,,17.68589,73.99333,112793,"[""??????"", ""s?t?ra""]",geolocations-indian-cities
city_1274767,Chanduasi,chanduasi,,28.45178,78.78277,112635,"[""chandausi""]",geolocations-indian-cities
city_1262710,Mothihari,mothihari,,26.64862,84.91656,112144,"[""moth?h?ri"", ""motihari"", ""motihan"", ""mot?h?ri"", ""????????""]",geolocations-indian-cities
city_1274553,Chas,chas,,23.63556,86.16712,112141,"[""???"", ""ch?s""]",geolocations-indian-cities
city_1259297,Pudukkottai,pudukkottai,,10.38128,78.82141,112118,"[""pudukkotta'i"", ""???????????"", ""????????????"", ""poodoocottah"", ""pudukotah"", ""putukkottai"", ""pu du ke tai"", ""????????"", ""pudukattai"", ""purukkotta'i"", ""??????????????"", ""pudukottai"", ""????"", ""puducotai"", ""pudukkottaj"", ""pudo~ukottai"", ""pudukkottai-trichinopoly"", ""?????????????""]",geolocations-indian-cities
city_1258178,Rewari,rewari,,28.199,76.6183,112079,"[""rew?ri""]",geolocations-indian-cities
city_1259385,Port Blair,port blair,,11.66613,92.74635,112050,"[""bu lai er gang"", ""??????"", ""port-bler"", ""port bler"", ""ixz"", ""port piler"", ""portus blairensis"", ""porta bleyara"", ""port-blehr"", ""??????????"", ""???? ?????"", ""pwrt blr"", ""porata bale'ara"", ""porta blera"", ""??????? ??????"", ""????-????"", ""???????????"", ""pwrt blyyr"", ""????? ????????"", ""port bleras"", ""???? ???"", ""portableyara"", ""????"", ""???? ????"", ""????-?????"", ""?????? ??????"", ""potoburea"", ""????? ?????"", ""?????"", ""????? ??????"", ""poteubeulleeo""]",geolocations-indian-cities
city_1255344,Suriapet,suriapet,,17.14054,79.62045,111729,"[""suri?pet"", ""suryapet""]",geolocations-indian-cities
city_1277324,Bangaon,bangaon,,23.04553,88.83084,111693,"[""banagamo"", ""??????"", ""banagavam"", ""bongaon"", ""banagam"", ""bang ge a ao en"", ""?????"", ""???????""]",geolocations-indian-cities
city_1274337,Chhatarpur,chhatarpur,,24.9177,79.58871,111594,"[""chantarpur"", ""chkatarpur""]",geolocations-indian-cities
city_7302861,Ashoknagar Kalyangarh,ashoknagar kalyangarh,,22.86416,88.63701,111475,[],geolocations-indian-cities
city_1279390,Achalpur,achalpur,,21.25665,77.51006,111278,"[""??????"", ""ellichpur"", ""a qia er pu er"", ""acalapura"", ""???????"", ""??????????"", ""akalpwr"", ""acharupuru"", ""alacapura"", ""?????"", ""achlpwr"", ""accalpur""]",geolocations-indian-cities
city_1261669,Navadwip,navadwip,,23.4067,88.36861,111123,"[""navadw?p"", ""nabadwip"", ""nadia"", ""nabadurip"", ""????????"", ""navadvip""]",geolocations-indian-cities
city_1276856,Barsi,barsi,,18.23454,75.69275,110983,"[""b?rsi"", ""barshi""]",geolocations-indian-cities
city_1255491,Sultanpur,sultanpur,,26.25788,82.07269,110368,"[""sult?npur""]",geolocations-indian-cities
city_1278815,Ambur,ambur,,12.79163,78.71644,109873,"[""?mb?r"", ""??????"", ""amburu"", ""ambura"", ""ampur"", ""a mu bu er"", ""????"", ""ambwr"", ""?????"", ""???????""]",geolocations-indian-cities
city_1269939,Hoshangabad,hoshangabad,,22.74747,77.72736,109358,"[""hoshang?b?d""]",geolocations-indian-cities
city_1256949,Sawai Madhopur,sawai madhopur,,26.02301,76.34408,108612,"[""saw?i m?dhopur""]",geolocations-indian-cities
city_1264621,Madanapalle,madanapalle,,13.5503,78.50288,108593,"[""????????????"", ""???????????"", ""?????"", ""ma da na pa er lai"", ""madanapalle mandala"", ""??????"", ""??????????"", ""mdnply"", ""????????"", ""madanapalli"", ""???????? ?????"", ""ma da na pa li"", ""?????????????"", ""matanappalli""]",geolocations-indian-cities
city_1277240,Bansbaria,bansbaria,,22.95387,88.40098,108474,"[""b?nsb?ria"", ""bansberia""]",geolocations-indian-cities
city_1255264,Tadepallegudem,tadepallegudem,,16.81467,81.52717,108167,"[""t?depallig?dem"", ""t?depalleg?dem"", ""tadepalligudem""]",geolocations-indian-cities
city_1269388,Jalpaiguri,jalpaiguri,,26.51667,88.73333,107832,"[""paiguri"", ""jalp?iguri""]",geolocations-indian-cities
city_1274040,Chittaurgarh,chittaurgarh,,24.88963,74.62403,106710,"[""chittorgarh"", ""chitor"", ""chitorgarh"", ""chittor""]",geolocations-indian-cities
city_1271662,Gangawati,gangawati,,15.4313,76.52933,106250,"[""gangavati"", ""gang?wati""]",geolocations-indian-cities
city_1266607,Khurja,khurja,,28.25382,77.85535,105909,[],geolocations-indian-cities
city_1259411,Ponnani,ponnani,,10.76695,75.92523,105512,"[""ponani"", ""ponn?ni""]",geolocations-indian-cities
city_1276895,Barnala,barnala,,30.37451,75.5487,105016,"[""barn?la"", ""an?hadgarh"", ""???????"", ""anahadgarh""]",geolocations-indian-cities
city_1277976,Badlapur,badlapur,,19.15516,73.26553,104636,"[""????????"", ""ba de la pu er"", ""badalapura"", ""bdlapwr"", ""?????"", ""???????""]",geolocations-indian-cities
city_1430991,Soyibug,soyibug,,34.07677,74.7057,104000,[],geolocations-indian-cities
city_1258044,Roorkee,roorkee,,29.86632,77.89118,103894,"[""rurkki"", ""rurki"", ""??????"", ""roraki"", ""rraki"", ""ruraki"", ""luo ao er kai ai"", ""?????"", ""????????""]",geolocations-indian-cities
city_1277939,Bagaha,bagaha,,27.09918,84.09003,103855,[],geolocations-indian-cities
city_1269934,Hosur,hosur,,12.73647,77.83264,103724,"[""hos?r"", ""oossoor""]",geolocations-indian-cities
city_1273892,Churu,churu,,28.30415,74.96718,103533,"[""ch?ru""]",geolocations-indian-cities
city_1262209,Nagda,nagda,,23.45834,75.41759,103501,"[""nagda-dhar""]",geolocations-indian-cities
city_1267579,Kashipur,kashipur,,29.21399,78.95693,103138,"[""???? ???? ????????"", ""kashypwr"", ""k?sh?pur"", ""ka si xi pu er"", ""kasipura"", ""?????"", ""???????""]",geolocations-indian-cities
city_1271306,Ghazipur,ghazipur,,25.58333,83.58526,103095,"[""ghaz?pur"", ""gh?z?pur""]",geolocations-indian-cities
city_1276609,Begusarai,begusarai,,25.41853,86.13389,103060,"[""begusaraya"", ""bei gu sa lai"", ""begusaraj"", ""begusara'i"", ""?????????"", ""????????"", ""????"", ""pekucaray"", ""bjsaray"", ""???????""]",geolocations-indian-cities
city_1272805,Dhaulpur,dhaulpur,,26.69286,77.87968,102462,"[""dholpur""]",geolocations-indian-cities
city_1263494,Mormugao,mormugao,,15.38914,73.81491,102345,"[""mermugao"", ""marmagao"", ""marmugao"", ""goa"", ""porio"", ""marmagoa"", ""????????""]",geolocations-indian-cities
city_1271883,Ferozepore,ferozepore,,30.92574,74.61311,102130,"[""f?rozpur"", ""feruzpur"", ""f?r?zpur"", ""ferozepur"", ""firozpur""]",geolocations-indian-cities
city_1270994,Gondal,gondal,,21.96074,70.80255,101801,[],geolocations-indian-cities
city_1256826,Seoni,seoni,,22.08503,79.55037,101379,"[""seon?""]",geolocations-indian-cities
city_1269605,Jagadhri,jagadhri,,30.16719,77.30367,101300,"[""jag?dhri""]",geolocations-indian-cities
city_1263012,Mirialguda,mirialguda,,16.8722,79.56247,101234,"[""miriyalguda"", ""miryalguda"", ""miri?lg?da""]",geolocations-indian-cities
city_1253958,Udgir,udgir,,18.39258,77.11756,101064,"[""udg?r""]",geolocations-indian-cities
city_1269374,Jamalpur,jamalpur,,25.31258,86.48888,100780,"[""jam?lpur""]",geolocations-indian-cities
city_1261931,Nandurbar,nandurbar,,21.36671,74.24051,100703,"[""nandurb?r""]",geolocations-indian-cities
city_1269653,Itarsi,itarsi,,22.61477,77.76222,100574,"[""it?rsi""]",geolocations-indian-cities
city_1253367,Vasco da Gama,vasco da gama,,15.39585,73.81568,100485,"[""vasko-da-gama"", ""?????-??-????"", ""vasco"", ""goi""]",geolocations-indian-cities
city_1259827,Phagwara,phagwara,,31.22452,75.77387,100146,"[""phagw?ra""]",geolocations-indian-cities
city_7279599,Airoli,airoli,,19.15096,72.99625,100000,[],geolocations-indian-cities
city_1278715,Amreli,amreli,,21.59983,71.21169,99742,"[""??????"", ""amrelis"", ""amareli"", ""an lei li"", ""???"", ""amrly"", ""?????"", ""???????"", ""amryly""]",geolocations-indian-cities
city_1256529,Shikohabad,shikohabad,,27.108,78.58661,99678,"[""shikoh?b?d""]",geolocations-indian-cities
city_1267588,Kasganj,kasganj,,27.80882,78.64579,99462,"[""k?sganj""]",geolocations-indian-cities
city_1256913,Sehore,sehore,,23.2,77.08333,99284,[],geolocations-indian-cities
city_1258474,Ranibennur,ranibennur,,14.62239,75.62951,99105,"[""r?n?bennur"", ""renibennur""]",geolocations-indian-cities
city_1269562,Jagtial,jagtial,,18.79473,78.91661,99035,"[""jagityala"", ""????????"", ""jagti?l""]",geolocations-indian-cities
city_1276325,Bhadrakh,bhadrakh,,21.05447,86.5156,98648,"[""bhadrak""]",geolocations-indian-cities
city_1275103,Bundi,bundi,,25.43855,75.63735,98569,"[""?????"", ""bundi city"", ""b?ndi""]",geolocations-indian-cities
city_1253993,Ooty,ooty,,11.4134,76.69521,98238,"[""udagamandalam"", ""ootacamund"", ""utakamand"", ""udhagamandalama"", ""udagamandalama"", ""udagamandal?m"", ""??????????"", ""udhagamandalam"", ""utakamantalam"", ""udakamandalam"", ""utakai"", ""?????????"", ""????"", ""udakamandaramu"", ""????????"", ""udhagai""]",geolocations-indian-cities
city_1262634,Mughal Sarai,mughal sarai,,25.28307,83.11968,98043,"[""moghulserdai"", ""mughal sar?i"", ""moghal sarai""]",geolocations-indian-cities
city_1256671,Shamli,shamli,,29.4497,77.30959,97966,"[""sh?mli""]",geolocations-indian-cities
city_1270077,Hinganghat,hinganghat,,20.54875,78.83978,97568,"[""hingangh?t""]",geolocations-indian-cities
city_1253166,Villupuram,villupuram,,11.93975,79.49244,97380,"[""villapurum""]",geolocations-indian-cities
city_1278931,Amalner,amalner,,21.03983,75.05887,97369,"[""aml nyr"", ""amalnr"", ""amalanera"", ""??????"", ""????????"", ""a ma er nei er"", ""??? ???"", ""?????"", ""???????"", ""amalnera""]",geolocations-indian-cities
city_1277936,Bagalkot,bagalkot,,16.18673,75.69614,97269,"[""b?galkot"", ""???????"", ""??????????"", ""????????"", ""ba jia er ke te"", ""?????????"", ""bagalakote"", ""pakalkot"", ""?????"", ""bagalakota""]",geolocations-indian-cities
city_1254780,Tellicherry,tellicherry,,11.74811,75.4929,97201,"[""tellicherri"", ""ta la si sai er yi"", ""talacceri"", ""tlshyry"", ""??????"", ""talasseri"", ""thalas'serya"", ""??????????"", ""thalassery"", ""????????"", ""tellichery""]",geolocations-indian-cities
city_1261848,Narasaraopet,narasaraopet,,16.23488,80.04927,97194,"[""????????????"", ""narasara'opet"", ""narasaravupeta"", ""???????? ???"", ""??????????"", ""na la sa la ao pei te"", ""narasara'opeta"", ""???????""]",geolocations-indian-cities
city_1262216,Nagaur,nagaur,,27.20201,73.73394,96847,"[""nagaur marwar"", ""n?gaur""]",geolocations-indian-cities
city_1261631,Nawada,nawada,,24.8867,85.54364,96730,"[""naw?da""]",geolocations-indian-cities
city_1269557,Jahanabad,jahanabad,,25.21368,84.9871,96387,[],geolocations-indian-cities
city_1274868,Chalisgaon,chalisgaon,,20.45781,75.01596,96381,"[""ch?lisgaon""]",geolocations-indian-cities
city_1275019,Buxar,buxar,,25.57548,83.98043,96120,[],geolocations-indian-cities
city_1257794,Sahibganj,sahibganj,,25.24425,87.63481,95890,"[""s?hibganj""]",geolocations-indian-cities
city_1260546,Pandharpur,pandharpur,,17.67924,75.33098,95665,"[""pandaripuramu"", ""???????????"", ""pan da er pu er"", ""pantaripuram"", ""padharapura"", ""??????????"", ""pandharapura"", ""?????"", ""???????"", ""pandkharpur""]",geolocations-indian-cities
city_1270090,Hindaun,hindaun,,26.73411,77.03519,95593,"[""????????????"", ""??????"", ""hindauna"", ""xin dao en"", ""???????"", ""hindaunanagaram"", ""hinda'una"", ""hindaun city"", ""????????"", ""???"", ""hindauna siti"", ""??????? ????"", ""hindona""]",geolocations-indian-cities
city_1266928,Khargone,khargone,,21.82292,75.61394,94985,"[""khargon""]",geolocations-indian-cities
city_1260290,Parli Vaijnath,parli vaijnath,,18.85057,76.53163,94863,"[""parli"", ""parli vaijn?th"", ""purli"", ""purli vaijnath""]",geolocations-indian-cities
city_1266489,Kishanganj,kishanganj,,26.10224,87.95534,94807,"[""kishanganj bazar""]",geolocations-indian-cities
city_1264292,Mainpuri,mainpuri,,27.22857,79.02882,94619,[],geolocations-indian-cities
city_1267084,Khamgaon,khamgaon,,20.70738,76.56827,94604,"[""kh?mgaon""]",geolocations-indian-cities
city_1262260,Negapatam,negapatam,,10.76377,79.84313,94238,"[""negapainttam city"", ""negapattinam"", ""n?gappattinam"", ""??????????"", ""nakappattinam"", ""nagapattinamu"", ""?????????"", ""nagapattinam"", ""nagappattinam"", ""nagappattinamu"", ""nagapatinam"", ""?????????????""]",geolocations-indian-cities
city_1274213,Chilakalurupet,chilakalurupet,,16.08987,80.16705,94011,[],geolocations-indian-cities
city_1270800,Gudiyatham,gudiyatham,,12.94601,78.87377,93973,[],geolocations-indian-cities
city_1264206,Makrana,makrana,,27.04361,74.72445,93904,"[""makr?na""]",geolocations-indian-cities
city_1277214,Banswara,banswara,,23.54109,74.4425,93648,"[""b?nsw?ra""]",geolocations-indian-cities
city_1277044,Baraut,baraut,,29.10199,77.26334,93544,[],geolocations-indian-cities
city_1258744,Closepet,closepet,,12.72181,77.28149,93528,"[""???????????"", ""r?managaram"", ""ramanagaram""]",geolocations-indian-cities
city_1268293,Kalyani,kalyani,,22.98333,88.48333,93184,"[""???????"", ""ka li ya ni"", ""????""]",geolocations-indian-cities
city_1255254,Tadpatri,tadpatri,,14.90832,78.01031,93044,"[""t?dpatri""]",geolocations-indian-cities
city_1267911,Kapurthala,kapurthala,,31.38011,75.38105,92667,"[""kapurtala"", ""kapurthala town"", ""kap?rthala""]",geolocations-indian-cities
city_1272513,Disa,disa,,24.25612,72.17928,92224,"[""???"", ""d?sa"", ""dis"", ""deesa""]",geolocations-indian-cities
city_1277557,Ballalpur,ballalpur,,19.84696,79.34578,92146,"[""ballarpur"", ""ball?lpur""]",geolocations-indian-cities
city_1266366,Kohima,kohima,,25.67467,94.11099,92113,"[""kokhima"", ""kokima"", ""koh?ma"", ""??????"", ""???"", ""?????"", ""keahima"", ""ke xi ma""]",geolocations-indian-cities
city_1276389,Betul,betul,,21.90056,77.90229,91953,"[""badnur"", ""bet?l"", ""badn\u00far""]",geolocations-indian-cities
city_1267885,Karaikkudi,karaikkudi,,10.06615,78.76784,91908,"[""karaikudi"", ""k?raikkudi""]",geolocations-indian-cities
city_1277643,Balangir,balangir,,20.70419,83.49029,91241,"[""bolangir"", ""bal?ng?r"", ""bol?ngir""]",geolocations-indian-cities
city_1273403,Datia,datia,,25.67312,78.45908,90628,[],geolocations-indian-cities
city_1253472,Valparai,valparai,,10.32691,76.95116,90353,"[""v?lp?rai""]",geolocations-indian-cities
city_1265891,Kovilpatti,kovilpatti,,9.17167,77.86989,90296,"[""???????????"", ""ke wei er pa di"", ""??????????"", ""koilpatti"", ""?????"", ""kobhilapatti"", ""kobilapatti""]",geolocations-indian-cities
city_1253437,Vaniyambadi,vaniyambadi,,12.68162,78.62014,90288,"[""????????????"", ""???????????"", ""fanymbdy"", ""v?nivamb?di"", ""v?niyamb?di"", ""wanyyambady"", ""vaniyamabadi"", ""??????"", ""vanivambadi"", ""???????"", ""??????????"", ""????????"", ""wnymbdy"", ""wa ni ye mu ba di"", ""baniyamabari"", ""vaniyampati""]",geolocations-indian-cities
city_1276191,Bhandara,bhandara,,21.16817,79.64885,90183,"[""bkhandara"", ""????????"", ""bhand?ra""]",geolocations-indian-cities
city_1258099,Roha,roha,,18.43687,73.11964,90000,"[""rohe"", ""roha-kolaba"", ""????""]",geolocations-indian-cities
city_1262578,Muktsar,muktsar,,30.47426,74.5166,89833,[],geolocations-indian-cities
city_1264735,Luckeesarai,luckeesarai,,25.1765,86.0947,89500,"[""lakhisarai"", ""luckesserai""]",geolocations-indian-cities
city_1276901,Barmer,barmer,,25.74572,71.39211,89487,"[""b?rmer""]",geolocations-indian-cities
city_1262453,Muradnagar,muradnagar,,28.78069,77.49865,89482,"[""muravnagar"", ""mur?dnagar""]",geolocations-indian-cities
city_1254432,Tinsukia,tinsukia,,27.48905,95.35992,89373,[],geolocations-indian-cities
city_1256739,Shahdol,shahdol,,23.29356,81.3619,89289,"[""satol"", ""sahdol"", ""saharola"", ""??????"", ""si ha he duo er"", ""?????"", ""???????"", ""sahadola""]",geolocations-indian-cities
city_1263694,Manjeri,manjeri,,11.12018,76.11996,89201,"[""man jie li"", ""manceri"", ""??????"", ""mnjyry"", ""???"", ""???????""]",geolocations-indian-cities
city_1264359,Mahoba,mahoba,,25.2905,79.87533,89170,"[""mahob?""]",geolocations-indian-cities
city_1344069,Contai,contai,,21.77985,87.74892,88702,[],geolocations-indian-cities
city_1257402,Sangrur,sangrur,,30.24506,75.84488,88615,"[""sangr?r""]",geolocations-indian-cities
city_1259440,Pollachi,pollachi,,10.65825,77.0085,88214,"[""bo la qi"", ""??????"", ""pollaci"", ""peallacci"", ""poll?chi"", ""??????????"", ""pollacci"", ""???"", ""pwlachy"", ""????????""]",geolocations-indian-cities
city_1273265,Deoband,deoband,,29.69505,77.67964,88171,"[""????????"", ""deobande""]",geolocations-indian-cities
city_1261470,Neyyattinkara,neyyattinkara,,8.39854,77.08586,88104,"[""neyy?ttinkara"", ""neyattinkara""]",geolocations-indian-cities
city_1255024,Tanda,tanda,,26.54953,82.65841,88073,"[""t?nd?""]",geolocations-indian-cities
city_1277084,Baran,baran,,25.1,76.51667,87478,"[""?????"", ""b?r?n""]",geolocations-indian-cities
city_1272997,Dhamtari,dhamtari,,20.70718,81.54874,87151,[],geolocations-indian-cities
city_1254385,Tiruchengode,tiruchengode,,11.38016,77.89444,87123,"[""????????????"", ""??????"", ""??????????"", ""tiruccenkotu"", ""??????????????"", ""di lu qin ge ao de"", ""tirucengode""]",geolocations-indian-cities
city_1274106,Chirala,chirala,,15.82385,80.35219,87001,"[""ch?r?la""]",geolocations-indian-cities
city_1268988,Jharia,jharia,,23.74079,86.41456,86938,"[""gu li ya"", ""?????"", ""???"", ""jhariya""]",geolocations-indian-cities
city_1279094,Akot,akot,,21.0963,77.0588,86917,"[""???"", ""????"", ""a ke te"", ""akat"", ""akota""]",geolocations-indian-cities
city_1258803,Rajpura,rajpura,,30.47856,76.59284,86820,"[""r?jpura"", ""kajpura""]",geolocations-indian-cities
city_1264588,Madgaon,madgaon,,15.27501,73.95786,86818,"[""marg\u00e3o"", ""??????"", ""margao""]",geolocations-indian-cities
city_1257198,Sardarshahr,sardarshahr,,28.44062,74.491,86672,[],geolocations-indian-cities
city_1263247,Mayiladuthurai,mayiladuthurai,,11.10354,79.655,86660,"[""????????????"", ""mayilatuturai"", ""ma yi la du tu lai"", ""???????????"", ""??????"", ""mayavaram"", ""mayiladuthuraya"", ""mayaveram"", ""m?y?ram"", ""mailadutturai"", ""m?yuram"", ""mayalanduthura'i"", ""???????????????"", ""mayiladuturai"", ""m?yavaram"", ""mayuram""]",geolocations-indian-cities
city_1268205,Kamthi,kamthi,,21.21615,79.1973,86213,"[""kamtha"", ""kampti"", ""kamptee"", ""k?mtha"", ""k?mthi""]",geolocations-indian-cities
city_1260393,Paradip Garh,paradip garh,,20.31641,86.6085,85868,"[""paradwip"", ""paradeep"", ""paradipur"", ""paradip"", ""p?r?dw?p"", ""par?d?p garh""]",geolocations-indian-cities
city_1260387,Paramagudi,paramagudi,,9.54633,78.5907,85695,[],geolocations-indian-cities
city_1261012,Osmanabad,osmanabad,,18.18158,76.03889,85521,"[""usmanabad"", ""??????"", ""osm?n?b?d"", ""usumanabado"", ""ao si ma na ba de"", ""omn"", ""osmanabada"", ""??????????"", ""?????????"", ""osamanabada"", ""????? ????"", ""usamanabada"", ""usmanabada""]",geolocations-indian-cities
city_1278340,Aruppukkottai,aruppukkottai,,9.5096,78.09588,85369,[],geolocations-indian-cities
city_1276829,Baruni,baruni,,25.47509,85.96813,84888,"[""??????"", ""b?runi"", ""barani""]",geolocations-indian-cities
city_1275679,Bijnor,bijnor,,29.373,78.13636,84593,"[""bijnora"", ""??????"", ""bjnwr"", ""bijanora"", ""pijnor"", ""bi jie nuo er"", ""????????"", ""bidzhnor"", ""????"", ""?????"", ""???????"", ""bijanaura""]",geolocations-indian-cities
city_1278688,Anakapalle,anakapalle,,17.69134,83.00395,84357,"[""anak?palle"", ""anakapalli"", ""?????????""]",geolocations-indian-cities
city_1262109,Najibabad,najibabad,,29.61194,78.34274,84006,"[""najibabab"", ""naj?b?b?d"", ""naj?b?b?b""]",geolocations-indian-cities
city_1273687,Dohad,dohad,,22.83283,74.25986,83966,"[""d?hod"", ""dahod""]",geolocations-indian-cities
city_1258686,Ramgarh,ramgarh,,23.6303,85.52156,83833,"[""r?mgarh""]",geolocations-indian-cities
city_1267394,Kavali,kavali,,14.9163,79.99449,83352,"[""k?vali""]",geolocations-indian-cities
city_1269247,Jangipur,jangipur,,24.47001,88.07659,82548,[],geolocations-indian-cities
city_1272892,Dhar,dhar,,22.59373,75.29774,82438,"[""dh?r"", ""dkhar"", ""????""]",geolocations-indian-cities
city_1270417,Hansi,hansi,,29.10239,75.96253,82407,"[""khansi"", ""h?nsi"", ""?????""]",geolocations-indian-cities
city_1268673,Kadiri,kadiri,,14.11168,78.15982,81498,"[""??????""]",geolocations-indian-cities
city_1272720,Dhoraji,dhoraji,,21.73359,70.45004,81445,"[""dhor?ji"", ""dhorail""]",geolocations-indian-cities
city_1258291,Rayachoti,rayachoti,,14.05723,78.75056,81433,"[""r?yachoti""]",geolocations-indian-cities
city_1267090,Khambhat,khambhat,,22.31744,72.61916,81328,"[""kambay"", ""cambay"", ""khambayat"", ""khambh?t"", ""khamb?yat""]",geolocations-indian-cities
city_1261288,Nirmal,nirmal,,19.09685,78.34407,80982,"[""??????"", ""ni er ma er"", ""????"", ""nirmala"", ""???????"", ""nrml""]",geolocations-indian-cities
city_1272045,Emmiganur,emmiganur,,15.77203,77.48345,80933,"[""emmiganuru"", ""emmigan?ru"", ""yemmiganur"", ""emmigan?r""]",geolocations-indian-cities
city_1269092,Jeypore,jeypore,,18.8563,82.5716,80837,"[""jaypur"", ""jeyepore"", ""pyb""]",geolocations-indian-cities
city_7279734,Kotkapura,kotkapura,,30.5819,74.83298,80741,[],geolocations-indian-cities
city_1253956,Udhampur,udhampur,,32.92431,75.13573,80447,"[""udhamapura"", ""??????"", ""???? ???"", ""????? ???"", ""udamapura"", ""udhamapuram"", ""udkhampur"", ""wu da mu pu er"", ""?????"", ""????????"", ""utampur""]",geolocations-indian-cities
city_1268601,Kairana,kairana,,29.39541,77.2054,80432,"[""kair?na""]",geolocations-indian-cities
city_1277661,Balaghat,balaghat,,21.8156,80.18845,80360,"[""b?l?gh?t"", ""burha""]",geolocations-indian-cities
city_1263622,Mansa,mansa,,29.98844,75.40167,80018,"[""m?nsa""]",geolocations-indian-cities
city_1278667,Anantnag,anantnag,,33.73068,75.15418,79821,"[""anantn?g"", ""annt nag"", ""islamabad"", ""isl?m?b?d"", ""??????"", ""anntnag"", ""???? ???"", ""???????"", ""??????????"", ""a na en te na ge"", ""?????????"", ""anantnaj"", ""????????"", ""anantanak"", ""anantanaga"", ""anatanaga""]",geolocations-indian-cities
city_1267887,Karaikal,karaikal,,10.91667,79.83333,79653,"[""k?rik?l"", ""karikal"", ""k?raik?l""]",geolocations-indian-cities
city_1268977,Jharsuguda,jharsuguda,,21.85531,84.00698,79492,"[""???????????"", ""?????"", ""gu er su gu da"", ""??????????"", ""jharsugra"", ""jh?rsugra"", ""?????????"", ""jharsugude"", ""jh?rsuguda"", ""jrg"", ""jharsogra"", ""jharasugura"", ""jharasugada"", ""jharsaguda"", ""jharsguda"", ""????????"", ""jharasuguda"", ""dzhkharsuguda""]",geolocations-indian-cities
city_1275194,Brajarajnagar,brajarajnagar,,21.81667,83.91667,79421,"[""brajrajnagar"", ""br?jar?jnagar""]",geolocations-indian-cities
city_1265938,Kottagudem,kottagudem,,17.55106,80.61779,79247,"[""kothagudem"", ""kottag?dem""]",geolocations-indian-cities
city_1261641,Nawabganj,nawabganj,,26.93129,81.19841,79246,"[""nawabgang"", ""naw?bganj""]",geolocations-indian-cities
city_1278471,Arakkonam,arakkonam,,13.08449,79.67053,79080,"[""arkonam""]",geolocations-indian-cities
city_1266436,Koch Bihar,koch bihar,,26.32539,89.44508,78737,"[""cooch behar"", ""kuch bihar"", ""koch bih?r"", ""coh"", ""kuch bih?r""]",geolocations-indian-cities
city_1272473,Dod Ballapur,dod ballapur,,13.29452,77.53777,78676,"[""dod ball?pur""]",geolocations-indian-cities
city_1276335,Bhadohi,bhadohi,,25.39526,82.5703,78568,"[""??????"", ""bhadoh?"", ""xxb"", ""???"", ""bhanadohi"", ""?????"", ""???????"", ""ba duo xi""]",geolocations-indian-cities
city_1267457,Katoya,katoya,,23.64558,88.13258,78408,"[""k?toya"", ""katwa""]",geolocations-indian-cities
city_1269291,Jamui,jamui,,24.92606,86.22531,78181,"[""jam??"", ""jam?i""]",geolocations-indian-cities
city_1270349,Harihar,harihar,,14.51288,75.80716,78034,"[""ha li ha er"", ""harihara"", ""?????"", ""????""]",geolocations-indian-cities
city_1263936,Mancheral,mancheral,,18.87074,79.42863,77998,"[""mancher?l"", ""manciryala"", ""?????????"", ""mancherial""]",geolocations-indian-cities
city_1268707,Kadayanallur,kadayanallur,,9.07277,77.34152,77772,"[""kadaiyanall?r"", ""kadaiyanallur""]",geolocations-indian-cities
city_1273626,Daltonganj,daltonganj,,24.03971,84.0658,77704,"[""???????????"", ""daltanaganjanagaram"", ""daltongandzh"", ""medninagar"", ""daltanaganja"", ""daltenganj"", ""??????????"", ""?????????"", ""da er tong ge a en jie"", ""???????????????"", ""daltongganj"", ""d?ltenganj"", ""medininagar"", ""???????""]",geolocations-indian-cities
city_1271949,Faridkot,faridkot,,30.67399,74.75579,77450,"[""far?dkot""]",geolocations-indian-cities
city_1277525,Balrampur,balrampur,,27.42949,82.18545,77396,"[""balr?mpur""]",geolocations-indian-cities
city_1277085,Baramula,baramula,,34.209,74.34285,77276,[],geolocations-indian-cities
city_1272689,Dhulian,dhulian,,24.68127,87.9535,77070,"[""dhuli?n""]",geolocations-indian-cities
city_1263275,Mawana,mawana,,29.10288,77.92199,76973,"[""maw?na""]",geolocations-indian-cities
city_1267648,Karur,karur,,10.95771,78.08095,76915,"[""karuru"", ""kar?r"", ""??????"", ""karura"", ""ka lu er"", ""kaluleu"", ""???"", ""karwr"", ""????"", ""?????"", ""krwr""]",geolocations-indian-cities
city_1265605,Kundla,kundla,,21.34222,71.30633,76809,[],geolocations-indian-cities
city_1263664,Manmad,manmad,,20.25334,74.43755,76722,"[""manm?d""]",geolocations-indian-cities
city_1268011,Kannauj,kannauj,,27.05524,79.9188,76714,"[""kannaudzh"", ""ka nao jie"", ""??????"", ""kanauj"", ""kannauja"", ""kannoci"", ""kanauja"", ""????????"", ""kannoja"", ""k\u00e2nnauj"", ""qnwj"", ""???"", ""kanauji"", ""????"", ""kanaudzh"", ""?????"", ""???????""]",geolocations-indian-cities
city_1264138,Malaut,malaut,,30.21121,74.4818,76616,[],geolocations-indian-cities
city_1262200,Nagina,nagina,,29.44433,78.43646,76593,"[""nag?na""]",geolocations-indian-cities
city_1278023,Badagara,badagara,,11.59776,75.58142,76493,"[""vatakara""]",geolocations-indian-cities
city_1269578,Jagdalpur,jagdalpur,,19.08136,82.02131,76465,"[""jagadalapura"", ""jgb"", ""dzhagdalpur"", ""??????"", ""jgdlpwr"", ""??????????"", ""????????"", ""gu ge da er pu er"", ""jagadalpura"", ""???????""]",geolocations-indian-cities
city_1268775,Jhumri Telaiya,jhumri telaiya,,24.4349,85.52951,76341,"[""jumri tilaiy?"", ""kodarma"", ""jhumri tellaya"", ""jumri tilaiya""]",geolocations-indian-cities
city_1277723,Baj Baj,baj baj,,22.47514,88.17767,76159,"[""budge budge""]",geolocations-indian-cities
city_1266179,Konnagar,konnagar,,22.70508,88.34446,76082,[],geolocations-indian-cities
city_1258338,Ratnagiri,ratnagiri,,16.99154,73.31022,75986,"[""rtnagry"", ""???????????"", ""ratn?giri"", ""la te na ji li"", ""rtc"", ""??????????"", ""????????"", ""?????????"", ""rutnagherry"", ""?????"", ""???????"", ""irattinakiri""]",geolocations-indian-cities
city_1270072,Hingoli,hingoli,,19.71464,77.14238,75878,"[""??????"", ""xing ge ao li"", ""????????"", ""khingoli"", ""????"", ""???????""]",geolocations-indian-cities
city_1275388,Bodinayakkanur,bodinayakkanur,,10.01171,77.34976,75680,"[""bodinayakanur"", ""bodin?yakkan?r""]",geolocations-indian-cities
city_1267195,Khadki,khadki,,18.5635,73.85205,75654,"[""kirkee""]",geolocations-indian-cities
city_1272701,Dhrangadhra,dhrangadhra,,22.99167,71.46793,75578,"[""dhr?ngadra"", ""dhr?ngadhra"", ""dhrangadra""]",geolocations-indian-cities
city_1260667,Paloncha,paloncha,,17.60184,80.70509,75224,[],geolocations-indian-cities
city_1270791,Gudur,gudur,,14.15093,79.8521,74851,"[""g?d?r""]",geolocations-indian-cities
city_1278553,Ankleshwar,ankleshwar,,21.63236,72.99001,74742,"[""anklesvar""]",geolocations-indian-cities
city_1254534,Tikamgarh,tikamgarh,,24.74327,78.83061,74724,"[""t?kamgarh""]",geolocations-indian-cities
city_1255616,Srivilliputhur,srivilliputhur,,9.51272,77.63369,74370,"[""srivilli putturu"", ""???????"", ""?????????? ????????"", ""sribilliputhura"", ""???????????????"", ""si li wei li pu tu er"", ""tiruvilliputtur"", ""??????????????????""]",geolocations-indian-cities
city_1255947,Sivakasi,sivakasi,,9.44999,77.79797,74282,"[""sivak?si"", ""civakaci"", ""sibakasi"", ""????????"", ""????"", ""xi wa ka xi"", ""???????""]",geolocations-indian-cities
city_1259680,Pilkhua,pilkhua,,28.71271,77.656,74212,"[""pilkhuwa""]",geolocations-indian-cities
city_1278862,Ambajogai,ambajogai,,18.73312,76.38616,74114,"[""momin?b?d"", ""amb?jog?i"", ""ambejogai"", ""mominabad"", ""ambe""]",geolocations-indian-cities
city_1276574,Bela,bela,,25.92058,81.99629,73992,"[""pratapgarh"", ""bela partabgarh"", ""????"", ""partapgarh""]",geolocations-indian-cities
city_1275391,Bodhan,bodhan,,18.66208,77.88581,73938,"[""?????""]",geolocations-indian-cities
city_1259083,Rabkavi,rabkavi,,16.47567,75.1106,73835,[],geolocations-indian-cities
city_1267819,Karauli,karauli,,26.49831,77.02755,73717,"[""??????"", ""???"", ""ka lao li"", ""?????"", ""???????""]",geolocations-indian-cities
city_11184442,Savarkundla,savarkundla,,21.33726,71.3035,73695,[],geolocations-indian-cities
city_1256755,Shahabad,shahabad,,27.6431,79.9402,73606,"[""sh?h?b?d"", ""hardoi""]",geolocations-indian-cities
city_1274714,Chandpur,chandpur,,29.13489,78.27187,73555,"[""bijnor"", ""ch?ndpur""]",geolocations-indian-cities
city_1271067,Gokak,gokak,,16.16901,74.82393,73478,"[""?????"", ""gok?k""]",geolocations-indian-cities
city_1256329,Sikandarabad,sikandarabad,,28.45226,77.70004,73379,"[""sikandar?b?d"", ""sikandrabad""]",geolocations-indian-cities
city_1253113,Virudunagar,virudunagar,,9.58509,77.95787,73273,"[""virudupatti"", ""virudhupatti""]",geolocations-indian-cities
city_1273369,Dausa,dausa,,26.89,76.33584,73034,"[""daosa"", ""??"", ""dao sa"", ""????"", ""da'usa"", ""?????""]",geolocations-indian-cities
city_1253468,Valsad,valsad,,20.61013,72.93428,72929,"[""wals?d"", ""buls?r"", ""bulsar"", ""vals?d"", ""walsad""]",geolocations-indian-cities
city_1278827,Ambikapur,ambikapur,,23.11892,83.19537,72821,"[""surguja"", ""surquja"", ""ambik?pur""]",geolocations-indian-cities
city_1260730,Palghar,palghar,,19.69693,72.76543,72335,"[""p?lghar""]",geolocations-indian-cities
city_1272873,Dharapuram,dharapuram,,10.73828,77.53223,72291,"[""da la pu la mu"", ""tarapuram"", ""?????????"", ""dh?r?puram"", ""?????"", ""????????"", ""dharapurama""]",geolocations-indian-cities
city_1274129,Chintamani,chintamani,,13.40051,78.05172,71798,"[""?????????"", ""chint?mani""]",geolocations-indian-cities
city_1271947,Faridpur,faridpur,,28.20997,79.54149,71783,"[""far?dpur"", ""bharatpur""]",geolocations-indian-cities
city_1259154,Pusad,pusad,,19.91274,77.57838,71588,[],geolocations-indian-cities
city_1264555,Madhubani,madhubani,,26.35367,86.07169,71582,"[""?????????"", ""madkhubani""]",geolocations-indian-cities
city_1256039,Sirsilla,sirsilla,,18.38865,78.81048,71499,"[""sirisilla"", ""?????????""]",geolocations-indian-cities
city_7279741,Vapi,vapi,,20.37175,72.90493,71395,"[""wapi"", ""vappi"", ""??????"", ""w?pi"", ""wapy"", ""???"", ""????"", ""bapi"", ""wpy""]",geolocations-indian-cities
city_1268259,Kamareddi,kamareddi,,18.32001,78.34177,71042,"[""k?m?reddi"", ""kamareddipet"", ""kamaredi""]",geolocations-indian-cities
city_1275346,Bolpur,bolpur,,23.66278,87.69695,70998,"[""bo er pu er"", ""??????"", ""bolapura pascima bangala"", ""?????? ?????? ?????"", ""????"", ""bolapura""]",geolocations-indian-cities
city_1258546,Ranaghat,ranaghat,,23.17623,88.56667,70984,"[""r?n?gh?t""]",geolocations-indian-cities
city_1271891,Fazilka,fazilka,,30.40207,74.02836,70887,"[""f?zilka"", ""fazika""]",geolocations-indian-cities
city_1276378,Beypore,beypore,,11.17151,75.80611,70751,"[""beypur"", ""peppur"", ""???????"", ""beipur"", ""beyapare"", ""bepura"", ""beppur"", ""????"", ""?????"", ""????????"", ""bei yi bo lei""]",geolocations-indian-cities
city_1273724,Dadri,dadri,,28.55257,77.55403,70609,"[""d?dri""]",geolocations-indian-cities
city_1278152,Auraiya,auraiya,,26.46517,79.50918,70508,"[""?????"", ""??????"", ""ao lai ye"", ""aurajja"", ""aura'iya"", ""awrya"", ""???"", ""a'ura'iya"", ""????????"", ""etawah""]",geolocations-indian-cities
city_1277183,Bapatla,bapatla,,15.90422,80.46743,70117,"[""b?patla""]",geolocations-indian-cities
city_1259994,Payyannur,payyannur,,12.0935,75.20249,70069,"[""payyann?r"", ""payyanur""]",geolocations-indian-cities
city_1255121,Talipparamba,talipparamba,,12.04161,75.35927,69878,"[""???????????"", ""taliparamba"", ""talipparampa"", ""??????"", ""talipparamp"", ""ta li pa la mu ba"", ""????????"", ""tullipurmbu""]",geolocations-indian-cities
city_1254444,Tindivanam,tindivanam,,12.234,79.65551,69839,"[""tindivangam""]",geolocations-indian-cities
city_1256475,Shirpur,shirpur,,21.34821,74.88035,69540,"[""???????"", ""shirpure""]",geolocations-indian-cities
city_1276752,Basoda,basoda,,23.85153,77.93652,69278,"[""b?soda""]",geolocations-indian-cities
city_1268820,Jorhat,jorhat,,26.75751,94.20306,69033,"[""jorh?t"", ""dzhorkhat"", ""sibs\u00e1gar"", ""jrh"", ""sibsagar"", ""???????""]",geolocations-indian-cities
city_1256207,Sindhnur,sindhnur,,15.76983,76.75581,68793,"[""sindhn?r""]",geolocations-indian-cities
city_1276988,Bargarh,bargarh,,21.33348,83.61905,68670,"[""baragadha"", ""baragarh"", ""??????"", ""bargadh"", ""baragara"", ""bargarkh"", ""????"", ""ba er jia er"", ""?????"", ""???????"", ""parkaht""]",geolocations-indian-cities
city_1252908,Washim,washim,,20.11128,77.133,68622,"[""w?sh?m"", ""basim"", ""b?sim""]",geolocations-indian-cities
city_1253095,Visnagar,visnagar,,23.69855,72.5521,68619,[],geolocations-indian-cities
city_7302847,Palwancha,palwancha,,17.58152,80.67651,68561,"[""paloncha""]",geolocations-indian-cities
city_1267227,Keshod,keshod,,21.30328,70.24861,68518,"[""kesod"", ""ixk""]",geolocations-indian-cities
city_1268015,Kannangad,kannangad,,12.30814,75.10632,68450,"[""kanhangad"", ""k?nnang?d""]",geolocations-indian-cities
city_1275481,Bisalpur,bisalpur,,28.29253,79.80472,68355,"[""b?salpur""]",geolocations-indian-cities
city_1254953,Tanuku,tanuku,,16.75438,81.68143,68290,"[""tanuku mandala"", ""tnwkw"", ""??????"", ""tanukku"", ""ta nu ku"", ""???"", ""????? ?????"", ""?????"", ""???????""]",geolocations-indian-cities
city_1278178,Attili,attili,,16.7,81.6,68196,[],geolocations-indian-cities
city_1277527,Balotra,balotra,,25.83242,72.24,68120,"[""b?lotra""]",geolocations-indian-cities
city_7279595,Pithampur,pithampur,,22.60197,75.69649,68051,[],geolocations-indian-cities
city_1262463,Munnar,munnar,,10.08818,77.06239,68000,"[""??????"", ""munara"", ""mwnar"", ""munnara"", ""????????"", ""?????"", ""???????"", ""munar""]",geolocations-indian-cities
city_1274821,Chamrajnagar,chamrajnagar,,11.92312,76.93949,67992,[],geolocations-indian-cities
city_1260040,Pattukkottai,pattukkottai,,10.42358,79.31949,67982,"[""pattukotta'i"", ""pattukkotta'i"", ""pa tu ke tai"", ""???????????????"", ""????"", ""?????????????""]",geolocations-indian-cities
city_1269507,Jaisalmer,jaisalmer,,26.91763,70.90387,67604,"[""jayasalamera"", ""tzaisalmer"", ""jeycalmer"", ""gu sha mei er"", ""jaisarumeru"", ""??????????"", ""jyslmyr"", ""jsa"", ""dzhajsalmer"", ""jailsamer"", ""???????????"", ""dzaisalmer"", ""????"", ""jaisalamera"", ""jaisalmeleu"", ""jesalamera"", ""d\u009eaisalm\u00e9r"", ""???????"", ""?????????"", ""?????"", ""????????"", ""dzsaiszalmer""]",geolocations-indian-cities
city_1278446,Araria,araria,,26.14934,87.51323,67474,"[""arariya"", ""ararya"", ""ararija"", ""??????"", ""ar?ria"", ""?????"", ""arry?""]",geolocations-indian-cities
city_1270375,Harda Khas,harda khas,,22.34414,77.09536,67387,"[""harda kh?s"", ""harda""]",geolocations-indian-cities
city_1257436,Sangamner,sangamner,,19.56784,74.21154,67309,"[""sangamnor""]",geolocations-indian-cities
city_1269217,Jaora,jaora,,23.63783,75.12711,67203,"[""jaor?""]",geolocations-indian-cities
city_1275117,Buldana,buldana,,20.52933,76.18457,66991,[],geolocations-indian-cities
city_1263103,Mettupalayam,mettupalayam,,11.29971,76.93485,66944,"[""???????????"", ""mettupalayam koyambatturu"", ""mettupalaiyam"", ""mettupalayam-coimbatore"", ""mettup?laiyam"", ""???????????????"", ""mettupalayama"", ""??????????? ???????????"", ""mettuppalaiyam"", ""mettupp?laiyam""]",geolocations-indian-cities
city_1278573,Anjar,anjar,,23.11316,70.02671,66888,"[""anj?r"", ""????????"", ""andzharom""]",geolocations-indian-cities
city_7302806,Bellampalli,bellampalli,,19.05577,79.493,66660,"[""???????????"", ""bellampalle""]",geolocations-indian-cities
city_1274641,Channapatna,channapatna,,12.65143,77.20672,66647,"[""channapatan""]",geolocations-indian-cities
city_1258366,Ratangarh,ratangarh,,28.08137,74.61854,66625,[],geolocations-indian-cities
city_1265863,Krishnagiri,krishnagiri,,12.51921,78.21382,66419,"[""???????"", ""??????????"", ""?????????"", ""ke li si he na ji li"", ""kurishunagiri"", ""krshnagry"", ""kiruttinakiri"", ""????????"", ""?????????????"", ""krsnagiri""]",geolocations-indian-cities
city_1258128,Rishikesh,rishikesh,,30.10778,78.29255,66390,"[""rish?kesh"", ""???????"", ""rikhikesh""]",geolocations-indian-cities
city_1270845,Goyerkata,goyerkata,,26.69984,89.02565,66358,[],geolocations-indian-cities
city_1274928,Chaibasa,chaibasa,,22.55038,85.80249,66252,"[""ch??b?sa""]",geolocations-indian-cities
city_7302829,Mandamarri,mandamarri,,18.96506,79.47475,66176,"[""????????""]",geolocations-indian-cities
city_1260671,Palani,palani,,10.45034,77.5209,66085,"[""pa la ni"", ""??????"", ""palni"", ""???"", ""????""]",geolocations-indian-cities
city_1261772,Narnaul,narnaul,,28.04444,76.10833,66049,"[""n?rnaul""]",geolocations-indian-cities
city_1272847,Dharmapuri,dharmapuri,,12.1277,78.15794,66017,"[""darumapuri"", ""tarmapuri"", ""??????????"", ""?????????"", ""?????"", ""????????"", ""da er ma pu li"", ""dkharmapuri""]",geolocations-indian-cities
city_1271934,Fatehabad,fatehabad,,29.51525,75.45554,66013,"[""fatahabad"", ""fateh?b?d""]",geolocations-indian-cities
city_1260771,Palasa,palasa,,18.77257,84.41012,65833,"[""pal?sa"", ""????""]",geolocations-indian-cities
city_1276783,Basavakalyan,basavakalyan,,17.87445,76.94972,65805,"[""kaly?ni"", ""basavakaly?n"", ""kalyani""]",geolocations-indian-cities
city_1274430,Chingleput,chingleput,,12.69184,79.97661,65689,"[""qin ge a er pa tu"", ""????????????"", ""chengalpat"", ""??????"", ""chengalpattu"", ""??????????"", ""cengalapattu"", ""cenkalpattu"", ""?????????????""]",geolocations-indian-cities
city_1273992,Chopda,chopda,,21.24578,75.29946,65598,[],geolocations-indian-cities
city_1260607,Panaji,panaji,,15.49574,73.82624,65586,"[""???"", ""?????"", ""??????"", ""???????"", ""pn chi"", ""panadzsi"", ""nova goa"", ""panadzi"", ""panad\u009e\u00ed"", ""pangim"", ""panadzhi"", ""pa na ji"", ""panjy"", ""pnjy"", ""panad\u009eis"", ""????"", ""panadzis"", ""panjim""]",geolocations-indian-cities
city_1254744,Thenkasi,thenkasi,,8.96003,77.31525,65496,"[""tenkasi"", ""tenk?si""]",geolocations-indian-cities
city_1252822,Yadgir,yadgir,,16.77007,77.13755,65376,"[""y?dg?r""]",geolocations-indian-cities
city_1271670,Gangarampur,gangarampur,,25.40138,88.52978,65316,"[""gang?r?mpur""]",geolocations-indian-cities
city_1258740,Ramanathapuram,ramanathapuram,,9.37158,78.83077,65314,"[""????????????"", ""???????????"", ""ramanatkhapuram"", ""ramanthapurama"", ""ramanatapuramu"", ""ramanatkhapurama"", ""???????"", ""??????????"", ""?????????"", ""iramanatapuram"", ""??????????????"", ""???????????????"", ""r?man?thapuram"", ""la ma na ta pu la mu"", ""ramanathapurama"", ""ramnad"", ""ramanthapuram""]",geolocations-indian-cities
city_1269564,Jagraon,jagraon,,30.78783,75.47391,65305,"[""?????"", ""jagara'um"", ""jagararana"", ""??????"", ""???????"", ""????????"", ""jagra'om"", ""gu ge la ao en"", ""jagravam""]",geolocations-indian-cities
city_1279003,Alipur Duar,alipur duar,,26.4835,89.52286,65232,"[""alipurduar"", ""alipur duars"", ""al?pur du?r"", ""alipur""]",geolocations-indian-cities
city_1266162,Kopargaon,kopargaon,,19.88239,74.47605,65116,[],geolocations-indian-cities
city_1275321,Bongaigaon,bongaigaon,,26.47703,90.55815,64902,[],geolocations-indian-cities
city_1264071,Malkapur,malkapur,,20.88555,76.19932,64812,"[""malk?pur""]",geolocations-indian-cities
city_1267853,Karanja,karanja,,20.48273,77.48857,64734,"[""karandzha"", ""karanja bibi"", ""k?ranja bibi"", ""k?ranja"", ""????????""]",geolocations-indian-cities
city_1266849,Khatauli,khatauli,,29.27844,77.73302,64731,[],geolocations-indian-cities
city_1278297,Ashoknagar,ashoknagar,,24.57578,77.73123,64722,"[""a si huo ke na jia er"", ""asokanagara"", ""???? ???"", ""acok nakar"", ""??????? ??????"", ""asokanagara jilla"", ""pachhar"", ""?????????"", ""ashwk ngr"", ""ashok nagar"", ""????? ????"", ""???????"", ""asokanagaram"", ""pachh?r""]",geolocations-indian-cities
city_1255955,Siuri,siuri,,23.90806,87.52773,64659,"[""suri"", ""s?ri""]",geolocations-indian-cities
city_1262319,Nabha,nabha,,30.37577,76.15292,64640,"[""n?bha""]",geolocations-indian-cities
city_1256377,Siddipet,siddipet,,18.10483,78.84858,64562,"[""?????????"", ""siddipeta""]",geolocations-indian-cities
city_1276023,Bhawanipatna,bhawanipatna,,19.90717,83.16697,64468,"[""bhaw?nipatna""]",geolocations-indian-cities
city_1266666,Khopoli,khopoli,,18.78562,73.34589,64460,"[""ke bo li"", ""???????"", ""???"", ""??????""]",geolocations-indian-cities
city_1267635,Karwar,karwar,,14.81361,74.12972,64457,"[""??????"", ""kararaara"", ""karavara"", ""k?rw?r"", ""ka er wa er"", ""kara'oyara"", ""kawar"", ""krwar"", ""k\u00e1rv\u00e1r"", ""????"", ""?????"", ""????????"", ""karavaram"", ""karvar""]",geolocations-indian-cities
city_1267360,Kayankulam,kayankulam,,9.18173,76.50093,64183,"[""kayamkulam"", ""k?yankulam"", ""kayangulam""]",geolocations-indian-cities
city_7302830,Chinnachowk,chinnachowk,,14.47516,78.8354,64053,"[""chinna chowk""]",geolocations-indian-cities
city_1275462,Bishnupur,bishnupur,,23.0738,87.31991,64041,"[""vishnupur"", ""????????""]",geolocations-indian-cities
city_1263504,Markapur,markapur,,15.73534,79.26848,63982,"[""m?rk?pur""]",geolocations-indian-cities
city_1276757,Basmat,basmat,,19.32872,77.15746,63972,"[""basmath""]",geolocations-indian-cities
city_1277814,Baheri,baheri,,28.77416,79.4974,63953,[],geolocations-indian-cities
city_1265579,Kunnamkulam,kunnamkulam,,10.64667,76.06695,63903,"[""????????????"", ""???????????"", ""kunnankulam"", ""kun na mu ku lan"", ""??????????"", ""kunamkulam"", ""?????????"", ""kwnamkwlm"", ""?????"", ""kunnamakulama""]",geolocations-indian-cities
city_1259056,Raghogarh,raghogarh,,24.44318,77.19768,63873,"[""r?ghugarh"", ""raghugarh"", ""r?ghogarh""]",geolocations-indian-cities
city_1270965,Gopalganj,gopalganj,,26.46734,84.44041,63725,"[""gop?lganj""]",geolocations-indian-cities
city_1254046,Tura,tura,,25.51421,90.20239,63645,[],geolocations-indian-cities
city_1258797,Rajsamand,rajsamand,,25.07145,73.8798,63414,"[""r?jsamand""]",geolocations-indian-cities
city_1255004,Tandur,tandur,,17.24849,77.57698,63239,"[""t?nd?r""]",geolocations-indian-cities
city_10630431,Kalamassery,kalamassery,,10.0614,76.32631,63176,[],geolocations-indian-cities
city_1255361,Suratgarh,suratgarh,,29.3215,73.89979,63153,"[""?????????"", ""s?ratgarh"", ""suratgarkh""]",geolocations-indian-cities
city_1263659,Mannargudi,mannargudi,,10.66626,79.45064,63148,"[""????????????"", ""???????????"", ""?????"", ""??????????"", ""mann?rgudi"", ""ma na er gu di"", ""mannaraguri"", ""mannarkuti""]",geolocations-indian-cities
city_1255714,Sopur,sopur,,34.28671,74.47228,63035,"[""sopore"", ""sopor""]",geolocations-indian-cities
city_1278454,Arni,arni,,12.66771,79.28529,62858,"[""arani"", ""?rani""]",geolocations-indian-cities
city_1274987,Kannur,kannur,,11.86752,75.35763,62836,"[""kannara"", ""kanura"", ""??????"", ""the crown of kerala"", ""kannanur"", ""kannanuru"", ""knwr"", ""kanwr"", ""kannu?"", ""cananor"", ""cannanore"", ""kan'nuru"", ""???????????"", ""kannura"", ""cnn"", ""????"", ""the city of looms and lores"", ""kananorskom"", ""?????????"", ""kanoor"", ""?????"", ""???????""]",geolocations-indian-cities
city_1272694,Dhuburi,dhuburi,,26.01856,89.98564,62525,"[""dubri"", ""?????"", ""dhubri"", ""dhubari""]",geolocations-indian-cities
city_1259263,Puliyangudi,puliyangudi,,9.17489,77.39799,62494,"[""puliyankudi""]",geolocations-indian-cities
city_1256593,Sheopur,sheopur,,25.66472,76.69616,62416,"[""serapura"", ""??????"", ""syopuram"", ""se'opura"", ""syopura"", ""?????????"", ""sheopur kalan"", ""si he ao pu er"", ""?????"", ""???????""]",geolocations-indian-cities
city_1258207,Renukut,renukut,,24.21641,83.0358,62413,"[""renukoot"", ""renuk?t""]",geolocations-indian-cities
city_1272780,Dhenkanal,dhenkanal,,20.65744,85.59693,62230,"[""dhenk?n?l""]",geolocations-indian-cities
city_1273745,Dabwali,dabwali,,29.94906,74.73832,62113,[],geolocations-indian-cities
city_1256388,Sibsagar,sibsagar,,26.98427,94.63784,62104,"[""sibsagor naga bhumi"", ""????????"", ""sibs?gar""]",geolocations-indian-cities
city_1264154,Malappuram,malappuram,,11.04199,76.08154,61743,"[""??????"", ""malabwram"", ""malappurama"", ""???????"", ""??????????"", ""????????"", ""?????????"", ""????"", ""ma la pu nan"", ""mlapwrm"", ""ma la pu pu la mu""]",geolocations-indian-cities
city_1258352,Rath,rath,,25.59474,79.5666,61728,"[""rata"", ""r?th"", ""????""]",geolocations-indian-cities
city_1269328,Jamkhandi,jamkhandi,,16.50461,75.29146,61690,[],geolocations-indian-cities
city_1256047,Sirsi,sirsi,,14.62072,74.83554,61607,"[""sirasi"", ""??????"", ""???"", ""xi er xi"", ""?????""]",geolocations-indian-cities
city_1253080,Vriddhachalam,vriddhachalam,,11.5183,79.32411,61498,[],geolocations-indian-cities
city_1253150,Vinukonda,vinukonda,,16.0531,79.73964,61326,[],geolocations-indian-cities
city_1254420,Tiptur,tiptur,,13.2563,76.47768,60957,"[""tipt?r""]",geolocations-indian-cities
city_1257800,Sahaswan,sahaswan,,28.07227,78.75082,60953,"[""sahasw?n""]",geolocations-indian-cities
city_1266154,Koppal,koppal,,15.34522,76.15478,60868,"[""??????"", ""ke pu pa er"", ""???????"", ""kopbal"", ""????"", ""koppala"", ""kappal""]",geolocations-indian-cities
city_1256087,Sirhind,sirhind,,30.64321,76.38421,60847,[],geolocations-indian-cities
city_1273751,Dabra,dabra,,25.88572,78.33221,60836,[],geolocations-indian-cities
city_1268246,Cumbum,cumbum,,9.73647,77.2847,60828,"[""kambam""]",geolocations-indian-cities
city_1278466,Arambagh,arambagh,,22.88333,87.78333,60639,"[""ar?mb?gh""]",geolocations-indian-cities
city_1270099,Himatnagar,himatnagar,,23.59893,72.96602,60634,"[""ahmednagar"", ""ahmadnagar""]",geolocations-indian-cities
city_1265331,Ladnun,ladnun,,27.65312,74.39993,60490,[],geolocations-indian-cities
city_1261309,Nipani,nipani,,16.399,74.38285,60351,"[""nimpani"", ""nip?ni""]",geolocations-indian-cities
city_1275230,Borsad,borsad,,22.40788,72.89817,60271,[],geolocations-indian-cities
city_1266124,Koratla,koratla,,18.82154,78.71186,60231,[],geolocations-indian-cities
city_1266509,Kiratpur,kiratpur,,29.50671,78.20613,60223,"[""k?ratpur""]",geolocations-indian-cities
city_1253079,Vrindavan,vrindavan,,27.58105,77.69662,60195,"[""vrind?ban"", ""vrind?van"", ""brind?ban"", ""vrindaban"", ""?????????"", ""brindaban""]",geolocations-indian-cities
city_1270171,Haveri,haveri,,14.79354,75.40448,60155,"[""h?veri""]",geolocations-indian-cities
city_1255396,Supaul,supaul,,26.11527,86.59509,60020,[],geolocations-indian-cities
city_1271175,Giridih,giridih,,24.18622,86.30875,60000,"[""??????"", ""girid'iha"", ""gry?y?"", ""g?r?d?h"", ""???????"", ""girid'iha jila"", ""??????? ????"", ""giridi""]",geolocations-indian-cities
city_1258290,Rayadrug,rayadrug,,14.69971,76.85241,59968,[],geolocations-indian-cities
city_1261181,North Lakhimpur,north lakhimpur,,27.23517,94.10357,59841,"[""uttara laksmipura"", ""uttari lakhimapura"", ""????? ????????"", ""auyam laksipura"", ""uttara lakhimapura"", ""????? ???????"", ""?????-?????????"", ""?????? ???????"", ""???????"", ""uttara-lakhimapuram"", ""????????"", ""nuo er te la ji mu pu er"", ""lakhimpur"", ""????? ??????????"", ""lakhimapura"", ""ixi""]",geolocations-indian-cities
city_1254274,Tohana,tohana,,29.71332,75.90441,59749,"[""toh?na""]",geolocations-indian-cities
city_1271644,Gangoh,gangoh,,29.78004,77.26346,59519,[],geolocations-indian-cities
city_1265911,Kottayam,kottayam,,9.58692,76.52132,59437,"[""keattayam"", ""??????"", ""kottajam"", ""????????"", ""?????????"", ""kottayama"", ""???"", ""ke te ta ye mu"", ""?????"", ""???????"", ""kotayam"", ""kattayama""]",geolocations-indian-cities
city_1263797,Mangalagiri,mangalagiri,,16.43083,80.56815,59391,"[""??????"", ""mang ge a la ji li"", ""??????????"", ""mankalakiri"", ""?????????"", ""????????""]",geolocations-indian-cities
city_1261852,Narasapur,narasapur,,16.43425,81.69845,59306,"[""?????"", ""narasapuram"", ""narasapuram mandala"", ""????????? ????? ??????? ???"", ""naracapuram mantalam"", ""narsapur"", ""??????????"", ""????????? ???????"", ""na er sa pu er"", ""???????? ?????"", ""????????""]",geolocations-indian-cities
city_1257431,Sangareddi,sangareddi,,17.62477,78.08669,59199,"[""sangareddypeta"", ""sangareddipet"", ""??????????"", ""sang?reddi""]",geolocations-indian-cities
city_1266416,Kodar,kodar,,16.9985,79.9656,59170,[],geolocations-indian-cities
city_1253888,Ullal,ullal,,12.80569,74.86058,59116,"[""ullai"", ""ulaul"", ""ull?l""]",geolocations-indian-cities
city_1263752,Mangrol,mangrol,,21.12268,70.11484,58989,"[""mangral"", ""mungrol"", ""m?ngrol"", ""m?ngral""]",geolocations-indian-cities
city_1271049,Gola Gokarannath,gola gokarannath,,28.07837,80.47054,58986,"[""gola"", ""gola gokarann?th""]",geolocations-indian-cities
city_1262958,Modasa,modasa,,23.46253,73.29857,58970,"[""modassa"", ""mod?sa""]",geolocations-indian-cities
city_1254710,Tezpur,tezpur,,26.63333,92.8,58851,"[""tejapura"", ""??????"", ""tyzpwr"", ""tai ci pu er"", ""darrang"", ""????"", ""tez""]",geolocations-indian-cities
city_1254589,Thiruvarur,thiruvarur,,10.77269,79.6368,58777,"[""tiruvarura"", ""thirubarura"", ""tiruvarur"", ""tirnvalur"", ""tiruvalur"", ""di lu wa lu er"", ""thiruv?r?r"", ""??????????"", ""?????????"", ""tiruvu~aruru"", ""tiruv?l?r"", ""?????"", ""????????"", ""tiruvaruru""]",geolocations-indian-cities
city_1278173,Attur,attur,,11.59414,78.60143,58702,"[""attura"", ""??????"", ""atur-salem"", ""?tt?r"", ""???????""]",geolocations-indian-cities
city_1274256,Chidambaram,chidambaram,,11.39933,79.69144,58650,"[""citamparam"", ""chitdambaram"", ""cidambaram"", ""?idambaram"", ""??????????"", ""?????????"", ""?????"", ""???????"", ""ji deng bo lei mu"", ""cidambarama""]",geolocations-indian-cities
city_1254868,Tarn Taran,tarn taran,,31.45191,74.92777,58585,"[""tarn t?ran""]",geolocations-indian-cities
city_1253944,Udumalaippettai,udumalaippettai,,10.58806,77.24779,58571,"[""udamalpet""]",geolocations-indian-cities
city_1264793,Lonavla,lonavla,,18.75275,73.40575,58562,"[""lonavala"", ""lonauli""]",geolocations-indian-cities
city_1256750,Shahada,shahada,,21.54538,74.47106,58402,"[""sh?h?da""]",geolocations-indian-cities
city_1261613,Nawalgarh,nawalgarh,,27.85161,75.27384,58346,"[""na wa er jia er"", ""navalagadha"", ""?????""]",geolocations-indian-cities
city_1261553,Nedumangad,nedumangad,,8.60267,77.00139,58278,"[""nedumang?d""]",geolocations-indian-cities
city_1261369,Nimbahera,nimbahera,,24.62166,74.67999,58085,"[""n?mb?hera""]",geolocations-indian-cities
city_1268680,Kadi,kadi,,23.29908,72.33362,58066,[],geolocations-indian-cities
city_1256104,Sira,sira,,13.74155,76.9043,57928,"[""s?ra""]",geolocations-indian-cities
city_1274243,Chik Ballapur,chik ballapur,,13.43512,77.72787,57831,"[""chik ball?pur""]",geolocations-indian-cities
city_1277022,Bardoli,bardoli,,21.12297,73.11151,57810,"[""b?rdoli"", ""???????"", ""bardoti""]",geolocations-indian-cities
city_1268990,Jhargram,jhargram,,22.45384,86.99497,57796,"[""jh?ragr?m"", ""jharagram"", ""jh?rgr?m""]",geolocations-indian-cities
city_1257551,Samastipur,samastipur,,25.86222,85.77953,57575,"[""samast?pur"", ""sam?stipur""]",geolocations-indian-cities
city_1270947,Gobichettipalayam,gobichettipalayam,,11.45496,77.4422,57527,"[""gopichettipalaiyam"", ""gopichettip?laiyam"", ""kopiccettippalaiyam"", ""gobichettipalaiyam"", ""gobichettipalyam"", ""????????"", ""???????????????"", ""?????????????????????"", ""gobicettipalayama"", ""ge bi qie di pa la ye mu"", ""??????????????"", ""??????????????????"", ""?????????????""]",geolocations-indian-cities
city_1270251,Hasanpur,hasanpur,,28.72249,78.28436,57481,[],geolocations-indian-cities
city_1269551,Jahangirabad,jahangirabad,,28.40549,78.10588,57363,[],geolocations-indian-cities
city_1256569,Sherkot,sherkot,,29.32704,78.57429,57361,"[""bijnor""]",geolocations-indian-cities
city_1267439,Katras,katras,,23.79752,86.29834,57349,"[""k?tr?s""]",geolocations-indian-cities
city_1260792,Palakollu,palakollu,,16.5167,81.73,57341,"[""p?lakollu"", ""palacole""]",geolocations-indian-cities
city_1252960,Wani,wani,,20.05507,78.95313,57288,"[""vanja"", ""wun"", ""w?n"", ""????""]",geolocations-indian-cities
city_1262092,Naksalbari,naksalbari,,26.6827,88.22001,57283,"[""naksalb?ri"", ""naxalbari"", ""nakalbari"", ""nakalb?ri""]",geolocations-indian-cities
city_1254335,Tiruvalla,tiruvalla,,9.3816,76.57489,57223,"[""thiruvalla""]",geolocations-indian-cities
city_1259408,Ponnuru,ponnuru,,16.06547,80.55203,57170,[],geolocations-indian-cities
city_1272525,Diphu,diphu,,25.84341,93.43116,57097,"[""diphn""]",geolocations-indian-cities
city_1255983,Sitamarhi,sitamarhi,,26.59357,85.4906,57095,"[""s?t?marhi""]",geolocations-indian-cities
city_1274315,Chhibramau,chhibramau,,27.14872,79.50078,57071,"[""chhibr?mau""]",geolocations-indian-cities
city_1254481,Tilhar,tilhar,,27.96282,79.73827,57043,[],geolocations-indian-cities
city_1269784,Ilkal,ilkal,,15.95923,76.11351,56937,[],geolocations-indian-cities
city_1278026,Bada Barabil,bada barabil,,22.11186,85.38684,56870,"[""bada barab?l"", ""barabil""]",geolocations-indian-cities
city_1263101,Mettur,mettur,,11.78796,77.8008,56743,"[""mett?r""]",geolocations-indian-cities
city_1265828,Kuchaman,kuchaman,,27.14745,74.85655,56725,"[""kuch?wan"", ""kuch?man"", ""kuchawan""]",geolocations-indian-cities
city_1260448,Panruti,panruti,,11.77662,79.55269,56586,"[""???????????"", ""panaruti"", ""pannurutti"", ""???"", ""pan lu di"", ""???????""]",geolocations-indian-cities
city_1253783,Una,una,,20.82318,71.03795,56545,[],geolocations-indian-cities
city_7302844,Ponnur,ponnur,,16.07114,80.54944,56504,[],geolocations-indian-cities
city_1266267,Kollegal,kollegal,,12.15449,77.11051,56497,"[""kolleg?lam"", ""kollegalam"", ""kolleg?l"", ""collegal""]",geolocations-indian-cities
city_1256620,Shegaon,shegaon,,20.7932,76.69921,56449,"[""seganva"", ""??????"", ""si he jia ao en"", ""segamo"", ""?????"", ""????????"", ""?? ????""]",geolocations-indian-cities
city_1253736,Upleta,upleta,,21.74015,70.28256,56354,[],geolocations-indian-cities
city_1253918,Ujhani,ujhani,,28.00311,79.00821,56309,"[""ujh?ni""]",geolocations-indian-cities
city_1348747,Bankra,bankra,,22.60291,88.27751,56273,[],geolocations-indian-cities
city_1273766,Dabhoi,dabhoi,,22.18333,73.43333,56253,[],geolocations-indian-cities
city_1276948,Bari,bari,,26.64661,77.61634,56136,"[""b?ri""]",geolocations-indian-cities
city_1261086,Obra,obra,,24.41863,82.98797,56110,[],geolocations-indian-cities
city_1271079,Gohana,gohana,,29.13777,76.70247,56093,"[""goh?na""]",geolocations-indian-cities
city_1269154,Jatani,jatani,,20.15975,85.70742,56003,"[""j?tni"", ""jatni""]",geolocations-indian-cities
city_1262039,Namakkal,namakkal,,11.22126,78.16524,55997,[],geolocations-indian-cities
city_1271819,Gadwal,gadwal,,16.23504,77.79556,55952,"[""gadw?l""]",geolocations-indian-cities
city_1260707,Palitana,palitana,,21.52519,71.82309,55913,"[""p?lit?na"", ""????????""]",geolocations-indian-cities
city_1265310,Laharpur,laharpur,,27.70827,80.90256,55911,"[""l?harpur""]",geolocations-indian-cities
city_1261227,Nokha,nokha,,27.56155,73.47141,55911,"[""nokhamandi"", ""nokha mani"", ""noka""]",geolocations-indian-cities
city_1261739,Narwana,narwana,,29.59903,76.11927,55850,"[""narwanal"", ""narw?na""]",geolocations-indian-cities
city_1269665,Islampur,islampur,,26.26541,88.18982,55691,"[""isl?mpur""]",geolocations-indian-cities
city_1267904,Karad,karad,,17.28937,74.18183,55663,"[""kar?d""]",geolocations-indian-cities
city_1269422,Jalaun,jalaun,,26.1451,79.3366,55299,"[""j?laun""]",geolocations-indian-cities
city_1267758,Karimganj,karimganj,,24.86919,92.35543,55290,"[""kar?mganj"", ""karimaganja"", ""????????""]",geolocations-indian-cities
city_1262852,Mokameh,mokameh,,25.39662,85.9219,55203,"[""mokama"", ""mok?ma"", ""mokamah""]",geolocations-indian-cities
city_1275582,Etawa,etawa,,24.18351,78.20289,55185,"[""bina-etawa"", ""et?wa"", ""b?na-et?wa"", ""etawah""]",geolocations-indian-cities
city_1252956,Wanparti,wanparti,,16.36738,78.06889,55182,"[""wanaparthy""]",geolocations-indian-cities
city_1257565,Samalkot,samalkot,,17.05675,82.17639,55097,"[""s?malkot""]",geolocations-indian-cities
city_1278580,Anjangaon,anjangaon,,21.16516,77.3091,54999,[],geolocations-indian-cities
city_1272733,Dholka,dholka,,22.72732,72.44128,54977,[],geolocations-indian-cities
city_1254346,Tirur,tirur,,10.91368,75.92118,54934,"[""??????"", ""tir?r"", ""di lu er"", ""tirura"", ""tirur station"", ""???"", ""?????"", ""tyrwr""]",geolocations-indian-cities
city_1268135,Kandi,kandi,,23.95946,88.04018,54848,"[""k?ndi""]",geolocations-indian-cities
city_1271346,Ghatal,ghatal,,22.66244,87.73399,54658,"[""gh?t?l""]",geolocations-indian-cities
city_1253750,Unjha,unjha,,23.80366,72.39101,54620,[],geolocations-indian-cities
city_1256854,Sendhwa,sendhwa,,21.68562,75.09622,54530,"[""sendhawa""]",geolocations-indian-cities
city_1254343,Tiruttangal,tiruttangal,,9.48333,77.83333,54499,[],geolocations-indian-cities
city_1256382,Siddhapur,siddhapur,,23.91783,72.37212,54313,"[""sidhpur""]",geolocations-indian-cities
city_1272670,Dhuri,dhuri,,30.36846,75.86791,54302,"[""dh?ri""]",geolocations-indian-cities
city_1256369,Sidhi,sidhi,,24.4038,81.87954,54242,"[""?????"", ""sidkhi"", ""sidi""]",geolocations-indian-cities
city_1252840,Wokha,wokha,,26.09717,94.25817,54010,[],geolocations-indian-cities
city_1268341,Kalna,kalna,,23.21944,88.36295,53964,"[""?????"", ""k?lna""]",geolocations-indian-cities
city_1277091,Baramati,baramati,,18.15174,74.57767,53919,"[""b?r?mati"", ""????????""]",geolocations-indian-cities
city_1268111,Kandukur,kandukur,,15.21542,79.9039,53662,"[""kanduk?r""]",geolocations-indian-cities
city_1255449,Sunam,sunam,,30.12883,75.79943,53647,"[""sun?m""]",geolocations-indian-cities
city_7302810,Gaddi Annaram,gaddi annaram,,17.36687,78.5242,53622,"[""gaddiannaram""]",geolocations-indian-cities
city_1257001,Sattenapalle,sattenapalle,,16.39381,80.15221,53603,[],geolocations-indian-cities
city_1270032,Hiriyur,hiriyur,,13.94455,76.61723,53519,"[""hiriy?r""]",geolocations-indian-cities
city_1274862,Challakere,challakere,,14.318,76.65165,53506,[],geolocations-indian-cities
city_1258581,Rampur Hat,rampur hat,,24.17737,87.78275,53468,[],geolocations-indian-cities
city_1263427,Masaurhi Buzurg,masaurhi buzurg,,25.35417,85.03195,53440,"[""masaurki"", ""masaurhi""]",geolocations-indian-cities
city_1261110,Nuzvid,nuzvid,,16.78854,80.84593,53391,"[""n?zv?d""]",geolocations-indian-cities
city_1256693,Shajapur,shajapur,,23.42637,76.27775,53346,"[""sh?j?pur""]",geolocations-indian-cities
city_1259124,Puttur,puttur,,12.75975,75.20169,53331,"[""putt?r""]",geolocations-indian-cities
city_1267616,Kasaragod,kasaragod,,12.49838,74.98959,53309,"[""kasaragod fort"", ""k?saragod""]",geolocations-indian-cities
city_1278094,Ajodhya,ajodhya,,26.79909,82.2047,53293,"[""??????"", ""ajodhjo"", ""ayod'dha"", ""ajodkh'e"", ""ayotti"", ""x yoth ya"", ""ajodhija"", ""ajodkhja"", ""ayodiya"", ""ayodhya"", ""ajodkh'ja"", ""ayead'dhya"", ""???????????"", ""oudh"", ""ayodia"", ""????????"", ""ayodhye"", ""????"", ""a yue ti ya"", ""aywdya"", ""???????"", ""ayodhi'a""]",geolocations-indian-cities
city_1262678,Mubarakpur,mubarakpur,,26.08866,83.29088,53263,"[""mub?rakpur"", ""azamgarh""]",geolocations-indian-cities
city_1259811,Phaltan,phaltan,,17.99113,74.43177,53202,"[""??????"", ""phalatana"", ""???"", ""pa er tan"", ""????""]",geolocations-indian-cities
city_1257459,Sandila,sandila,,27.06989,80.51497,53182,"[""sand?la""]",geolocations-indian-cities
city_1257851,Sagar,sagar,,14.16498,75.02901,53150,"[""s?gar""]",geolocations-indian-cities
city_1264839,Lohardaga,lohardaga,,23.43305,84.67992,53032,"[""loh?rdag?""]",geolocations-indian-cities
city_1273232,Deolali,deolali,,19.94404,73.83441,52958,"[""deol?li""]",geolocations-indian-cities
city_1275406,Bobbili,bobbili,,18.57366,83.35925,52843,"[""???????"", ""bo bu bi li"", ""bwbly"", ""????????"", ""poppili"", ""babbili"", ""????"", ""?????"", ""bobbiri""]",geolocations-indian-cities
city_1274237,Chikhli,chikhli,,20.35046,76.25774,52841,[],geolocations-indian-cities
city_1266217,Konch,konch,,25.99451,79.15127,52773,"[""k?nch"", ""kunch""]",geolocations-indian-cities
city_1264688,Lunglei,lunglei,,22.89247,92.74218,52728,"[""lunley"", ""lungleh"", ""lnglyy"", ""??????"", ""???????"", ""????????"", ""?????????"", ""lunle'i"", ""long ge lai yi"", ""lungalai"", ""lwngly"", ""lungliah"", ""????"", ""lun'gale'i"", ""lungle'i""]",geolocations-indian-cities
city_1259508,Pithapuram,pithapuram,,17.1168,82.25284,52709,"[""pith?puram""]",geolocations-indian-cities
city_1278935,Amalapuram,amalapuram,,16.57868,82.00609,52690,"[""amal?puram""]",geolocations-indian-cities
city_1254054,Tuni,tuni,,17.35905,82.54607,52658,[],geolocations-indian-cities
city_1256343,Sihor,sihor,,21.71134,71.96179,52603,"[""xi huo er"", ""sihara"", ""???"", ""shihor"", ""?????"", ""sihora""]",geolocations-indian-cities
city_1272606,Diglur,diglur,,18.54829,77.57695,52596,"[""deglur"", ""d?gl?r""]",geolocations-indian-cities
city_7279597,Barbil,barbil,,22.10194,85.37752,52586,[],geolocations-indian-cities
city_1275435,Biswan,biswan,,27.49581,80.99618,52516,"[""bisw?n""]",geolocations-indian-cities
city_1266073,Kosi,kosi,,27.79449,77.4368,52492,[],geolocations-indian-cities
city_1257951,Ropar,ropar,,30.96896,76.52695,52313,"[""r?par"", ""rupnagar"", ""rupar"", ""r?pnagar""]",geolocations-indian-cities
city_1273574,Dandeli,dandeli,,15.26667,74.61667,52295,[],geolocations-indian-cities
city_1260222,Parvatipuram,parvatipuram,,18.78392,83.42569,52085,"[""???????????"", ""p?rvat?puram"", ""p?rvatipuram""]",geolocations-indian-cities
city_1278432,Arcot,arcot,,12.90569,79.31897,51943,"[""arkota"", ""??????""]",geolocations-indian-cities
city_1269027,Jhalawar,jhalawar,,24.59633,76.16499,51884,"[""jh?l?w?r"", ""brijnagar""]",geolocations-indian-cities
city_1259841,Petlad,petlad,,22.47681,72.79995,51819,"[""petl?d""]",geolocations-indian-cities
city_1253807,Umred,umred,,20.85396,79.32466,51794,"[""umrer""]",geolocations-indian-cities
city_1276084,Bhatapara,bhatapara,,21.735,81.94711,51751,"[""bh?t?p?ra""]",geolocations-indian-cities
city_1268383,Kaliyaganj,kaliyaganj,,25.63442,88.32665,51748,"[""k?liy?ganj"", ""kaliaganj"", ""k?liy?gan"", ""kaliyagan""]",geolocations-indian-cities
city_1261727,Nasirabad,nasirabad,,26.30473,74.73364,51747,"[""nas?r?b?d""]",geolocations-indian-cities
city_1269819,Idappadi,idappadi,,11.58624,77.83891,51642,"[""edappadi"", ""id?pp?di"", ""edapadi""]",geolocations-indian-cities
city_1271083,Gohadi,gohadi,,26.43278,78.44205,51635,"[""gohad""]",geolocations-indian-cities
city_1267187,Khagaul,khagaul,,25.57898,85.04564,51577,[],geolocations-indian-cities
city_1274119,Chiplun,chiplun,,17.53339,73.50935,51437,"[""chipl?n""]",geolocations-indian-cities
city_1274664,Changanacheri,changanacheri,,9.44203,76.53604,51430,"[""changan?cheri"", ""changanacherry""]",geolocations-indian-cities
city_1258637,Ramnagar,ramnagar,,29.3925,79.1283,51244,"[""r?mnagar""]",geolocations-indian-cities
city_1256269,Sillod,sillod,,20.30303,75.65284,51042,[],geolocations-indian-cities
city_1264647,Macherla,macherla,,16.47635,79.43533,51039,"[""m?cherla""]",geolocations-indian-cities
city_1254069,Tundla,tundla,,27.2146,78.23683,50939,"[""t?ndla""]",geolocations-indian-cities
city_1263661,Mannarakkat,mannarakkat,,10.99223,76.46418,50921,[],geolocations-indian-cities
city_1261008,Ottappalam,ottappalam,,10.7735,76.37758,50913,"[""ottapp?lam"", ""ottapalam""]",geolocations-indian-cities
city_1271151,Goalpara,goalpara,,26.17668,90.62634,50759,"[""go?lp?ra""]",geolocations-indian-cities
city_1268189,Kankanhalli,kankanhalli,,12.54654,77.42005,50752,"[""k?nk?nhalli"", ""kanakpura"", ""kanakapura""]",geolocations-indian-cities
city_1264551,Madhupur,madhupur,,24.27419,86.63929,50671,[],geolocations-indian-cities
city_1264570,Madhipura,madhipura,,25.92127,86.79271,50570,"[""madhupura""]",geolocations-indian-cities
city_1274571,Charkhi Dadri,charkhi dadri,,28.59166,76.27161,50558,"[""d?dri"", ""dadri"", ""charki dadrai"", ""charki dadri"", ""charkhi d?dri""]",geolocations-indian-cities
city_1272225,Dumraon,dumraon,,25.55265,84.15149,50524,[],geolocations-indian-cities
city_1264414,Mahasamund,mahasamund,,21.10743,82.0948,50441,"[""mah?samund""]",geolocations-indian-cities
city_1271780,Gajraula,gajraula,,28.8457,78.2396,50380,[],geolocations-indian-cities
city_1279394,Abu Road,abu road,,24.48012,72.78186,50262,"[""?bu road""]",geolocations-indian-cities
city_1261910,Nanjangud,nanjangud,,12.11764,76.68397,50243,"[""nanjang?d"", ""nanjangud town""]",geolocations-indian-cities
city_1257587,Salur,salur,,18.51716,83.20548,50206,"[""saluru"", ""s?l?r"", ""??????""]",geolocations-indian-cities
city_1275848,Bhongir,bhongir,,17.51544,78.88563,50094,"[""bhong?r""]",geolocations-indian-cities
city_1278498,Aonla,aonla,,28.27402,79.16521,50011,"[""aonla kila""]",geolocations-indian-cities
city_1267189,Khagaria,khagaria,,25.5022,86.46708,49982,[],geolocations-indian-cities
city_1273002,Dhampur,dhampur,,29.30883,78.51083,49973,"[""dh?mpur""]",geolocations-indian-cities
city_1257196,Sardhana,sardhana,,29.14551,77.61433,49857,[],geolocations-indian-cities
city_1272640,Didwana,didwana,,27.40096,74.57537,49852,"[""d?dw?na""]",geolocations-indian-cities
city_1269392,Jalor,jalor,,25.34558,72.61559,49682,[],geolocations-indian-cities
city_1258868,Rajgarh,rajgarh,,28.64201,75.38612,49583,"[""rajagarha"", ""sadulpur"", ""??????""]",geolocations-indian-cities
city_1276977,Barh,barh,,25.48339,85.70928,49557,"[""barkh"", ""b?rh"", ""????""]",geolocations-indian-cities
city_1277950,Baduria,baduria,,22.74431,88.78655,49547,"[""???????"", ""bad?ria"", ""badurii""]",geolocations-indian-cities
city_1256431,Shorapur,shorapur,,16.521,76.75738,49501,"[""s?r?pur"", ""shoratur"", ""suratur"", ""surapur"", ""shor?pur""]",geolocations-indian-cities
city_1268799,Jugsalai,jugsalai,,22.77668,86.18351,49410,"[""jugs?lai"", ""tatanagar""]",geolocations-indian-cities
city_1266452,Kizhake Chalakudi,kizhake chalakudi,,10.30067,76.33763,49330,"[""ch?lakudi"", ""kizhake ch?lakudi"", ""chalakudi""]",geolocations-indian-cities
city_1256363,Sidlaghatta,sidlaghatta,,13.38896,77.86444,49114,[],geolocations-indian-cities
city_1273708,Dahanu,dahanu,,19.96778,72.71263,49048,"[""d?h?nu""]",geolocations-indian-cities
city_1258386,Rasipuram,rasipuram,,11.46009,78.18635,48950,"[""r?sipuram"", ""r?s?pur"", ""rasipur""]",geolocations-indian-cities
city_1259228,Punganuru,punganuru,,13.36672,78.57186,48865,[],geolocations-indian-cities
city_1263898,Mandapeta,mandapeta,,16.86254,81.92921,48852,[],geolocations-indian-cities
city_1259400,Poonamalle,poonamalle,,13.04888,80.11488,48837,"[""poonamallee""]",geolocations-indian-cities
city_1276867,Barpeta,barpeta,,26.32293,91.00632,48824,[],geolocations-indian-cities
city_1255046,Tamluk,tamluk,,22.30083,87.92593,48646,"[""taml?k""]",geolocations-indian-cities
city_1276371,Bhabhua,bhabhua,,25.04049,83.60749,48641,"[""bhabua""]",geolocations-indian-cities
city_1267486,Kathua,kathua,,32.36941,75.52539,48551,"[""??????"", ""ka tu a"", ""kathuraa"", ""kathura"", ""kathu'a"", ""kathwa"", ""kathuva"", ""???"", ""????"", ""?????"", ""katkhua""]",geolocations-indian-cities
city_1261922,Nangal,nangal,,31.38966,76.37574,48497,"[""nangal township"", ""n?ngal"", ""??????"", ""n?ngal township""]",geolocations-indian-cities
city_1261415,Nihtaur,nihtaur,,29.32416,78.38724,48389,"[""nehtaur""]",geolocations-indian-cities
city_1265354,Lachhmangarh Sikar,lachhmangarh sikar,,27.82294,75.02754,48142,"[""lachmangarh"", ""lachhmangarh s?kar"", ""lachhmangarh""]",geolocations-indian-cities
city_1254331,Tiruvallur,tiruvallur,,13.14376,79.90889,48095,"[""tharuballura"", ""???????????"", ""thiruvallur"", ""tirubharura"", ""tiruvalluru"", ""??????????"", ""?????????"", ""tiruvall?r"", ""tiluballuleu"", ""tiruvallura"", ""di lu wa lu er"", ""tyrwwalwr"", ""?????"", ""tiruvellore"", ""tiruvu~arruru""]",geolocations-indian-cities
city_1255654,Sri Dungargarh,sri dungargarh,,28.09617,74.00868,48036,"[""shri dungargarh"", ""sri d?ngargarh""]",geolocations-indian-cities
city_1258294,Raxaul,raxaul,,26.97982,84.85065,47965,"[""rasaul"", ""raxaul bazar"", ""raksaul"", ""raksaula"", ""??????"", ""la ke ao er ba zha er"", ""?????? ?????"", ""raja'ula bajara"", ""?????? ????"", ""???????"", ""raksula bajara""]",geolocations-indian-cities
city_1256029,Siruguppa,siruguppa,,15.63,76.89217,47917,[],geolocations-indian-cities
city_1276832,Baruipur,baruipur,,22.35253,88.43882,47874,"[""b?ruipur""]",geolocations-indian-cities
city_1263824,Mandvi,mandvi,,22.83282,69.35237,47853,"[""cutch-mandvi"", ""??????"", ""cutch mandi"", ""m?ndvi""]",geolocations-indian-cities
city_1263684,Majalgaon,majalgaon,,19.15988,76.20832,47845,"[""m?jalgaon"", ""manjlegaon""]",geolocations-indian-cities
city_1252919,Warud,warud,,21.47101,78.26965,47817,"[""raaruda"", ""wa lu de"", ""varuda"", ""???"", ""????"", ""?????"", ""???????"", ""oyaruda""]",geolocations-indian-cities
city_1252958,Wankaner,wankaner,,22.61198,70.94379,47814,"[""w?nk?ner"", ""vankaner kathiawar""]",geolocations-indian-cities
city_1273909,Churachandpur,churachandpur,,24.33353,93.66999,47774,"[""chur?ch?ndpur""]",geolocations-indian-cities
city_1272237,Dumka,dumka,,24.26778,87.24855,47663,"[""dumaka"", ""?????"", ""du mu ka"", ""??????"", ""dwmka"", ""dumaka jilla"", ""dmka"", ""???"", ""????"", ""????? ????"", ""dumaka jila"", ""????? ??????""]",geolocations-indian-cities
city_1255134,Talegaon Dabhade,talegaon dabhade,,18.73502,73.67561,47653,"[""talegaon d?bh?de"", ""dabhade"", ""talegaon-dabhada""]",geolocations-indian-cities
city_1269873,Hunsur,hunsur,,12.30359,76.29275,47644,"[""huns?r"", ""??????"", ""khunsur""]",geolocations-indian-cities
city_1259503,Pithoragarh,pithoragarh,,29.58349,80.20947,47571,"[""pithoragari"", ""pithor?garh"", ""pathorgarh""]",geolocations-indian-cities
city_1269256,Jangaon,jangaon,,17.72602,79.15236,47558,"[""jangoon""]",geolocations-indian-cities
city_1278190,Atrauli,atrauli,,28.02964,78.28571,47512,"[""atraul?"", ""aligarh""]",geolocations-indian-cities
city_1261754,Narsimhapur,narsimhapur,,22.94936,79.18357,47511,"[""narsimahpur"", ""narsinghpur""]",geolocations-indian-cities
city_1262562,Mulbagal,mulbagal,,13.16352,78.39346,47462,"[""mulb?gal""]",geolocations-indian-cities
city_1262663,Mudhol,mudhol,,16.33354,75.28305,47427,"[""mudoru"", ""??????"", ""mudhola"", ""???"", ""mudahala"", ""????"", ""?????"", ""mu duo er""]",geolocations-indian-cities
city_1270820,Gudalur,gudalur,,9.67826,77.24951,47419,"[""g?dal?r""]",geolocations-indian-cities
city_1276810,Barwani,barwani,,22.03232,74.89982,47343,"[""barw?ni""]",geolocations-indian-cities
city_1259243,Punalur,punalur,,9.01956,76.92261,47263,"[""punal?r""]",geolocations-indian-cities
city_1260909,Padrauna,padrauna,,26.90403,83.98087,47181,[],geolocations-indian-cities
city_1270723,Gumia,gumia,,23.7975,85.82523,47121,[],geolocations-indian-cities
city_1277765,Bail-Hongal,bail-hongal,,15.8137,74.85895,47063,"[""bail hongal""]",geolocations-indian-cities
city_1256418,Shujalpur,shujalpur,,23.40673,76.7098,47058,"[""shuj?lpur""]",geolocations-indian-cities
city_1269502,Jaisingpur,jaisingpur,,16.77639,74.55361,46942,"[""jayasingpar"", ""jaysingpur""]",geolocations-indian-cities
city_1274536,Chatra,chatra,,24.20645,84.87085,46844,"[""chatr?""]",geolocations-indian-cities
city_1260959,Pachora,pachora,,20.66727,75.35305,46823,"[""p?chora""]",geolocations-indian-cities
city_1260168,Patancheru,patancheru,,17.53334,78.2645,46821,"[""patancheroo""]",geolocations-indian-cities
city_1260454,Panna,panna,,24.72094,80.18772,46791,[],geolocations-indian-cities
city_1259813,Phalodi,phalodi,,27.13102,72.36826,46788,[],geolocations-indian-cities
city_1252738,Yeola,yeola,,20.0424,74.48944,46762,"[""yewle"", ""yevale""]",geolocations-indian-cities
city_1256698,Sheikhpura,sheikhpura,,25.13994,85.84096,46718,"[""shaikhpura""]",geolocations-indian-cities
city_1270759,Gulaothi,gulaothi,,28.58938,77.79318,46647,"[""gul?othi""]",geolocations-indian-cities
city_1256832,Seohara,seohara,,29.20904,78.58837,46546,"[""seoh?ra"", ""seoh?r?""]",geolocations-indian-cities
city_1252699,Zahirabad,zahirabad,,17.68138,77.60743,46504,"[""zahir?b?d""]",geolocations-indian-cities
city_1267675,Karsiyang,karsiyang,,26.88251,88.27729,46427,"[""kharasana"", ""k?rsiy?ng"", ""kurseong""]",geolocations-indian-cities
city_1263761,Manglaur,manglaur,,29.79094,77.87836,46395,"[""manglaur town""]",geolocations-indian-cities
city_1271688,Gangakher,gangakher,,18.96962,76.74946,46366,[],geolocations-indian-cities
city_1261234,Nohar,nohar,,29.18292,74.77064,46360,"[""nohor tehsils""]",geolocations-indian-cities
city_1272207,Ganj Dundwara,ganj dundwara,,27.73308,78.94119,46314,"[""ganj dundw?ra"", ""dundw?r?ganj"", ""dundwaraganj""]",geolocations-indian-cities
city_1261901,Nanpara,nanpara,,27.86459,81.50036,46280,"[""n?np?ra""]",geolocations-indian-cities
city_1278228,Atarra,atarra,,25.28618,80.57155,46168,"[""atarra buzurg""]",geolocations-indian-cities
city_1254813,Teghra,teghra,,25.49043,85.94001,46160,[],geolocations-indian-cities
city_1276249,Bhaisa,bhaisa,,19.11285,77.96336,46120,"[""?????"", ""bhainsa""]",geolocations-indian-cities
city_1272411,Dondaicha,dondaicha,,21.3236,74.56804,46018,[],geolocations-indian-cities
city_1253091,Vite,vite,,17.27343,74.53792,45973,"[""vita"", ""????""]",geolocations-indian-cities
city_1259954,Peddapuram,peddapuram,,17.07701,82.13836,45967,"[""pedd?puram"", ""peddapuram town""]",geolocations-indian-cities
city_1264363,Mahmudabad,mahmudabad,,27.29191,81.11775,45921,"[""mahm?d?b?d"", ""mahmud?b?d""]",geolocations-indian-cities
city_1260824,Pakur,pakur,,24.63925,87.84239,45840,"[""p?kaur"", ""pakaur""]",geolocations-indian-cities
city_10792588,Cherthala,cherthala,,9.68444,76.33558,45827,[],geolocations-indian-cities
city_1261567,Nayudupet,nayudupet,,13.90742,79.89465,45769,"[""n?yudupet"", ""nayudupeta"", ""n?yudupeta""]",geolocations-indian-cities
city_1270474,Halol,halol,,22.50321,73.47242,45741,"[""h?lol""]",geolocations-indian-cities
city_1266960,Kharar,kharar,,30.74632,76.64689,45691,[],geolocations-indian-cities
city_1276328,Bhadrachalam,bhadrachalam,,17.66846,80.88887,45656,"[""bhadrachellam road"", ""bhadr?chalam""]",geolocations-indian-cities
city_1258584,Rampura,rampura,,30.256,75.24116,45639,[],geolocations-indian-cities
city_1263331,Mattanur,mattanur,,11.93018,75.57152,45521,"[""mattannur"", ""cnn""]",geolocations-indian-cities
city_1256558,Shertallai,shertallai,,9.68581,76.33996,45474,"[""shertalla"", ""shertally""]",geolocations-indian-cities
city_1256064,Sironj,sironj,,24.10313,77.69055,45455,[],geolocations-indian-cities
city_1273374,Daund,daund,,18.46515,74.58375,45440,"[""dhond"", ""dao en de"", ""???"", ""????"", ""daunda"", ""?????""]",geolocations-indian-cities
city_1260296,Parlakimidi,parlakimidi,,18.78113,84.08836,45379,"[""???????????"", ""purlakimedy"", ""parl?kimidi"", ""paria kimedi""]",geolocations-indian-cities
city_1348820,Pujali,pujali,,22.4711,88.1453,45379,[],geolocations-indian-cities
city_1278294,Ashta,ashta,,23.01754,76.72208,45365,"[""????""]",geolocations-indian-cities
city_1261957,Nandikotkur,nandikotkur,,15.85668,78.26569,45343,"[""nandikotk?r""]",geolocations-indian-cities
city_1267115,Khalilabad,khalilabad,,26.77268,83.07179,45321,"[""khal?l?b?d""]",geolocations-indian-cities
city_1274043,Chittaranjan,chittaranjan,,23.85681,86.90324,45305,"[""????????????"", ""mihij?m"", ""chittarandzhan"", ""mihijam"", ""mihijan""]",geolocations-indian-cities
city_1260134,Pathardih,pathardih,,23.6658,86.43166,45276,"[""p?thardih"", ""pathardihi""]",geolocations-indian-cities
city_1272201,Dungarpur,dungarpur,,23.84306,73.71466,45195,"[""d?ngarpur""]",geolocations-indian-cities
city_1263852,Mandla,mandla,,22.59879,80.37115,45184,"[""mandl?"", ""??????""]",geolocations-indian-cities
city_1271874,Forbesganj,forbesganj,,26.30253,87.26556,45098,[],geolocations-indian-cities
city_1270287,Harpanahalli,harpanahalli,,14.78766,75.98863,44977,[],geolocations-indian-cities
city_1269655,Itanagar,itanagar,,27.08694,93.60987,44971,"[""it?nagar"", ""?????"", ""??????"", ""???????"", ""kalyanpur"", ""?????????"", ""itanagaram"", ""itanagaru"", ""ittanakar"", ""????????"", ""itanagara""]",geolocations-indian-cities
city_1270722,Gumla,gumla,,23.04268,84.54429,44951,"[""guml?""]",geolocations-indian-cities
city_1261068,Ozar,ozar,,20.09473,73.92816,44935,"[""ojhar"", ""isk"", ""ojhai"", ""ao zha er"", ""????"", ""???"", ""ojara""]",geolocations-indian-cities
city_1275930,Bhimunipatnam,bhimunipatnam,,17.89017,83.45203,44843,"[""bh?munipatnam"", ""bheemunipatnam"", ""bimlipatam""]",geolocations-indian-cities
city_1267939,Kapadvanj,kapadvanj,,23.02302,73.07113,44764,"[""kapadranj""]",geolocations-indian-cities
city_1254570,Thoubal,thoubal,,24.63881,93.99639,44493,"[""thoub?l""]",geolocations-indian-cities
city_1262783,Morar,morar,,26.2264,78.22482,44451,[],geolocations-indian-cities
city_1263148,Memari,memari,,23.17647,88.09749,44448,"[""mem?ri""]",geolocations-indian-cities
city_1261532,Nellikkuppam,nellikkuppam,,11.77554,79.67016,44423,"[""nellikuppami""]",geolocations-indian-cities
city_1278593,Angul,angul,,20.84089,85.10192,44386,"[""anukol"", ""ungul"", ""angula"", ""a nu gu er"", ""??????"", ""anugul"", ""???????"", ""anwgl"", ""anugula"", ""????"", ""anugola"", ""?????"", ""angwl""]",geolocations-indian-cities
city_1263230,Medak,medak,,18.04531,78.26078,44351,"[""metak"", ""mydak"", ""??????"", ""medaka"", ""mei da ke"", ""???"", ""????"", ""mendaka"", ""?????""]",geolocations-indian-cities
city_1268325,Kalpi,kalpi,,26.11667,79.73333,44339,"[""?????"", ""k?lpi""]",geolocations-indian-cities
city_1270000,Hodal,hodal,,27.89196,77.36744,44300,[],geolocations-indian-cities
city_1278354,Arsikere,arsikere,,13.31446,76.25704,44269,[],geolocations-indian-cities
city_1261446,Nidadavole,nidadavole,,16.90572,81.67222,44173,"[""nidadavol""]",geolocations-indian-cities
city_1269042,Jhajjar,jhajjar,,28.6063,76.6565,44122,"[""?????"", ""??????"", ""dzhadzhar"", ""jahjar"", ""????"", ""jhajjara"", ""???????"", ""gu jie gu er""]",geolocations-indian-cities
city_1253403,Varangaon,varangaon,,21.01767,75.91042,44067,[],geolocations-indian-cities
city_1269323,Jammalamadugu,jammalamadugu,,14.84677,78.38314,43870,[],geolocations-indian-cities
city_1269179,Jasdan,jasdan,,22.03709,71.20794,43861,[],geolocations-indian-cities
city_1267283,Kendraparha,kendraparha,,20.50166,86.42227,43843,"[""kendrapara"", ""kendr?parha"", ""kendr?p?ra""]",geolocations-indian-cities
city_1271142,Gobardanga,gobardanga,,22.8774,88.75479,43808,"[""gob?rd?nga""]",geolocations-indian-cities
city_1252745,Yellandu,yellandu,,17.59064,80.32146,43787,"[""yellandrapad"", ""yellandlap?d"", ""yellandlapad""]",geolocations-indian-cities
city_1263120,Merta,merta,,26.64859,74.03414,43758,[],geolocations-indian-cities
city_1259444,Polavaram,polavaram,,17.24754,81.64372,43710,"[""polarvaram""]",geolocations-indian-cities
city_7302825,Kanuru,kanuru,,16.28584,81.25464,43696,[],geolocations-indian-cities
city_1271113,Godda,godda,,24.827,87.2125,43658,"[""godd?""]",geolocations-indian-cities
city_1265961,Kotputli,kotputli,,27.70207,76.19911,43651,[],geolocations-indian-cities
city_1260543,Pandhurna,pandhurna,,21.59556,78.52628,43630,"[""p?ndhurn?"", ""p?ndhurna""]",geolocations-indian-cities
city_1272639,Dig,dig,,27.47188,77.32564,43486,"[""d?g"", ""deeg""]",geolocations-indian-cities
city_1268138,Kandhla,kandhla,,29.32104,77.27101,43387,"[""k?ndhla""]",geolocations-indian-cities
city_1253182,Vikarabad,vikarabad,,17.3381,77.90441,43337,"[""vicarabad"", ""vik?r?b?d""]",geolocations-indian-cities
city_1253392,Varkala,varkala,,8.7333,76.7167,43276,"[""varkkalai"", ""??????"", ""???????"", ""????????"", ""wa er ka la"", ""????"", ""varkal"", ""?????"", ""varkale"", ""wrkla"", ""barakala""]",geolocations-indian-cities
city_1257749,Saint Thomas Mount,saint thomas mount,,13.00334,80.19614,43223,"[""madras saint thomas mount"", ""saint thomas's mount"", ""saint thomas\u0092s mount"", ""parangimalai"", ""paranginealai""]",geolocations-indian-cities
city_1257751,Sainthia,sainthia,,23.94826,87.68045,43221,"[""samithiya"", ""sinthi'a"", ""?????????"", ""????"", ""???????"", ""sai en di ya""]",geolocations-indian-cities
city_1254080,Tumsar,tumsar,,21.38333,79.73333,43218,"[""?????"", ""??????"", ""tmsr"", ""tu mu sa er"", ""????"", ""tumasara""]",geolocations-indian-cities
city_1259892,Peranampattu,peranampattu,,12.9343,78.7189,43124,"[""peranambattu"", ""peran?mpattu"", ""peran?mbattu"", ""pernambut""]",geolocations-indian-cities
city_1276954,Barhiya,barhiya,,25.28814,86.02055,43045,[],geolocations-indian-cities
city_1268403,Kalimpong,kalimpong,,27.07059,88.47529,43000,"[""?????????"", ""k?limpang"", ""k?limpong"", ""kalimpang""]",geolocations-indian-cities
city_1258756,Ramachandrapuram,ramachandrapuram,,16.83636,82.02871,42977,"[""r?machandrapuram""]",geolocations-indian-cities
city_1258201,Repalle,repalle,,16.0184,80.82958,42967,"[""ripalle"", ""repalle mandala"", ""lei pa er lai"", ""????????"", ""??????? ?????"", ""????"", ""???????""]",geolocations-indian-cities
city_1257762,Selu,selu,,19.45512,76.44073,42879,"[""sailu""]",geolocations-indian-cities
city_1275920,Bhinmal,bhinmal,,24.99944,72.27141,42863,"[""bh?nm?l""]",geolocations-indian-cities
city_1277320,Bangarapet,bangarapet,,12.99116,78.17804,42789,"[""bowringpet"", ""bang?rapet""]",geolocations-indian-cities
city_1255953,Sivaganga,sivaganga,,9.84701,78.48358,42785,"[""shivaganga"", ""xi wa gang ge a"", ""sivaganga'i"", ""???????"", ""?????????"", ""shivu~agangai"", ""?????"", ""????????"", ""sibaganga"", ""civakankai""]",geolocations-indian-cities
city_1254356,Tirupparangunram,tirupparangunram,,9.88151,78.07306,42696,"[""thiruparangundram"", ""tiruparankundram"", ""thirupparankundram"", ""tirupparankunram""]",geolocations-indian-cities
city_1256432,Shoranur,shoranur,,10.76181,76.27078,42694,"[""sh?ran?r""]",geolocations-indian-cities
city_1275655,Bikramganj,bikramganj,,25.21073,84.25508,42626,[],geolocations-indian-cities
city_1255860,Sojat,sojat,,25.92493,73.66633,42556,[],geolocations-indian-cities
city_1266616,Khurda,khurda,,20.18268,85.61629,42526,"[""khordha""]",geolocations-indian-cities
city_1269168,Jaspur,jaspur,,29.27919,78.82798,42524,[],geolocations-indian-cities
city_1254675,Than,than,,22.57422,71.19942,42508,"[""thangadh"", ""th?n""]",geolocations-indian-cities
city_1268896,Jintur,jintur,,19.61186,76.6874,42420,"[""jint?r""]",geolocations-indian-cities
city_1266794,Khekra,khekra,,28.86586,77.2841,42408,[],geolocations-indian-cities
city_1277636,Balapur,balapur,,20.66612,76.77386,42401,"[""b?l?pur""]",geolocations-indian-cities
city_1272532,Dinhata,dinhata,,26.13526,89.46129,42381,"[""d?nh?ta""]",geolocations-indian-cities
city_1262117,Naini Tal,naini tal,,29.39743,79.44686,42309,"[""nainital"", ""naini t?l""]",geolocations-indian-cities
city_7302832,Kyathampalle,kyathampalle,,19.66781,78.5289,42275,[],geolocations-indian-cities
city_1256322,Sikandra Rao,sikandra rao,,27.68859,78.37985,42229,[],geolocations-indian-cities
city_1260674,Palmaner,palmaner,,13.2,78.74725,42179,[],geolocations-indian-cities
city_1269477,Jajpur,jajpur,,20.84852,86.33729,42157,"[""gaypur"", ""j?jpur""]",geolocations-indian-cities
city_1274984,Canning,canning,,22.31453,88.66248,42132,"[""port canning"", ""canning town""]",geolocations-indian-cities
city_1267175,Khairabad,khairabad,,27.52698,80.75461,42125,"[""khair?b?d"", ""khairabada"", ""???????""]",geolocations-indian-cities
city_1268020,Kannad,kannad,,20.25684,75.13786,42056,[],geolocations-indian-cities
city_1278208,Athni,athni,,16.72613,75.06421,42047,"[""athani"", ""?????"", ""??????"", ""a te ni"", ""???"", ""????"", ""athani taluka"", ""???? ??????"", ""??????? ??????""]",geolocations-indian-cities
city_1275762,Biaora,biaora,,23.9205,76.91074,41989,[],geolocations-indian-cities
city_1267461,Katol,katol,,21.27388,78.5858,41893,"[""k?tol""]",geolocations-indian-cities
city_1278335,Arvi,arvi,,20.99585,78.22914,41837,"[""?rvi""]",geolocations-indian-cities
city_1277882,Baghpat,baghpat,,28.94485,77.21865,41766,"[""b?ghpat"", ""bagpat""]",geolocations-indian-cities
city_1277038,Bar Bigha,bar bigha,,25.21855,85.7332,41758,[],geolocations-indian-cities
city_1264912,Limbdi,limbdi,,22.56507,71.81076,41740,"[""limri""]",geolocations-indian-cities
city_1275647,Bilara,bilara,,26.18067,73.7055,41710,"[""bil?ra""]",geolocations-indian-cities
city_1255437,Sundargarh,sundargarh,,22.11667,84.03333,41705,"[""sundergarh""]",geolocations-indian-cities
city_1263594,Manvi,manvi,,15.99126,77.05034,41647,"[""m?nvi""]",geolocations-indian-cities
city_1271892,Fatwa,fatwa,,25.50958,85.30504,41647,[],geolocations-indian-cities
city_1269350,Jambusar,jambusar,,22.05236,72.80074,41594,[],geolocations-indian-cities
city_1273128,Devakottai,devakottai,,9.94704,78.8233,41568,[],geolocations-indian-cities
city_1272596,Digras,digras,,20.1035,77.71846,41554,[],geolocations-indian-cities
city_1252925,Warora,warora,,20.22885,79.00277,41523,[],geolocations-indian-cities
city_1269979,Homnabad,homnabad,,17.77074,77.12519,41485,"[""hominabad"", ""homn?b?d""]",geolocations-indian-cities
city_1271847,Gadarwara,gadarwara,,22.9235,78.7849,41420,"[""g?darw?ra""]",geolocations-indian-cities
city_1274102,Chidawa,chidawa,,28.23937,75.64035,41319,"[""chir?wa"", ""chirawa""]",geolocations-indian-cities
city_1274837,Champa,champa,,22.03532,82.64234,41252,"[""ch?mpa""]",geolocations-indian-cities
city_1261696,Naugachhia,naugachhia,,25.38807,87.09906,41247,"[""naugachia""]",geolocations-indian-cities
city_1273390,Daudnagar,daudnagar,,25.03473,84.40095,41236,[],geolocations-indian-cities
city_1269936,Hoskote,hoskote,,13.0707,77.79814,41236,[],geolocations-indian-cities
city_1256340,Sihora,sihora,,23.4871,80.10404,41192,"[""sihor?""]",geolocations-indian-cities
city_1269570,Jaggayyapeta,jaggayyapeta,,16.8938,80.09807,41180,[],geolocations-indian-cities
city_1266128,Koraput,koraput,,18.81199,82.71048,41170,"[""???????"", ""kor?put""]",geolocations-indian-cities
city_1272674,Dhupgari,dhupgari,,26.58904,89.00732,41168,"[""dhupg?ri"", ""dhupguri""]",geolocations-indian-cities
city_1263195,Mehekar,mehekar,,20.1505,76.56841,41137,"[""mehkar""]",geolocations-indian-cities
city_1270102,Hilsa,hilsa,,25.31642,85.28234,41110,[],geolocations-indian-cities
city_1276103,Bharthana,bharthana,,26.75231,79.2218,41055,[],geolocations-indian-cities
city_1258952,Raisen,raisen,,23.33033,77.7811,40977,[],geolocations-indian-cities
city_1268834,Jalarpet,jalarpet,,12.57025,78.57318,40959,"[""jal?rpet"", ""jol?rpettai"", ""jolarpettai""]",geolocations-indian-cities
city_1275050,Burla,burla,,21.50976,83.87259,40816,[],geolocations-indian-cities
city_1273704,Dahegam,dahegam,,23.16903,72.82161,40671,"[""daheg?m"", ""dehg?m"", ""dehgam""]",geolocations-indian-cities
city_1271493,Garhwa,garhwa,,24.16002,83.80755,40662,"[""garwa""]",geolocations-indian-cities
city_1274890,Chakradharpur,chakradharpur,,22.67611,85.62892,40599,"[""???????????"", ""cakratarpur"", ""qia ke la da er pu er"", ""?????????"", ""chakardharpore"", ""???????"", ""cakradharapura""]",geolocations-indian-cities
city_1278868,Ambah,ambah,,26.70423,78.22678,40523,"[""amb?h""]",geolocations-indian-cities
city_1268376,Kallakkurichchi,kallakkurichchi,,11.7404,78.959,40449,"[""kallakirichi""]",geolocations-indian-cities
city_1271345,Ghatampur,ghatampur,,26.15272,80.16803,40435,"[""gh?tampur""]",geolocations-indian-cities
city_1279123,Akividu,akividu,,16.58225,81.38112,40413,"[""?kiv?du"", ""akiv?du""]",geolocations-indian-cities
city_1265886,Kovvur,kovvur,,17.0162,81.72934,40379,"[""kovur"", ""kovv?r""]",geolocations-indian-cities
city_1255850,Solan,solan,,30.90908,77.10869,40283,"[""solon"", ""solana"", ""??????""]",geolocations-indian-cities
city_1262410,Murtajapur,murtajapur,,20.73299,77.36694,40223,"[""murtaj?pur"", ""murtazapur"", ""murtaz?pur""]",geolocations-indian-cities
city_1279227,Ahmadpur,ahmadpur,,18.70622,76.93731,40218,"[""r?j?ra"", ""rajura"", ""ahmedpur""]",geolocations-indian-cities
city_1270619,Gursahaiganj,gursahaiganj,,27.11518,79.73174,40214,"[""gursah?iganj""]",geolocations-indian-cities
city_1259879,Periyakulam,periyakulam,,10.12268,77.54372,40131,[],geolocations-indian-cities
city_1263580,Mapuca,mapuca,,15.59154,73.80898,40122,"[""mapusa"", ""??????"", ""mapu\u00e7\u00e1""]",geolocations-indian-cities
city_1255211,Taki,taki,,22.58867,88.93253,40113,"[""?????"", ""t?ki"", ""takoj""]",geolocations-indian-cities
city_1272657,Diamond Harbour,diamond harbour,,22.19303,88.18466,40095,"[""dayamanda harabara"", ""?????? ??????"", ""diamond harbor"", ""dayamanda harbara"", ""???????? ??????"", ""di ya meng de ha er bo wu er"", ""?????????"", ""??????? ??????""]",geolocations-indian-cities
city_1256983,Saundatti,saundatti,,15.76615,75.11778,40091,"[""soundatti"", ""saundatti yellamma""]",geolocations-indian-cities
city_1253545,Vaijapur,vaijapur,,19.92672,74.7275,40043,"[""vaij?pur""]",geolocations-indian-cities
city_1271319,Ghatsila,ghatsila,,22.58531,86.47682,40018,"[""ghatshila"", ""gh?ts?la""]",geolocations-indian-cities
city_7302851,Sathupalli,sathupalli,,17.24968,80.86899,40000,[],geolocations-indian-cities
city_1270245,Hasimara,hasimara,,26.7469,89.35385,40000,"[""hashimara"", ""h?sim?ra""]",geolocations-indian-cities
city_1259190,Puranpur,puranpur,,28.51283,80.14829,39988,"[""p?ranpur""]",geolocations-indian-cities
city_1270543,Haflong,haflong,,25.16478,93.01744,39982,"[""h?flong"", ""haflang""]",geolocations-indian-cities
city_1258698,Rameswaram,rameswaram,,9.2885,79.31271,39960,"[""??????"", ""la mei si wa la mu"", ""rameshvaram"", ""ramesvarama tirtha"", ""ramesvaram"", ""iramecuvaram"", ""r\u00e1mesvaram"", ""ramesvarama sahara"", ""??????????"", ""????????? ?????"", ""ramesvarama"", ""????????? ???"", ""???????????"", ""ramesvaramu"", ""rameswarama"", ""rameshuwaramu"", ""r?meswaram"", ""ramesbarama"", ""?????????""]",geolocations-indian-cities
city_1277232,Bansi,bansi,,27.17749,82.93442,39926,"[""b?nsi""]",geolocations-indian-cities
city_1254342,Thiruthani,thiruthani,,13.17594,79.61637,39899,"[""tirutani"", ""tiruttani""]",geolocations-indian-cities
city_7279752,Mandideep,mandideep,,23.08166,77.53328,39898,"[""manideep""]",geolocations-indian-cities
city_1254695,Thakurdwara,thakurdwara,,29.19203,78.86145,39860,"[""th?kurdw?ra""]",geolocations-indian-cities
city_1271940,Farrukhnagar,farrukhnagar,,17.07787,78.20339,39766,[],geolocations-indian-cities
city_1276037,Bhavani,bhavani,,11.44553,77.68215,39744,"[""bhav?ni""]",geolocations-indian-cities
city_1273618,Daman,daman,,20.41431,72.83236,39737,"[""nmb"", ""damani"", ""damanum"", ""dam\u00e1n"", ""??????"", ""dam\u00e3o"", ""damaun"", ""??"", ""taman"", ""damana"", ""da man"", ""???"", ""damanas"", ""????"", ""?????"", ""dam?n"", ""damao""]",geolocations-indian-cities
city_1272722,Dhone,dhone,,15.3952,77.8715,39689,[],geolocations-indian-cities
city_1261932,Nandura Buzurg,nandura buzurg,,20.83417,76.45924,39650,"[""n?nd?ra"", ""n?nd?ra buzurg"", ""n?nd?r buzruk"", ""nandura"", ""nandur buzruk"", ""nandura buzruk"", ""n?nd?ra buzruk""]",geolocations-indian-cities
city_1262412,Murshidabad,murshidabad,,24.1839,88.27171,39557,"[""murshid?b?d"", ""??????????""]",geolocations-indian-cities
city_1262302,Nadapuram,nadapuram,,11.68465,75.65493,39512,"[""n?d?puram"", ""kummankod""]",geolocations-indian-cities
city_1260368,Parasia,parasia,,22.1913,78.75904,39440,"[""par?sia"", ""dongar parasia"", ""dongar par?sia""]",geolocations-indian-cities
city_1261711,Nathdwara,nathdwara,,24.93805,73.82392,39426,"[""n?thdw?ra"", ""nathwara""]",geolocations-indian-cities
city_1271212,Giddarbaha,giddarbaha,,30.19953,74.66627,39243,"[""giddarb?ha""]",geolocations-indian-cities
city_1279147,Akalkot,akalkot,,17.52532,76.20611,39226,[],geolocations-indian-cities
city_10628607,Aroor,aroor,,9.8694,76.30498,39214,[],geolocations-indian-cities
city_1274151,Chinnamanur,chinnamanur,,9.83999,77.38109,39213,"[""chinnaman?r"", ""chinnammanur""]",geolocations-indian-cities
city_1271259,Ghosi,ghosi,,26.10587,83.5393,39138,"[""ghos?""]",geolocations-indian-cities
city_1278698,Amudalavalasa,amudalavalasa,,18.41025,83.90295,39124,"[""amud?lavalasa"", ""?????????""]",geolocations-indian-cities
city_1259939,Pehowa,pehowa,,29.97897,76.58249,39101,[],geolocations-indian-cities
city_1261122,Nurpur,nurpur,,29.14956,78.4084,39077,"[""n?rpur""]",geolocations-indian-cities
city_1279068,Aland,aland,,17.56425,76.56854,39064,"[""alland""]",geolocations-indian-cities
city_1261823,Narayanpet,narayanpet,,16.74799,77.4954,39041,"[""n?r?yanpet""]",geolocations-indian-cities
city_1260354,Paravur Tekkumbhagam,paravur tekkumbhagam,,8.7947,76.66798,38946,"[""paravar"", ""parav?r"", ""paravoor"", ""paravur"", ""parav?r tekkumbh?gam""]",geolocations-indian-cities
city_1277289,Banka,banka,,24.88091,86.92257,38939,"[""b?nka"", ""bhagalpur""]",geolocations-indian-cities
city_1256246,Simdega,simdega,,22.61523,84.50208,38732,"[""??????"", ""simadega"", ""xi mu de jia"", ""????"", ""???????"", ""symdga""]",geolocations-indian-cities
city_1266209,Kondapalle,kondapalle,,16.61989,80.54244,38714,"[""kondapalli""]",geolocations-indian-cities
city_1257429,Sangaria,sangaria,,29.79886,74.46683,38638,"[""sangari?""]",geolocations-indian-cities
city_1269046,Jha-Jha,jha-jha,,24.77107,86.37888,38624,"[""jh?-jh?"", ""nawadih"", ""jhajha""]",geolocations-indian-cities
city_1269415,Jalesar,jalesar,,27.47315,78.3031,38614,"[""jalesar town""]",geolocations-indian-cities
city_1256067,Sirohi,sirohi,,24.88838,72.84794,38610,"[""xi luo xi"", ""??????"", ""shirohi"", ""???"", ""?????"", ""sirokhi""]",geolocations-indian-cities
city_1276219,Bhalki,bhalki,,18.04348,77.206,38583,"[""bh?lki""]",geolocations-indian-cities
city_1260713,Palia Kalan,palia kalan,,28.43205,80.58137,38547,"[""palia"", ""pali? kal?n""]",geolocations-indian-cities
city_1255143,Talcher,talcher,,20.94927,85.23354,38436,"[""t?lcher"", ""talchar""]",geolocations-indian-cities
city_1274896,Chaklasi,chaklasi,,22.6532,72.94497,38435,"[""chakl?si""]",geolocations-indian-cities
city_1265580,Kunnamangalam,kunnamangalam,,11.30459,75.87772,38372,[],geolocations-indian-cities
city_1258864,Rajgir,rajgir,,25.02828,85.42079,38348,"[""rajagriha"", ""r?jg?r"", ""rajgriha"", ""r?jagriha"", ""radzhgir"", ""???????""]",geolocations-indian-cities
city_1265660,Kumhari,kumhari,,21.26667,81.51667,38334,"[""kumh?ri""]",geolocations-indian-cities
city_1260138,Pathanamthitta,pathanamthitta,,9.26667,76.78333,38285,"[""pattanamtitta"", ""pathan?mthitta""]",geolocations-indian-cities
city_1261960,Nandigama,nandigama,,16.7717,80.28596,38219,"[""nandig?ma""]",geolocations-indian-cities
city_1264403,Mahe,mahe,,11.70172,75.53474,38183,"[""makh"", ""???"", ""mayyazhi"", ""mah?""]",geolocations-indian-cities
city_1253074,Vyara,vyara,,21.11079,73.39365,38168,"[""vy?ra"", ""vvara""]",geolocations-indian-cities
city_1264136,Malavalli,malavalli,,12.38556,77.06045,38129,[],geolocations-indian-cities
city_1267091,Khambhaliya,khambhaliya,,22.20685,69.65031,38121,"[""khambhalia"", ""khambh?liya"", ""khambhaliva""]",geolocations-indian-cities
city_1255483,Suluru,suluru,,13.7,80.01667,38065,"[""s?l?ru"", ""sulurpet"", ""sulurpeta"", ""s?l?rpet""]",geolocations-indian-cities
city_1276027,Bhawaniganj,bhawaniganj,,24.41582,75.83552,38030,[],geolocations-indian-cities
city_1274468,Chetwayi,chetwayi,,10.52885,76.04793,38011,"[""chavakkad"", ""chowghat"", ""ch?vakk?d"", ""chaughat"", ""chitwye"", ""chetwagi""]",geolocations-indian-cities
city_1253220,Vetapalem,vetapalem,,15.78502,80.30663,38007,"[""vetap?lem"", ""vet?p?lem""]",geolocations-indian-cities
city_9794300,Shahbazpur,shahbazpur,,26.30511,87.28865,38000,"[""sahabajapura"", ""?????????"", ""sha?bazpwr""]",geolocations-indian-cities
city_1264409,Mahbubabad,mahbubabad,,17.59728,80.00207,37949,"[""mahb?b?b?d"", ""mahboobabad""]",geolocations-indian-cities
city_1264317,Maihar,maihar,,24.26594,80.76063,37913,[],geolocations-indian-cities
city_1272653,Dibai,dibai,,28.20849,78.26173,37873,[],geolocations-indian-cities
city_1258111,Robertsganj,robertsganj,,24.6886,83.06784,37855,"[""????????????"", ""???????????"", ""robertsgandzh"", ""?????? ???"", ""robartasaganja"", ""??????????"", ""rabartsganja"", ""luo bei er te si gan jie"", ""sonbhadra"", ""rabartasaganja"", ""???????"", ""?????????????""]",geolocations-indian-cities
city_1267336,Kekri,kekri,,25.97132,75.14992,37850,[],geolocations-indian-cities
city_1254880,Tarikere,tarikere,,13.70954,75.81382,37848,[],geolocations-indian-cities
city_1263303,Maudaha,maudaha,,25.68312,80.11419,37844,[],geolocations-indian-cities
city_1259388,Porsa,porsa,,26.67444,78.37081,37824,"[""?????""]",geolocations-indian-cities
city_1256967,Savanur,savanur,,14.97335,75.33724,37819,"[""savan?r""]",geolocations-indian-cities
city_1259338,Pratapgarh,pratapgarh,,24.03215,74.78162,37780,"[""prat?pgarh"", ""prat?bgarh"", ""pratabgarh"", ""partapgarh"", ""partabgarh""]",geolocations-indian-cities
city_1275641,Bilasipara,bilasipara,,26.23285,90.2341,37739,"[""bil?sip?ra""]",geolocations-indian-cities
city_1274640,Channarayapatna,channarayapatna,,12.90642,76.38775,37681,"[""channar?yapatna"", ""chanzarayapatna""]",geolocations-indian-cities
city_1272061,Ellenabad,ellenabad,,29.45282,74.66122,37680,"[""ellen?b?d"", ""kharyal""]",geolocations-indian-cities
city_1260120,Pathri,pathri,,19.2588,76.43412,37648,"[""p?thri"", ""?????"", ""patri""]",geolocations-indian-cities
city_1276330,Bhadra,bhadra,,29.10298,75.17138,37629,"[""??????"", ""bh?dra"", ""bkhadra""]",geolocations-indian-cities
city_1277201,Bantval,bantval,,12.8905,75.03489,37619,"[""bantv?l"", ""bantyal"", ""bantwall"", ""bartval""]",geolocations-indian-cities
city_1266031,Kotamangalam,kotamangalam,,10.06435,76.62843,37543,[],geolocations-indian-cities
city_1264976,Leh,leh,,34.16504,77.58402,37475,"[""l\u00e9h"", ""len"", ""lh"", ""leha"", ""lie cheng"", ""re"", ""ly??"", ""ixl"", ""lekh"", ""le"", ""??"", ""?"", ""???"", ""????"", ""lehas"", ""lyah""]",geolocations-indian-cities
city_1277748,Bairagnia,bairagnia,,26.74063,85.27323,37465,"[""bair?gnia"", ""bairgania""]",geolocations-indian-cities
city_1277318,Bangarmau,bangarmau,,26.8912,80.21149,37425,"[""b?ngarmau""]",geolocations-indian-cities
city_1260833,Paithan,paithan,,19.47506,75.38558,37360,"[""paithana"", ""??????"", ""pa'ithana"", ""pai tan"", ""??"", ""????"", ""??? ???""]",geolocations-indian-cities
city_1277053,Barauli,barauli,,26.38109,84.58648,37302,[],geolocations-indian-cities
city_1257890,Sadashivpet,sadashivpet,,17.61925,77.95263,37245,"[""sadaseopet"", ""sad?seopet"", ""sadasivpet""]",geolocations-indian-cities
city_1253216,Vettur,vettur,,8.71742,76.72582,37219,"[""vettoor"", ""vett?r"", ""vetchur""]",geolocations-indian-cities
city_1260045,Patti,patti,,31.28092,74.85849,37087,[],geolocations-indian-cities
city_1271543,Garhmuktesar,garhmuktesar,,28.78732,78.10214,37043,[],geolocations-indian-cities
city_1258186,Revelganj,revelganj,,25.78976,84.63596,37031,[],geolocations-indian-cities
city_1260274,Parola,parola,,20.88098,75.11937,37001,"[""p?rola""]",geolocations-indian-cities
city_1263952,Manapparai,manapparai,,10.60772,78.42582,36926,"[""manaparai"", ""manapp?rai""]",geolocations-indian-cities
city_1252795,Yanam,yanam,,16.73308,82.21364,36896,"[""janam"", ""yanaon"", ""????""]",geolocations-indian-cities
city_1259019,Rahuri,rahuri,,19.39069,74.64979,36885,"[""r?huri""]",geolocations-indian-cities
city_1258297,Rawatbhata,rawatbhata,,24.92981,75.59209,36872,"[""rawatbhaia"", ""rawat bhatta"", ""r?watbh?ta""]",geolocations-indian-cities
city_1269993,Hojai,hojai,,26.00281,92.85605,36869,"[""h?j?l"", ""hoj?i"", ""hojal""]",geolocations-indian-cities
city_1279134,Akbarpur,akbarpur,,26.42953,82.53431,36865,"[""akabarapura"", ""akbrpwr ambdkar ngar"", ""???????"", ""m?r?npur akbarpur"", ""??????????"", ""akbarapuram"", ""???? ???? ??????? ???"", ""???????? ??????? ????"", ""????????"", ""miranpur akbarpur""]",geolocations-indian-cities
city_1259688,Pilibangan,pilibangan,,29.44964,74.10093,36755,"[""pilibanga""]",geolocations-indian-cities
city_1253077,Vuyyuru,vuyyuru,,16.36307,80.84406,36755,"[""vuyy?ru""]",geolocations-indian-cities
city_1276815,Barwala,barwala,,29.36747,75.90809,36694,"[""barw?la""]",geolocations-indian-cities
city_1278609,Anekal,anekal,,12.7111,77.69557,36693,"[""a nei ka er"", ""??????"", ""anekala"", ""????"", ""?????""]",geolocations-indian-cities
city_1268214,Kampli,kampli,,15.40626,76.60013,36641,[],geolocations-indian-cities
city_1259756,Phulbani,phulbani,,20.48101,84.23063,36613,"[""phulab?ni"", ""phulb?ni"", ""phulabani"", ""phulbam""]",geolocations-indian-cities
city_1278176,Attingal,attingal,,8.69609,76.81507,36595,"[""???????????"", ""?????"", ""attinagala"", ""??????"", ""attingala"", ""??????????"", ""?????????"", ""arrinkal"", ""a te ting ge a er"", ""attungal"", ""????????""]",geolocations-indian-cities
city_1254322,Cheyyar,cheyyar,,12.66052,79.54308,36527,"[""tiruvattiy?r"", ""tiruvettipuram"", ""tiruvattiyur"", ""tiruvetipuram""]",geolocations-indian-cities
city_1260911,Padra,padra,,22.2398,73.08451,36499,[],geolocations-indian-cities
city_1273923,Chunar,chunar,,25.12776,82.8821,36459,"[""chun?r""]",geolocations-indian-cities
city_1257481,Sanawad,sanawad,,22.17391,76.06993,36455,"[""san?wad"", ""sanavad"", ""s?n?wad""]",geolocations-indian-cities
city_1276652,Bayana,bayana,,26.90791,77.28985,36399,"[""bayaha"", ""bajan"", ""????"", ""bay?na""]",geolocations-indian-cities
city_1267361,Kayalpattinam,kayalpattinam,,8.57143,78.11992,36175,"[""kayalpatuam"", ""aramaganori"", ""k?yalpatnam"", ""kayalpatnam"", ""k?yalpattinam"", ""coilnapatam""]",geolocations-indian-cities
city_1273043,Dhaka,dhaka,,26.67479,85.16698,36111,"[""dh?ka""]",geolocations-indian-cities
city_1257896,Sadabad,sadabad,,27.43818,78.03758,36093,"[""sad?b?d""]",geolocations-indian-cities
city_1275572,Bindki,bindki,,26.03613,80.57617,36058,[],geolocations-indian-cities
city_1272140,Dwarka,dwarka,,22.23944,68.96778,35837,"[""dw?rka"", ""dvarka"", ""??????""]",geolocations-indian-cities
city_1257237,Sarangpur,sarangpur,,23.56651,76.47306,35827,"[""s?rangpur""]",geolocations-indian-cities
city_1273434,Daryapur,daryapur,,20.92489,77.32644,35782,"[""dary?pur""]",geolocations-indian-cities
city_1258692,Ramganj Mandi,ramganj mandi,,24.64648,75.94325,35754,"[""r?mganj mandi""]",geolocations-indian-cities
city_1271533,Gariadhar,gariadhar,,21.53889,71.57737,35692,"[""gariyadhar""]",geolocations-indian-cities
city_1268540,Kakrala,kakrala,,27.89269,79.1945,35690,"[""kakr?la""]",geolocations-indian-cities
city_1278448,Arantangi,arantangi,,10.17235,78.99118,35621,"[""arant?ngi"", ""arrantangy""]",geolocations-indian-cities
city_1257566,Samalkha,samalkha,,29.23552,77.01273,35620,"[""sam?lkha""]",geolocations-indian-cities
city_1265888,Kovur,kovur,,14.5005,79.98518,35600,"[""kov?r""]",geolocations-indian-cities
city_1254111,Tuljapur,tuljapur,,18.00804,76.07011,35596,"[""tulj?pur""]",geolocations-indian-cities
city_1262740,Morsi,morsi,,21.3403,78.01258,35554,[],geolocations-indian-cities
city_1278058,Babina,babina,,25.23947,78.47028,35538,"[""??????"", ""bab?na""]",geolocations-indian-cities
city_1272396,Dongargarh,dongargarh,,21.18893,80.75459,35508,[],geolocations-indian-cities
city_1269810,Igatpuri,igatpuri,,19.69522,73.5626,35461,"[""wigatpura"", ""aygt pwry"", ""vigatpuri"", ""aygatpwry"", ""????????"", ""igatapuri"", ""yi jia te pu li"", ""?????????"", ""?????"", ""???????"", ""???? ????""]",geolocations-indian-cities
city_1259069,Radhanpur,radhanpur,,23.83238,71.6047,35457,"[""r?dhanpur""]",geolocations-indian-cities
city_1275152,Budhana,budhana,,29.28805,77.47534,35442,"[""?????"", ""budh?na""]",geolocations-indian-cities
city_1264700,Lunavada,lunavada,,23.12841,73.61043,35431,"[""l?n?v?da""]",geolocations-indian-cities
city_1276416,Betamcherla,betamcherla,,15.45144,78.14797,35417,[],geolocations-indian-cities
city_1258819,Rajpipla,rajpipla,,21.86667,73.5,35392,[],geolocations-indian-cities
city_7302849,Barpeta Road,barpeta road,,26.50284,90.96937,35281,[],geolocations-indian-cities
city_1256572,Sherghati,sherghati,,24.5595,84.79162,35279,"[""shergh?ti""]",geolocations-indian-cities
city_1253861,Umarkhed,umarkhed,,19.60144,77.68878,35265,[],geolocations-indian-cities
city_1252930,Waris Aliganj,waris aliganj,,25.0172,85.64047,35243,"[""w?ris al?ganj"", ""w?ris ar?ganj"", ""waris ariganj""]",geolocations-indian-cities
city_1259272,Pulgaon,pulgaon,,20.72204,78.32056,35238,[],geolocations-indian-cities
city_1267369,Kawardha,kawardha,,22.00853,81.23148,35238,[],geolocations-indian-cities
city_1275389,Buddh Gaya,buddh gaya,,24.69808,84.9869,35188,"[""??????"", ""phuthth kh ya"", ""bodh gaja"", ""bod'dha gaya"", ""bodh-gaja"", ""????? ????"", ""bodkh-gaja"", ""???? ???"", ""????-???"", ""bwdh gaya"", ""bodhgaja"", ""puttakaya"", ""bodha gaya"", ""b\u00f3dhgaja"", ""??? ????"", ""????"", ""budagaya"", ""???? ????"", ""bodhagaya"", ""pu ti jia ye"", ""????? ???"", ""bodhgaya"", ""???????"", ""buddha gaya"", ""buddagaya"", ""?????????"", ""bud'dha gaya"", ""bodh gaya"", ""?????"", ""????????""]",geolocations-indian-cities
city_1265201,Lakshmeshwar,lakshmeshwar,,15.12689,75.46935,35140,"[""lakshmeshvar""]",geolocations-indian-cities
city_1278201,Atmakur,atmakur,,15.88109,78.58704,35137,[],geolocations-indian-cities
city_1256814,Seram,seram,,17.17859,77.28998,35134,"[""?????"", ""sedam""]",geolocations-indian-cities
city_1261614,Niwai,niwai,,26.36073,75.91836,35114,"[""newai""]",geolocations-indian-cities
city_1272320,Dubrajpur,dubrajpur,,23.7902,87.37648,35087,"[""dubr?jpur""]",geolocations-indian-cities
city_1269447,Jalalabad,jalalabad,,27.72625,79.65523,35051,[],geolocations-indian-cities
city_1257486,Sanand,sanand,,22.99227,72.38177,35033,"[""s?nand""]",geolocations-indian-cities
city_1266425,Kodaikanal,kodaikanal,,10.23925,77.48932,35021,"[""kodajkanal"", ""kodaik?n?l"", ""kodaik?n"", ""??????????"", ""kodaikan""]",geolocations-indian-cities
city_1274218,Chikodi,chikodi,,16.42898,74.58591,34984,"[""cikodi"", ""??????"", ""cikodi taluka"", ""?????? ??????"", ""qi ke di"", ""???"", ""cikkodi"", ""????????""]",geolocations-indian-cities
city_1254858,Tasgaon,tasgaon,,17.037,74.60171,34933,"[""t?sgaon""]",geolocations-indian-cities
city_1266397,Kodinar,kodinar,,20.79393,70.70216,34930,"[""kod?nar"", ""korinar"", ""kodina""]",geolocations-indian-cities
city_1266575,Kichha,kichha,,28.91154,79.52009,34904,[],geolocations-indian-cities
city_1259177,Purna,purna,,19.1817,77.02566,34888,"[""p?rna"", ""?????""]",geolocations-indian-cities
city_1269379,Jamadoba,jamadoba,,23.71667,86.4,34774,"[""j?madoba""]",geolocations-indian-cities
city_1349357,Nabagram,nabagram,,22.28806,88.50917,34728,"[""nabagr?m""]",geolocations-indian-cities
city_1258795,Rajula,rajula,,21.03854,71.44345,34652,"[""r?jula""]",geolocations-indian-cities
city_1256532,Shikarpur,shikarpur,,28.28072,78.01411,34649,"[""shik?rp?r"", ""shik?rpur""]",geolocations-indian-cities
city_1259608,Pipar,pipar,,26.38441,73.54394,34630,[],geolocations-indian-cities
city_1257830,Sagauli,sagauli,,26.7639,84.74341,34622,"[""saganli"", ""sagowlee"", ""segowlie"", ""segowlee"", ""saghauli"", ""sugauli""]",geolocations-indian-cities
city_1267433,Kattivakkam,kattivakkam,,13.21667,80.31667,34595,"[""kattiv?kkam""]",geolocations-indian-cities
city_1267742,Karjat,karjat,,18.9107,73.32354,34554,"[""ka er gu te"", ""krjt"", ""??????"", ""karajata"", ""????"", ""karjata"", ""?????"", ""???????""]",geolocations-indian-cities
city_1257369,Sankeshwar,sankeshwar,,16.25649,74.48195,34549,"[""sankeshvar""]",geolocations-indian-cities
city_1277684,Bakhtiyarpur,bakhtiyarpur,,25.46179,85.53179,34533,[],geolocations-indian-cities
city_1279299,Agar,agar,,23.71177,76.01571,34532,"[""agar-agar"", ""????-????""]",geolocations-indian-cities
city_1261396,Nilanga,nilanga,,18.11675,76.75279,34491,[],geolocations-indian-cities
city_1257060,Satana,satana,,20.59483,74.20301,34440,"[""sat?n?"", ""sat?na""]",geolocations-indian-cities
city_1260178,Patamundai,patamundai,,20.57806,86.56063,34400,"[""patamudai"", ""pat?mundai""]",geolocations-indian-cities
city_1278602,Angamali,angamali,,10.19055,76.38789,34399,"[""angamally"", ""angam?li""]",geolocations-indian-cities
city_1271050,Golaghat,golaghat,,26.51167,93.95951,34372,"[""gol?gh?t""]",geolocations-indian-cities
city_1263707,Manipal,manipal,,13.35,74.78333,34370,"[""manipala""]",geolocations-indian-cities
city_1255265,Tadepalle,tadepalle,,16.48333,80.6,34357,[],geolocations-indian-cities
city_1269488,Jaito,jaito,,30.45126,74.89189,34346,[],geolocations-indian-cities
city_1271363,Gharaunda,gharaunda,,29.53692,76.97142,34307,[],geolocations-indian-cities
city_1266385,Kodungallur,kodungallur,,10.23263,76.19513,34210,"[""methala"", ""muchiri"", ""muziris"", ""kodungall?r"", ""cr?ngan?r"", ""cranganur"", ""muyirikkodu"", ""cranganore"", ""shinkli"", ""muchiripattinam""]",geolocations-indian-cities
city_1278139,Ausa,ausa,,18.24728,76.4993,34161,[],geolocations-indian-cities
city_1270455,Hamirpur,hamirpur,,25.9553,80.14842,34144,"[""ham?rpur""]",geolocations-indian-cities
city_1269053,Jhabua,jhabua,,22.76772,74.59087,34135,"[""jh?bua"", ""dkhabua"", ""??????""]",geolocations-indian-cities
city_1256119,Sinnar,sinnar,,19.84505,73.99866,34095,"[""??????""]",geolocations-indian-cities
city_1259931,Pen,pen,,18.73734,73.09603,34092,[],geolocations-indian-cities
city_1269751,Indi,indi,,17.17735,75.9526,34075,[],geolocations-indian-cities
city_1260406,Pappinissheri,pappinissheri,,11.95655,75.34034,34025,"[""p?ppinissh?ri"", ""p?ppinisseri"", ""pappinisseri"", ""p?ppinissheri""]",geolocations-indian-cities
city_1262843,Mokokchung,mokokchung,,26.3248,94.51834,34021,"[""mokokshung"", ""mkokchung"", ""mokokch?ng""]",geolocations-indian-cities
city_1256989,Sathyamangalam,sathyamangalam,,11.50526,77.23826,34011,"[""????????????"", ""???????????"", ""styamnglm"", ""sathyamangalama"", ""sa di ya mang ge a la mu"", ""?????????"", ""satyamangalama"", ""????????"", ""cattimankalam""]",geolocations-indian-cities
city_1270750,Guledagudda,guledagudda,,16.05025,75.78997,33851,"[""guledgud"", ""guledgudd"", ""guledgarh""]",geolocations-indian-cities
city_1263151,Melur,melur,,10.03241,78.3393,33839,"[""mailore"", ""mel?r""]",geolocations-indian-cities
city_7279747,Bhiwadi,bhiwadi,,28.21024,76.86056,33831,[],geolocations-indian-cities
city_1270598,Guskhara,guskhara,,23.49276,87.73484,33780,"[""gushkara""]",geolocations-indian-cities
city_1256214,Sindgi,sindgi,,16.91883,76.23368,33770,[],geolocations-indian-cities
city_1261748,Narsipatnam,narsipatnam,,17.66709,82.61245,33755,"[""nars?patnam""]",geolocations-indian-cities
city_1269827,Ichchapuram,ichchapuram,,19.11393,84.68721,33754,"[""ichapuram"", ""?????????"", ""ichekapuram"", ""ichch?puram"", ""iccapuram"", ""ichchapur""]",geolocations-indian-cities
city_1277808,Bahjoi,bahjoi,,28.39502,78.62659,33752,"[""bhajoi""]",geolocations-indian-cities
city_1254133,Tuensang,tuensang,,26.26704,94.82415,33748,"[""moz?ngj?mi"", ""mozungjami""]",geolocations-indian-cities
city_1272874,Dharangaon,dharangaon,,21.01187,75.27407,33718,"[""darangaon""]",geolocations-indian-cities
city_1259264,Pulivendla,pulivendla,,14.42139,78.22502,33615,[],geolocations-indian-cities
city_1259961,Peddapalli,peddapalli,,18.61357,79.37442,33582,[],geolocations-indian-cities
city_1264540,Madikeri,madikeri,,12.42602,75.7382,33540,"[""merkara"", ""merc?ra"", ""mercara""]",geolocations-indian-cities
city_1266164,Kopaganj,kopaganj,,26.01923,83.5663,33539,"[""kop?ganj""]",geolocations-indian-cities
city_1268266,Kaman,kaman,,27.65791,77.26908,33524,"[""?????"", ""k?man""]",geolocations-indian-cities
city_1254673,Thana Bhawan,thana bhawan,,29.58605,77.41811,33498,"[""th?na bhawan""]",geolocations-indian-cities
city_1253698,Uravakonda,uravakonda,,14.94348,77.25494,33495,[],geolocations-indian-cities
city_1276621,Begamganj,begamganj,,23.59917,78.34064,33467,[],geolocations-indian-cities
city_1273448,Darsi,darsi,,15.76978,79.67939,33418,[],geolocations-indian-cities
city_1272022,Erattupetta,erattupetta,,9.68747,76.77891,33408,"[""eratupeta"", ""er?ttupetta""]",geolocations-indian-cities
city_1261800,Nargund,nargund,,15.72299,75.38666,33403,[],geolocations-indian-cities
city_1252698,Zaidpur,zaidpur,,26.83093,81.32929,33397,[],geolocations-indian-cities
city_1278768,Amli,amli,,20.28333,73.01667,33369,"[""?mli""]",geolocations-indian-cities
city_1255870,Sohna,sohna,,28.24737,77.06544,33361,[],geolocations-indian-cities
city_1278510,Anupgarh,anupgarh,,29.19111,73.20861,33309,"[""an?pgarh""]",geolocations-indian-cities
city_1268855,Jogbani,jogbani,,26.39905,87.26525,33300,[],geolocations-indian-cities
city_1256705,Shahpura,shahpura,,27.3912,75.95956,33273,[],geolocations-indian-cities
city_1265591,Kunigal,kunigal,,13.02319,77.02518,33273,[],geolocations-indian-cities
city_1266087,Kosamba,kosamba,,21.46202,72.95842,33221,[],geolocations-indian-cities
city_1262626,Muhammadabad,muhammadabad,,25.61907,83.75576,33186,"[""muhammad?b?d""]",geolocations-indian-cities
city_1265220,Lakhyabad,lakhyabad,,23.66667,86.66667,33162,"[""loyabad"", ""layabad"", ""lakhy?b?d""]",geolocations-indian-cities
city_1269020,Jhalrapatan,jhalrapatan,,24.54205,76.17242,33121,"[""jh?lrap?tan"", ""jhalrapatan chhroni"", ""jhalrapatna city"", ""jhalrapatan city"", ""jh?lrap?tan chhroni"", ""p?tan"", ""patan""]",geolocations-indian-cities
city_1256075,Sirkazhi,sirkazhi,,11.23725,79.73585,33100,"[""s?rk?zhi"", ""c?k?l"", ""sh?yali"", ""shiyali"", ""sirkali"", ""cikal""]",geolocations-indian-cities
city_1274532,Chaksu,chaksu,,26.6051,75.94814,33098,"[""ch?tsu"", ""chatsu"", ""ch?ksu""]",geolocations-indian-cities
city_1465622,Porur,porur,,13.03565,80.15821,33060,"[""?????"", ""??????"", ""porura"", ""???"", ""bo lu er""]",geolocations-indian-cities
city_1276355,Bhadasar,bhadasar,,28.31457,74.28952,33006,"[""bh?d?sar"", ""adarsh bas"", ""?darsh b?s""]",geolocations-indian-cities
city_1253013,Wai,wai,,17.95276,73.89058,32957,"[""???"", ""???? ????????"", ""va'i"", ""vaj""]",geolocations-indian-cities
city_1269581,Jagatsinghapur,jagatsinghapur,,20.2557,86.17112,32945,"[""jagatsingpur"", ""jagatsinghpur""]",geolocations-indian-cities
city_1277924,Bagasra,bagasra,,21.48719,70.95516,32944,"[""bagasara""]",geolocations-indian-cities
city_1268662,Kadur,kadur,,13.55285,76.01164,32935,"[""kad?r""]",geolocations-indian-cities
city_1272852,Dharmanagar,dharmanagar,,24.36667,92.16667,32912,[],geolocations-indian-cities
city_1265311,Lahar,lahar,,26.19401,78.94137,32886,[],geolocations-indian-cities
city_1252773,Yaval,yaval,,21.16772,75.69762,32881,[],geolocations-indian-cities
city_1268616,Kaimganj,kaimganj,,27.55441,79.33525,32858,[],geolocations-indian-cities
city_1269239,Janjgir,janjgir,,22.00922,82.5778,32833,"[""j?njg?r""]",geolocations-indian-cities
city_1272101,Egra,egra,,21.89947,87.53794,32832,[],geolocations-indian-cities
city_1275719,Bihariganj,bihariganj,,25.73415,86.98837,32805,"[""bih?r?ganj""]",geolocations-indian-cities
city_1253805,Umreth,umreth,,22.69881,73.11561,32802,[],geolocations-indian-cities
city_1262382,Mushabani,mushabani,,22.51135,86.45713,32761,"[""mosaboni"", ""musabani"", ""mosaboni mines"", ""mush?bani""]",geolocations-indian-cities
city_1253251,Venkatagiri,venkatagiri,,13.96005,79.58032,32761,"[""venkatagiri town""]",geolocations-indian-cities
city_1264457,Mahalingpur,mahalingpur,,16.3888,75.10873,32699,"[""mah?lingpur""]",geolocations-indian-cities
city_1261342,Neem ka Thana,neem ka thana,,27.73976,75.78652,32690,[],geolocations-indian-cities
city_1261517,Nepanagar,nepanagar,,21.4538,76.39335,32611,"[""nepa nagar"", ""nep?nagar""]",geolocations-indian-cities
city_1261672,Nautanwa,nautanwa,,27.42752,83.41789,32587,"[""nautanwa bazar""]",geolocations-indian-cities
city_1253482,Vallabh Vidyanagar,vallabh vidyanagar,,22.53333,72.9,32581,"[""vallabh"", ""vallabh vidhyanagar""]",geolocations-indian-cities
city_1274755,Chanderi,chanderi,,24.71312,78.13809,32549,"[""??????"", ""canderi"", ""????????"", ""caderi"", ""???"", ""qian de li"", ""???????""]",geolocations-indian-cities
city_7302836,Manuguru,manuguru,,17.93023,80.82671,32539,"[""manugur""]",geolocations-indian-cities
city_1264398,Mahemdavad,mahemdavad,,22.82359,72.75551,32504,"[""mehmadabad"", ""mahemd?v?d"", ""mehmad?b?d""]",geolocations-indian-cities
city_1271459,Goribidnur,goribidnur,,13.61072,77.51738,32447,"[""gauribidanur"", ""gauribidan?r"", ""gauibidanur"", ""goribidn?r""]",geolocations-indian-cities
city_1278974,Almora,almora,,29.59713,79.65911,32442,"[""alamoda"", ""??????"", ""a er mo la"", ""???????"", ""????????"", ""arumora"", ""almoda"", ""????"", ""?????"", ""alamora"", ""al'mora""]",geolocations-indian-cities
city_1262097,Nakodar,nakodar,,31.12586,75.47508,32405,"[""nakodara"", ""na ke da er"", ""??????"", ""????????"", ""????"", ""?????"", ""???????"", ""nkwdr""]",geolocations-indian-cities
city_1267862,Karamsad,karamsad,,22.54243,72.90392,32380,[],geolocations-indian-cities
city_1263968,Manali,manali,,13.16667,80.26667,32363,"[""????""]",geolocations-indian-cities
city_1272857,Dharmabad,dharmabad,,18.89116,77.8494,32351,"[""dharm?b?d""]",geolocations-indian-cities
city_1253330,Vedaraniyam,vedaraniyam,,10.37208,79.85095,32245,"[""vedaranayam"", ""ved?ranniyam"", ""vedaranniyam"", ""vedaraniam""]",geolocations-indian-cities
city_1269102,Jayamkondacholapuram,jayamkondacholapuram,,11.21266,79.36369,32217,"[""jayankondacholpuram""]",geolocations-indian-cities
city_1268381,Kalka,kalka,,30.83982,76.94065,32205,"[""?????"", ""kalki"", ""k?lka"", ""kalaka""]",geolocations-indian-cities
city_1253870,Umarga,umarga,,17.83841,76.62331,32181,[],geolocations-indian-cities
city_1259630,Pinjaur,pinjaur,,30.79873,76.91822,32162,[],geolocations-indian-cities
city_1275476,Bisauli,bisauli,,28.30772,78.93678,32154,[],geolocations-indian-cities
city_1254043,Turaiyur,turaiyur,,11.14968,78.5987,32134,"[""turalyur"", ""turaiy?r""]",geolocations-indian-cities
city_1260014,Pavugada,pavugada,,14.09953,77.28018,32063,"[""p?vugada"", ""p?vagada"", ""pavagada""]",geolocations-indian-cities
city_1278841,Ambasamudram,ambasamudram,,8.71068,77.4519,32020,"[""????????????"", ""???????????"", ""ambasamudrama"", ""amb?samudram"", ""a mu ba sa mu de la mu"", ""ambassamudram"", ""????????"", ""ambasamwdram"", ""???????????????"", ""ampacamuttiram""]",geolocations-indian-cities
city_1252692,Zamania,zamania,,25.41961,83.55786,32008,"[""zaminia"", ""zam?nia""]",geolocations-indian-cities
city_1256489,Shirdi,shirdi,,19.76616,74.47738,31978,"[""sag"", ""??????"", ""she de"", ""cirati"", ""shyrdy"", ""siriri"", ""siradi"", ""??"", ""????"", ""sirdi"", ""?????"", ""???????""]",geolocations-indian-cities
city_1277358,Bandipura,bandipura,,34.41728,74.64308,31978,"[""bandapur"", ""bandipur""]",geolocations-indian-cities
city_1266330,Kokrajhar,kokrajhar,,26.40107,90.27286,31971,"[""?????????"", ""kokradzhar""]",geolocations-indian-cities
city_1260697,Palladam,palladam,,10.99175,77.28633,31935,[],geolocations-indian-cities
city_1262669,Muddebihal,muddebihal,,16.33782,76.13173,31895,"[""muddebih?l""]",geolocations-indian-cities
city_1265170,Lalganj,lalganj,,25.86894,85.17394,31879,"[""l?lganj""]",geolocations-indian-cities
city_1258380,Rasra,rasra,,25.8576,83.85487,31876,"[""rasr?""]",geolocations-indian-cities
city_1271244,Ghugus,ghugus,,19.9381,79.11192,31859,"[""gh?gus""]",geolocations-indian-cities
city_1256995,Sattur,sattur,,9.35592,77.92457,31856,"[""s?tt?r""]",geolocations-indian-cities
city_1276731,Basudebpur,basudebpur,,21.11974,86.72896,31827,"[""b?sudebpur""]",geolocations-indian-cities
city_1267203,Khachrod,khachrod,,23.42322,75.28185,31825,"[""kh?chrod""]",geolocations-indian-cities
city_1265964,Kotma,kotma,,23.20383,81.97904,31756,[],geolocations-indian-cities
city_1276067,Bhatkal,bhatkal,,13.98534,74.55531,31735,[],geolocations-indian-cities
city_1266620,Khurai,khurai,,24.04372,78.33014,31613,[],geolocations-indian-cities
city_1274032,Chittur,chittur,,10.69967,76.7471,31608,"[""chitt?r"", ""chittur-cochin""]",geolocations-indian-cities
city_1462711,Vadigenhalli,vadigenhalli,,13.29724,77.80184,31558,"[""vijayapura""]",geolocations-indian-cities
city_1256335,Sijua,sijua,,23.77617,86.33028,31537,[],geolocations-indian-cities
city_1253452,Vandavasi,vandavasi,,12.50429,79.60556,31530,"[""wandiw?sh"", ""vandav?si"", ""wandiwash""]",geolocations-indian-cities
city_1265143,Lalsot,lalsot,,26.55951,76.32915,31480,"[""l?lsot""]",geolocations-indian-cities
city_1256722,Shahpur,shahpur,,16.69605,76.8422,31422,"[""shakhpura"", ""???????"", ""sh?hpur""]",geolocations-indian-cities
city_7302808,Chemmumiahpet,chemmumiahpet,,15.89794,79.32129,31416,[],geolocations-indian-cities
city_1277836,Bahadurganj,bahadurganj,,26.26172,87.82443,31405,"[""bah?durganj""]",geolocations-indian-cities
city_1271005,Gomoh,gomoh,,23.87355,86.1516,31395,[],geolocations-indian-cities
city_1269435,Jalalpur,jalalpur,,26.31162,82.73859,31388,"[""jal?lpur""]",geolocations-indian-cities
city_1266622,Khunti,khunti,,23.07602,85.27818,31366,[],geolocations-indian-cities
city_1268095,Kangayam,kangayam,,11.00599,77.5609,31364,[],geolocations-indian-cities
city_7645176,Zira,zira,,30.96853,74.99106,31350,"[""??"", ""????? ?????"", ""qi la""]",geolocations-indian-cities
city_1269012,Jhanjharpur,jhanjharpur,,26.26467,86.27993,31283,"[""jhanjh?rpur""]",geolocations-indian-cities
city_1257409,Sangola,sangola,,17.43948,75.19379,31279,[],geolocations-indian-cities
city_1256184,Singanallur,singanallur,,10.99898,77.03238,31239,"[""sing?nall?r""]",geolocations-indian-cities
city_1267869,Karamadai,karamadai,,11.24058,76.96009,31188,"[""k?ramadai"", ""??????"", ""karamatai""]",geolocations-indian-cities
city_1258726,Ramapuram,ramapuram,,13.10091,79.1841,31169,[],geolocations-indian-cities
city_1261598,Nawanshahr,nawanshahr,,31.1245,76.11613,31121,"[""navansahara"", ""navana sahara"", ""nawanasahara"", ""naraanasahara"", ""??????"", ""navanasahara"", ""???? ???"", ""??????????"", ""????????"", ""?????????"", ""na wan si ha he er"", ""navansahara-nagaram"", ""???????-?????"", ""qnw"", ""???????"", ""na'oyanasahara"", ""navansahira""]",geolocations-indian-cities
city_1263678,Mankachar,mankachar,,25.53347,89.86373,31091,"[""manikarchar"", ""mank?char""]",geolocations-indian-cities
city_1258922,Razampeta,razampeta,,14.19544,79.15896,31079,"[""r?jampet"", ""r?zampeta"", ""rajampet""]",geolocations-indian-cities
city_1257928,Sabalgarh,sabalgarh,,26.24918,77.40786,31032,[],geolocations-indian-cities
city_1270530,Hailakandi,hailakandi,,24.68394,92.56097,31031,"[""???????????"", ""hail?k?ndi"", ""hailikandi"", ""ha'ilakandi"", ""hylakandi""]",geolocations-indian-cities
city_1269573,Jagdispur,jagdispur,,25.46811,84.41939,31029,"[""jagd?spur""]",geolocations-indian-cities
city_1269574,Jagdishpur,jagdishpur,,26.74967,80.5451,31029,"[""jagd?shpur""]",geolocations-indian-cities
city_1256025,Sirur,sirur,,18.8276,74.37475,31018,"[""sir?r"", ""ghodnadi""]",geolocations-indian-cities
city_1258295,Rawatsar,rawatsar,,29.26724,74.40288,31016,"[""r?wats?r""]",geolocations-indian-cities
city_1256660,Shamsabad,shamsabad,,27.01718,78.12358,31009,"[""shams?b?d""]",geolocations-indian-cities
city_1260228,Partur,partur,,19.59925,76.21541,30991,"[""part?r""]",geolocations-indian-cities
city_1270787,Guduvancheri,guduvancheri,,12.84519,80.06055,30972,"[""g?duv?ncheri""]",geolocations-indian-cities
city_1272025,Erandol,erandol,,20.92206,75.32641,30931,[],geolocations-indian-cities
city_1260210,Pasan,pasan,,22.84412,82.19823,30928,"[""pas?n""]",geolocations-indian-cities
city_1258012,Rudarpur,rudarpur,,26.44467,83.61302,30873,[],geolocations-indian-cities
city_1257855,Safidon,safidon,,29.40596,76.67042,30863,[],geolocations-indian-cities
city_1270185,Hatta,hatta,,24.13406,79.60119,30854,"[""hatla"", ""khatta"", ""?????""]",geolocations-indian-cities
city_1272052,Elur,elur,,10.06667,76.28333,30832,[],geolocations-indian-cities
city_1276782,Basavana Bagevadi,basavana bagevadi,,16.57278,75.97252,30827,"[""bagevadi"", ""b?gev?di"", ""basavana b?gev?di""]",geolocations-indian-cities
city_1259896,Perambalur,perambalur,,11.23333,78.88333,30799,"[""???????????"", ""peramabalura"", ""??????"", ""perambalura"", ""??????????"", ""perambaluru"", ""?????????"", ""perambal?r"", ""perampalur"", ""pei la mu ba lu er"", ""peranbaruru"", ""???????"", ""byrmbalwr""]",geolocations-indian-cities
city_1271631,Gangtok,gangtok,,27.32574,88.61216,30700,"[""??????"", ""gangatoka"", ""gyantaka"", ""???"", ""gantoku"", ""ganatoka"", ""gan tuo ke"", ""kentak"", ""???????????"", ""gangatok"", ""gangtokas"", ""pyg"", ""gngtwk"", ""????"", ""gannteakk"", ""gangataka"", ""gantoka"", ""???????"", ""gangtokeu"", ""gangtoka"", ""gagatoka"", ""????????""]",geolocations-indian-cities
city_1264010,Malur,malur,,13.00322,77.93798,30677,"[""m?l?r""]",geolocations-indian-cities
city_1253671,Usilampatti,usilampatti,,9.96936,77.78621,30675,[],geolocations-indian-cities
city_1253786,Un,un,,23.88745,71.76975,30671,[],geolocations-indian-cities
city_1262672,Mudbidri,mudbidri,,13.06653,74.99525,30632,"[""m?dbidri"", ""mudabidri""]",geolocations-indian-cities
city_1258930,Rajakhera,rajakhera,,26.89802,78.171,30627,"[""r?j?khera""]",geolocations-indian-cities
city_1263591,Manwat,manwat,,19.30133,76.49735,30624,"[""manwath"", ""m?nwat""]",geolocations-indian-cities
city_1253041,Wadi,wadi,,17.05183,76.99048,30602,"[""w?di"", ""vadi"", ""????""]",geolocations-indian-cities
city_1278532,Anta,anta,,25.15,76.3,30598,[],geolocations-indian-cities
city_1264433,Maharaganj,maharaganj,,27.14456,83.56214,30548,"[""mah?r?ganj"", ""mah?r?jganj"", ""maharajganj""]",geolocations-indian-cities
city_1254912,Tarakeswar,tarakeswar,,22.88605,88.01363,30475,"[""tarakesvara"", ""??????"", ""ta la kai si wa er"", ""?????????"", ""tarakyshwr"", ""tarakesbara""]",geolocations-indian-cities
city_1252646,Keelakarai,keelakarai,,9.23183,78.78545,30468,"[""?????"", ""kilakari"", ""k?lakarai"", ""?????????"", ""kilakara'i"", ""kilakkarai"", ""????????"", ""kai ai la ka lai"", ""kilakarai""]",geolocations-indian-cities
city_1268567,Kakching,kakching,,24.4982,93.98126,30418,[],geolocations-indian-cities
city_1271413,Gevrai,gevrai,,19.26372,75.75007,30406,[],geolocations-indian-cities
city_1259701,Pihani,pihani,,27.61987,80.20343,30369,"[""pih?n?"", ""pih?ni""]",geolocations-indian-cities
city_1465828,Perungudi,perungudi,,12.96095,80.24094,30363,[],geolocations-indian-cities
city_1257149,Sarkhej,sarkhej,,22.98297,72.50196,30341,[],geolocations-indian-cities
city_1258229,Remuna,remuna,,21.52798,86.87156,30319,[],geolocations-indian-cities
city_1255643,Sri Madhopur,sri madhopur,,27.46599,75.59736,30281,"[""sri m?dhopur""]",geolocations-indian-cities
city_1252997,Walajapet,walajapet,,12.9251,79.36626,30256,"[""walaja"", ""w?l?j?pet""]",geolocations-indian-cities
city_1259986,Pedana,pedana,,16.25582,81.14378,30252,[],geolocations-indian-cities
city_1271888,Ferokh,ferokh,,11.17989,75.84141,30229,"[""ferok"", ""feroke""]",geolocations-indian-cities
city_1257638,Salaya,salaya,,22.31038,69.60376,30228,"[""sal?ya""]",geolocations-indian-cities
city_1262380,Musiri,musiri,,10.95299,78.44427,30209,[],geolocations-indian-cities
city_1267182,Khair,khair,,27.94195,77.84243,30173,"[""khaira prakhanda"", ""kher"", ""???"", ""????"", ""kha'ira"", ""khaira"", ""??? ???????""]",geolocations-indian-cities
city_1274077,Chitapur,chitapur,,17.12357,77.0824,30139,"[""ch?t?pur""]",geolocations-indian-cities
city_1258124,Risod,risod,,19.97671,76.78799,30131,[],geolocations-indian-cities
city_1272970,Dhandhuka,dhandhuka,,22.38185,71.98664,30049,[],geolocations-indian-cities
city_1271900,Fatehpur Sikri,fatehpur sikri,,27.0937,77.66003,30026,"[""fth pwr sykry"", ""phatepur sikri"", ""fatehapura sikari"", ""fatehpur s?kri"", ""fatekhpur sikri"", ""fatehpur-sikri"", ""??? ??? ?????"", ""???????? ?????"", ""??????? ??????""]",geolocations-indian-cities
city_7302853,Yanamalakuduru,yanamalakuduru,,16.48531,80.66746,30000,"[""yenamalakuduru""]",geolocations-indian-cities
city_8504418,Cherpulassery,cherpulassery,,10.87655,76.30932,30000,[],geolocations-indian-cities
city_7284803,Birpara,birpara,,26.70421,89.14547,30000,[],geolocations-indian-cities
city_1278775,Amla,amla,,21.92485,78.12786,29995,[],geolocations-indian-cities
city_1261752,Narsinghgarh,narsinghgarh,,23.70758,77.09319,29981,[],geolocations-indian-cities
city_1255175,Talaja,talaja,,21.3527,72.03524,29948,"[""tal?ja""]",geolocations-indian-cities
city_1272856,Dharmadam,dharmadam,,11.77538,75.46459,29943,[],geolocations-indian-cities
city_1275849,Bhongaon,bhongaon,,27.25515,79.18118,29911,[],geolocations-indian-cities
city_1254390,Tiruchchendur,tiruchchendur,,8.49725,78.11906,29872,"[""tiruchchend?r"", ""tiruchend?r"", ""tiruchendur""]",geolocations-indian-cities
city_1257066,Sasvad,sasvad,,18.34351,74.03102,29858,"[""s?svad""]",geolocations-indian-cities
city_1278871,Ambad,ambad,,19.61301,75.78906,29846,[],geolocations-indian-cities
city_1255705,Soro,soro,,21.27851,86.68833,29797,[],geolocations-indian-cities
city_1264890,Lingsugur,lingsugur,,16.15876,76.52174,29783,"[""lingsug?r""]",geolocations-indian-cities
city_1271789,Gajendragarh,gajendragarh,,15.73628,75.96976,29749,"[""gajendragad""]",geolocations-indian-cities
city_1264520,Madurantakam,madurantakam,,12.51167,79.88485,29743,"[""madur?ntakam""]",geolocations-indian-cities
city_1253863,Umaria,umaria,,23.52473,80.83716,29740,"[""umari?""]",geolocations-indian-cities
city_1273109,Devarkonda,devarkonda,,16.69186,78.92073,29726,[],geolocations-indian-cities
city_1273006,Dhamnod,dhamnod,,22.20928,75.47057,29681,"[""dh?mnod""]",geolocations-indian-cities
city_1275646,Bilari,bilari,,28.62146,78.80361,29666,"[""bil?ri""]",geolocations-indian-cities
city_1262338,Muvattupula,muvattupula,,9.98493,76.57728,29664,"[""muvatupuzha"", ""muvatupusha"", ""m?vattupula""]",geolocations-indian-cities
city_1279323,Adur,adur,,9.15595,76.73192,29652,[],geolocations-indian-cities
city_1257307,Saoner,saoner,,21.3851,78.92155,29638,[],geolocations-indian-cities
city_1263021,Miranpur Katra,miranpur katra,,28.02963,79.66778,29626,[],geolocations-indian-cities
city_1258950,Raisinghnagar,raisinghnagar,,29.53583,73.44917,29626,"[""r?isinghnagar""]",geolocations-indian-cities
city_1268327,Kalpatta,kalpatta,,11.60871,76.08343,29602,"[""kalapetta"", ""kalparra"", ""??????"", ""ka er pei te ta"", ""?????????"", ""kalpetta"", ""?????"", ""????????""]",geolocations-indian-cities
city_1278455,Arangaon,arangaon,,19.02681,74.71487,29591,"[""?rangaon"", ""jamkhed""]",geolocations-indian-cities
city_10629189,Kalavoor,kalavoor,,9.57046,76.32756,29564,[],geolocations-indian-cities
city_1252653,Zunheboto,zunheboto,,25.96667,94.51667,29499,[],geolocations-indian-cities
city_1264301,Mainaguri,mainaguri,,26.56263,88.8204,29459,"[""main?guri""]",geolocations-indian-cities
city_1262230,Nagar Karnul,nagar karnul,,16.4821,78.32471,29439,"[""karnul"", ""karn?l"", ""n?gar karn?l""]",geolocations-indian-cities
city_1266806,Khedbrahma,khedbrahma,,24.0299,73.04632,29402,[],geolocations-indian-cities
city_1254908,Taranagar,taranagar,,28.6686,75.03207,29392,"[""reni"", ""t?r?nagar""]",geolocations-indian-cities
city_1260702,Palkonda,palkonda,,18.60374,83.75568,29378,"[""palakonda"", ""p?lkonda"", ""???????""]",geolocations-indian-cities
city_1272861,Dhari,dhari,,21.32855,71.02645,29346,"[""dh?ri""]",geolocations-indian-cities
city_1269056,Jewar,jewar,,28.122,77.55734,29316,[],geolocations-indian-cities
city_7302838,Kalyandurg,kalyandurg,,14.54519,77.10552,29272,"[""kaly?ndrug"", ""kalyandrug"", ""kaly?ndurg""]",geolocations-indian-cities
city_1272610,Dighwara,dighwara,,25.74434,85.01003,29270,"[""digha"", ""dighw?ra""]",geolocations-indian-cities
city_7279735,Muvattupuzha,muvattupuzha,,9.97985,76.57381,29246,"[""muvattupujha"", ""????????????"", ""???????????"", ""??????"", ""muvarruppulai"", ""mubattupuyha"", ""??????????"", ""muvattupusa"", ""mu wa te tu pu zha"", ""mubattupujha"", ""??????????????"", ""muvarrupula"", ""?????????????""]",geolocations-indian-cities
city_1278036,Bachhraon,bachhraon,,28.92694,78.23456,29232,[],geolocations-indian-cities
city_1269693,Irinjalakuda,irinjalakuda,,10.34238,76.21124,29208,"[""irinj?lakuda""]",geolocations-indian-cities
city_1263744,Mangrul Pir,mangrul pir,,20.31379,77.34178,29198,[],geolocations-indian-cities
city_1278405,Ariyalur,ariyalur,,11.13849,79.07556,29144,[],geolocations-indian-cities
city_1264524,Madukkarai,madukkarai,,10.90568,76.96344,29144,"[""mudukarai"", ""madukarai""]",geolocations-indian-cities
city_1269670,Islamnagar,islamnagar,,28.32896,78.72524,29144,"[""aryanagar"", ""isl?mnagar"", ""ary?nagar""]",geolocations-indian-cities
city_1260456,Ponmana,ponmana,,9.00798,76.52023,29139,"[""panmana""]",geolocations-indian-cities
city_1263943,Manavadar,manavadar,,21.49813,70.13775,29105,"[""m?n?vadar"", ""manawadar""]",geolocations-indian-cities
city_1256050,Sirsaganj,sirsaganj,,27.05715,78.68661,29034,"[""sirs?ganj""]",geolocations-indian-cities
city_1257477,Sanchor,sanchor,,24.75361,71.7728,29022,"[""s?nchor"", ""sanchore""]",geolocations-indian-cities
city_1257456,Sandur,sandur,,15.08613,76.54692,29016,"[""sand?r""]",geolocations-indian-cities
city_1274020,Chodavaram,chodavaram,,17.82884,82.93526,29000,[],geolocations-indian-cities
city_1255372,Surandai,surandai,,8.97574,77.41923,28989,"[""s?randai""]",geolocations-indian-cities
city_1259530,Piro,piro,,25.33218,84.40454,28967,[],geolocations-indian-cities
city_1255597,Suar,suar,,29.02841,79.05654,28941,"[""su?r"", ""????""]",geolocations-indian-cities
city_1263649,Manoharpur,manoharpur,,27.29769,75.9495,28928,[],geolocations-indian-cities
city_1258786,Rajura,rajura,,19.77947,79.36459,28881,"[""r?j?ra""]",geolocations-indian-cities
city_1266038,Kotagiri,kotagiri,,11.42072,76.86035,28848,"[""keattagiri"", ""?????????"", ""????"", ""ke ta ji li"", ""????????"", ""kottakiri""]",geolocations-indian-cities
city_1257936,Rusera,rusera,,25.75355,86.02597,28781,[],geolocations-indian-cities
city_10924927,Azhiyur,azhiyur,,11.69348,75.56013,28731,[],geolocations-indian-cities
city_1261539,Nelamangala,nelamangala,,13.09978,77.39364,28697,[],geolocations-indian-cities
city_1255704,Soron,soron,,27.89055,78.74621,28683,"[""?????""]",geolocations-indian-cities
city_1262591,Mukher,mukher,,18.70636,77.36795,28647,[],geolocations-indian-cities
city_1256435,Sholinghur,sholinghur,,13.1181,79.42025,28645,[],geolocations-indian-cities
city_1271839,Gadhada,gadhada,,21.96957,71.57828,28611,[],geolocations-indian-cities
city_1264032,Malpura,malpura,,26.2838,75.36458,28600,"[""m?lpura""]",geolocations-indian-cities
city_1279058,Alangulam,alangulam,,8.86404,77.49937,28558,"[""atangulam"", ""?langulam"", ""?tangulam""]",geolocations-indian-cities
city_1279356,Addanki,addanki,,15.81061,79.97338,28547,[],geolocations-indian-cities
city_1263051,Milak,milak,,28.61031,79.16997,28505,"[""?????""]",geolocations-indian-cities
city_1273834,Coondapoor,coondapoor,,13.63126,74.6902,28491,"[""coondapur"", ""kundapur""]",geolocations-indian-cities
city_1265246,Lakheri,lakheri,,25.67237,76.17692,28463,"[""l?kheri""]",geolocations-indian-cities
city_1265166,Lalgola,lalgola,,24.42244,88.25238,28442,"[""lalgola ghat"", ""l?lgola""]",geolocations-indian-cities
city_1253638,Utraula,utraula,,27.31933,82.41872,28437,"[""utraul?""]",geolocations-indian-cities
city_1254304,Titlagarh,titlagarh,,20.28961,83.15233,28405,"[""titlagar"", ""titl?garh"", ""titilagarh""]",geolocations-indian-cities
city_1254377,Tirukkoyilur,tirukkoyilur,,11.9662,79.20259,28337,"[""tirukkoyil?r"", ""tirukkovilur""]",geolocations-indian-cities
city_1255792,Sonamukhi,sonamukhi,,23.30521,87.41336,28334,"[""son?mukhi""]",geolocations-indian-cities
city_1256823,Seoni Malwa,seoni malwa,,22.45046,77.4665,28334,"[""seoni marwa"", ""seoni m?lwa"", ""seon? m?lw?""]",geolocations-indian-cities
city_1278017,Badami,badami,,15.91495,75.67683,28314,"[""??????""]",geolocations-indian-cities
city_1263280,Mavoor,mavoor,,11.26667,75.91667,28313,[],geolocations-indian-cities
city_1263285,Mavelikara,mavelikara,,9.25929,76.55642,28300,"[""m?velikara"", ""mavalikara"", ""mavelikkara""]",geolocations-indian-cities
city_1263293,Maur,maur,,30.08333,75.25,28295,[],geolocations-indian-cities
city_1272983,Dhanaura,dhanaura,,28.95912,78.25629,28285,[],geolocations-indian-cities
city_1269985,Hole Narsipur,hole narsipur,,12.78635,76.24331,28285,"[""holenarasipura""]",geolocations-indian-cities
city_1259541,Piravam,piravam,,9.86667,76.5,28254,"[""piravom""]",geolocations-indian-cities
city_1263862,Mandi,mandi,,31.71194,76.93273,28217,"[""?????"", ""??????"", ""ma en di"", ""???"", ""????"", ""????? ????? ?????""]",geolocations-indian-cities
city_1256426,Shrigonda,shrigonda,,18.61527,74.69895,28208,"[""shr?gonda""]",geolocations-indian-cities
city_1260527,Pandua,pandua,,23.07492,88.28637,28205,[],geolocations-indian-cities
city_1167718,Punch,punch,,33.77033,74.09254,28197,"[""?????"", ""bwnsh"", ""bwntsh"", ""p?nch"", ""pwnch?"", ""????"", ""poonch""]",geolocations-indian-cities
city_1259693,Pilani,pilani,,28.36725,75.60352,28149,"[""pil?ni""]",geolocations-indian-cities
city_1271213,Giddalur,giddalur,,15.37439,78.92609,28142,"[""giddal?r""]",geolocations-indian-cities
city_1264592,Maddur,maddur,,12.58283,77.04294,28141,"[""madd?r""]",geolocations-indian-cities
city_1264553,Maddagiri,maddagiri,,13.66035,77.21239,28124,"[""madhugiri""]",geolocations-indian-cities
city_1271563,Garhakota,garhakota,,23.7791,79.14321,28114,"[""garh?kota"", ""garh?kot?""]",geolocations-indian-cities
city_1265881,Koynanagar,koynanagar,,17.4,73.76667,28091,[],geolocations-indian-cities
city_1265645,Kumta,kumta,,14.42853,74.4189,27999,"[""??????"", ""ku mu ta"", ""kumpta"", ""coompta"", ""kumata"", ""???"", ""?????""]",geolocations-indian-cities
city_1264756,Losal,losal,,27.4,74.91667,27964,[],geolocations-indian-cities
city_1270021,Hisua,hisua,,24.8336,85.41729,27943,"[""hisu?""]",geolocations-indian-cities
city_1273416,Dasna,dasna,,28.67736,77.52252,27926,"[""d?sna""]",geolocations-indian-cities
city_1278204,Adirampattinam,adirampattinam,,10.34059,79.37905,27909,"[""attirampattinam"", ""atirampattinam"", ""adir?mpatnam"", ""adirampatnam"", ""atir?mpattinam""]",geolocations-indian-cities
city_1255122,Talikota,talikota,,16.47311,76.31085,27902,"[""talikoti"", ""t?l?kota""]",geolocations-indian-cities
city_1263807,Maner,maner,,25.64602,84.87291,27901,"[""maner sharif"", ""??????"", ""manera""]",geolocations-indian-cities
city_1275506,Birmitrapur,birmitrapur,,22.4,84.76667,27879,[],geolocations-indian-cities
city_1272008,Erraguntla,erraguntla,,14.63853,78.53974,27874,"[""yerraguntla""]",geolocations-indian-cities
city_1277442,Bamor Kalan,bamor kalan,,24.89298,78.15105,27860,"[""bamor"", ""b?mor"", ""b?mor kal?n""]",geolocations-indian-cities
city_1268495,Kalakkadu,kalakkadu,,8.5138,77.54944,27845,"[""kalakad"", ""kalakk?du""]",geolocations-indian-cities
city_1258270,Razam,razam,,18.44909,83.65957,27832,"[""r?j?m"", ""r?z?m"", ""rajam""]",geolocations-indian-cities
city_1267794,Kareli,kareli,,22.91533,79.06378,27808,"[""karel?"", ""??????""]",geolocations-indian-cities
city_1269406,Jalgaon Jamod,jalgaon jamod,,21.05194,76.53464,27794,"[""jalgaon"", ""j?lgaon"", ""jaigaon"", ""?????????"", ""j?igaon"", ""dzhalgaone""]",geolocations-indian-cities
city_1258891,Rajaori,rajaori,,33.37526,74.3092,27792,"[""r?jauri"", ""??????"", ""rajwry"", ""rajwary"", ""rajauri"", ""???????"", ""r?jaori""]",geolocations-indian-cities
city_1269158,Jaswantnagar,jaswantnagar,,26.88271,78.90256,27777,[],geolocations-indian-cities
city_1279307,Afzalgarh,afzalgarh,,29.3937,78.67393,27753,[],geolocations-indian-cities
city_1275016,Byadgi,byadgi,,14.67325,75.4868,27719,"[""by?dgi""]",geolocations-indian-cities
city_1258247,Rehli,rehli,,23.63722,79.06275,27705,"[""rehl?""]",geolocations-indian-cities
city_1262484,Mungeli,mungeli,,22.06566,81.68543,27698,[],geolocations-indian-cities
city_1263940,Manawar,manawar,,22.23566,75.08917,27637,"[""man?war""]",geolocations-indian-cities
city_1266216,Kondagaon,kondagaon,,19.59083,81.664,27626,"[""kondegaon""]",geolocations-indian-cities
city_1254808,Tehri,tehri,,30.39086,78.4803,27611,"[""tehri-garhw?l"", ""n'ju-tekhri"", ""new tehri"", ""?? ?????"", ""??? ?????"", ""tehri-garhwal"", ""te he li"", ""???-?????"", ""nave tehari"", ""na'i tihari"", ""tihari"", ""n'ju-tikhri"", ""????"", ""???"", ""?????"", ""tehari"", ""tekhri""]",geolocations-indian-cities
city_1253860,Umarkot,umarkot,,19.66529,82.20629,27545,[],geolocations-indian-cities
city_1262151,Nahan,nahan,,30.56029,77.29426,27544,"[""n?han""]",geolocations-indian-cities
city_1257354,Sankrail,sankrail,,22.54997,88.22515,27523,"[""s?nkr?il"", ""shankrail""]",geolocations-indian-cities
city_1263965,Manamadurai,manamadurai,,9.67318,78.47096,27493,"[""m?n?madurai"", ""ma na ma du lai"", ""manamadura"", ""manamaturai"", ""manamaduraya"", ""?????????"", ""manamadura'i"", ""?????"", ""????????""]",geolocations-indian-cities
city_1276548,Beldanga,beldanga,,23.93428,88.26018,27489,"[""beld?nga""]",geolocations-indian-cities
city_1259034,Rahatgarh,rahatgarh,,23.78968,78.39473,27462,"[""r?hatgarh""]",geolocations-indian-cities
city_1260335,Pardi,pardi,,20.5087,72.94569,27423,"[""p?rdi""]",geolocations-indian-cities
city_1263022,Miranpur,miranpur,,29.29026,77.94939,27390,"[""m?r?npur""]",geolocations-indian-cities
city_1256259,Silvassa,silvassa,,20.27386,72.99673,27359,"[""silabhasa"", ""??????"", ""selv?sa"", ""xi er wa sa"", ""silavasa"", ""???????"", ""silbasa"", ""sylwasa"", ""?????????"", ""silvasa"", ""cilvaca"", ""su~iruvu~asa"", ""silabas'sa"", ""????"", ""???"", ""????????"", ""selvasa""]",geolocations-indian-cities
city_1268469,Kalanwali,kalanwali,,29.83573,74.9717,27355,"[""k?l?nw?li""]",geolocations-indian-cities
city_1348753,Chakapara,chakapara,,22.63222,88.34861,27320,"[""chakpara""]",geolocations-indian-cities
city_1268484,Kalamb,kalamb,,19.04437,73.95554,27287,[],geolocations-indian-cities
city_1270059,Hirakud,hirakud,,21.52502,83.87275,27277,"[""h?r?kud"", ""h?r?k?d""]",geolocations-indian-cities
city_1264514,Magadi,magadi,,12.95706,77.22374,27213,"[""m?gadi"", ""??????""]",geolocations-indian-cities
city_1265613,Kundarkhi,kundarkhi,,28.68304,78.78559,27197,"[""kundarki""]",geolocations-indian-cities
city_1270686,Gundlupet,gundlupet,,11.81004,76.69027,27197,"[""gundlup?t"", ""gundalpet""]",geolocations-indian-cities
city_1275618,Bilgram,bilgram,,27.17509,80.03201,27173,"[""bilgr?m""]",geolocations-indian-cities
city_1275732,Bidhuna,bidhuna,,26.80172,79.50829,27158,"[""bidh?na""]",geolocations-indian-cities
city_1259857,Perumpavur,perumpavur,,10.11544,76.47611,27105,[],geolocations-indian-cities
city_1276449,Berasia,berasia,,23.63134,77.43351,27091,"[""berasiya"", ""?????????"", ""???"", ""bei la xia"", ""????????""]",geolocations-indian-cities
city_1271131,Gobindpur,gobindpur,,22.63393,86.07162,27066,[],geolocations-indian-cities
city_1266014,Kotdwara,kotdwara,,29.74612,78.52219,27009,"[""kotdw?ra""]",geolocations-indian-cities
city_7626554,Bhawanipur,bhawanipur,,26.45352,87.02744,27000,[],geolocations-indian-cities
city_1259108,Kasba,kasba,,25.85643,87.53836,26937,"[""qasba""]",geolocations-indian-cities
city_7302855,Naharlagun,naharlagun,,27.10467,93.69518,26912,[],geolocations-indian-cities
city_1257545,Samba,samba,,32.56245,75.11993,26893,"[""s?mba""]",geolocations-indian-cities
city_1253242,Vepagunta,vepagunta,,17.77844,83.21577,26881,[],geolocations-indian-cities
city_1265723,Kulittalai,kulittalai,,10.93487,78.41251,26822,[],geolocations-indian-cities
city_1277263,Banmankhi,banmankhi,,25.88857,87.19421,26806,"[""banmanki""]",geolocations-indian-cities
city_1256598,Sheoganj,sheoganj,,25.13915,73.06784,26804,[],geolocations-indian-cities
city_1269761,Indapur,indapur,,18.3,73.25,26752,"[""ind?pur"", ""indapuri""]",geolocations-indian-cities
city_1267297,Kemri,kemri,,28.80673,79.2048,26726,"[""kemr?""]",geolocations-indian-cities
city_1256974,Sausar,sausar,,21.65576,78.79669,26704,[],geolocations-indian-cities
city_1267669,Kartarpur,kartarpur,,31.44268,75.49847,26701,"[""????? ???"", ""krtarbwr"", ""????????"", ""kart?rpur"", ""krtar bwr""]",geolocations-indian-cities
city_1267772,Karhal,karhal,,27.00089,78.93935,26693,[],geolocations-indian-cities
city_1273136,Deulgaon Raja,deulgaon raja,,20.01757,76.03755,26688,"[""de?lgaon r?ja""]",geolocations-indian-cities
city_1265053,Lar,lar,,26.20394,83.96906,26688,"[""l?r""]",geolocations-indian-cities
city_1264489,Mahad,mahad,,18.08333,73.41667,26665,"[""?????"", ""makhad"", ""mah?d""]",geolocations-indian-cities
city_1279023,Aliganj,aliganj,,27.49358,79.17127,26652,"[""al?ganj""]",geolocations-indian-cities
city_1258307,Raver,raver,,21.24757,76.03509,26635,"[""r?ver""]",geolocations-indian-cities
city_1260612,Panagar,panagar,,23.28539,79.99509,26619,"[""panagar bazar"", ""panagara"", ""pan?gar"", ""p?n?gar""]",geolocations-indian-cities
city_1270435,Hangal,hangal,,14.76465,75.1246,26604,"[""h?ngal""]",geolocations-indian-cities
city_7279739,Perumbavoor,perumbavoor,,10.10695,76.47366,26550,"[""pyrwmbawwr"", ""???????????"", ""????????????"", ""perumbabhura"", ""pei lu mu ba wo ao er"", ""???????"", ""??????????"", ""perumpavur"", ""perumbaraura""]",geolocations-indian-cities
city_1258347,Ratia,ratia,,29.69029,75.57688,26524,"[""?????""]",geolocations-indian-cities
city_1260016,Pauri,pauri,,30.15286,78.7771,26514,"[""paudi"", ""bao li"", ""??"", ""????"", ""pa'uri"", ""?????""]",geolocations-indian-cities
city_1256735,Shahganj,shahganj,,26.04965,82.68423,26510,"[""jaunpur"", ""sh?hganj""]",geolocations-indian-cities
city_1272699,Dhrol,dhrol,,22.567,70.41769,26496,[],geolocations-indian-cities
city_1260681,Pallippatti,pallippatti,,11.9399,78.40161,26492,[],geolocations-indian-cities
city_1270763,Gulabpura,gulabpura,,25.90448,74.66025,26467,"[""gul?bpura""]",geolocations-indian-cities
city_1270554,Hadgaon,hadgaon,,19.49552,77.65863,26451,"[""hadg?on""]",geolocations-indian-cities
city_1271834,Gadhinglaj,gadhinglaj,,16.22291,74.3501,26449,"[""????? ???"", ""garahinlaja"", ""gadhingalaja"", ""?????????"", ""????????"", ""jia ding ge la jie"", ""?????"", ""???????"", ""gadahinglaja"", ""gadhinlaja""]",geolocations-indian-cities
city_1258815,Rajpur,rajpur,,22.30393,74.35568,26443,"[""alirajpur"", ""r?jpur""]",geolocations-indian-cities
city_1254727,Terdal,terdal,,16.49379,75.04667,26411,"[""terd?l""]",geolocations-indian-cities
city_1258492,Rangia,rangia,,26.44931,91.61356,26388,"[""rangiya"", ""rang? nad?"", ""ranga nadi""]",geolocations-indian-cities
city_1268823,Jora,jora,,26.34209,77.8092,26338,"[""zhora"", ""joura"", ""????""]",geolocations-indian-cities
city_1266762,Kheri,kheri,,27.90354,80.79754,26327,[],geolocations-indian-cities
city_1275590,Bilsi,bilsi,,28.12941,78.9109,26320,[],geolocations-indian-cities
city_1255104,Taloda,taloda,,21.56128,74.21238,26293,[],geolocations-indian-cities
city_1259434,Polur,polur,,12.51217,79.12405,26290,"[""pol?r""]",geolocations-indian-cities
city_1268450,Kalavad,kalavad,,22.20789,70.38343,26287,"[""k?l?vad""]",geolocations-indian-cities
city_1259060,Rafiganj,rafiganj,,24.81757,84.63445,26228,[],geolocations-indian-cities
city_1267786,Karera,karera,,25.45815,78.13583,26212,"[""??????"", ""karery""]",geolocations-indian-cities
city_1270466,Halvad,halvad,,23.01516,71.18029,26205,"[""halwad""]",geolocations-indian-cities
city_1269862,Husainabad,husainabad,,24.52849,84.0,26184,"[""husain?b?d"", ""jopla""]",geolocations-indian-cities
city_1265752,Kukshi,kukshi,,22.20677,74.75788,26183,[],geolocations-indian-cities
city_1255484,Sulur,sulur,,11.02427,77.12565,26183,"[""s?l?r""]",geolocations-indian-cities
city_1272084,Elamanchili,elamanchili,,17.54907,82.85749,26176,"[""yellamanchili"", ""yellamanchilli""]",geolocations-indian-cities
city_1263528,Marhaura,marhaura,,25.97349,84.86796,26138,[],geolocations-indian-cities
city_1256539,Shiggaon,shiggaon,,14.99053,75.22499,26118,"[""shigaon""]",geolocations-indian-cities
city_1258993,Raikot,raikot,,30.65,75.6,26114,"[""r?ikot""]",geolocations-indian-cities
city_1258534,Ranavav,ranavav,,21.68734,69.74485,26011,"[""r?n?v?v"", ""r?n?w?o"", ""ranawao""]",geolocations-indian-cities
city_1268761,Junnar,junnar,,19.20815,73.8752,25997,"[""junara"", ""jnar"", ""??????"", ""shivner"", ""junnara"", ""????????"", ""???"", ""????"", ""jiu na er"", ""?????"", ""???????""]",geolocations-indian-cities
city_1268031,Kanker,kanker,,20.27193,81.49177,25984,"[""k?nker""]",geolocations-indian-cities
city_1266518,Kinwat,kinwat,,19.62557,78.1987,25956,"[""kinvat""]",geolocations-indian-cities
city_1262240,Nagari,nagari,,13.32139,79.58557,25933,[],geolocations-indian-cities
city_1268339,Kalol,kalol,,22.60777,73.46272,25929,"[""k?lol""]",geolocations-indian-cities
city_1274116,Chipurupalle,chipurupalle,,18.31142,83.56846,25898,[],geolocations-indian-cities
city_1258213,Renigunta,renigunta,,13.65143,79.51256,25895,"[""??????????"", ""renigunta mandala"", ""lei ni gong ta"", ""????"", ""renikunta"", ""???????? ?????"", ""????????"", ""???? ????""]",geolocations-indian-cities
city_1262065,Nalhati,nalhati,,24.29704,87.82899,25878,"[""nalh?ti""]",geolocations-indian-cities
city_1271064,Gokarna,gokarna,,14.55,74.31667,25851,"[""??????"", ""gokarn"", ""kokarnam"", ""????????"", ""???????""]",geolocations-indian-cities
city_1266116,Koregaon,koregaon,,18.64573,74.05909,25846,"[""koregaon-bhima""]",geolocations-indian-cities
city_1268124,Kandla,kandla,,23.03333,70.21667,25845,"[""k?ndla"", ""ixy"", ""??????"", ""kundla""]",geolocations-indian-cities
city_1276589,Behror,behror,,27.88832,76.28108,25815,"[""bei he luo er"", ""??????"", ""behrora"", ""beharora"", ""????"", ""???????""]",geolocations-indian-cities
city_1278122,Avanigadda,avanigadda,,16.02148,80.91808,25761,[],geolocations-indian-cities
city_1255631,Srinivaspur,srinivaspur,,13.33914,78.21175,25760,"[""sr?niv?spur""]",geolocations-indian-cities
city_1261205,Nongstoin,nongstoin,,25.51704,91.26484,25758,[],geolocations-indian-cities
city_1278540,Annigeri,annigeri,,15.42513,75.4335,25753,[],geolocations-indian-cities
city_1262374,Mussoorie,mussoorie,,30.45498,78.07068,25753,"[""mussuri"", ""mussoori"", ""mus'sauri"", ""??????"", ""mussooree"", ""mu suo li"", ""?????? ????????"", ""????????"", ""masuri"", ""massuri"", ""mucori"", ""???"", ""masori"", ""?????"", ""???????"", ""musoori""]",geolocations-indian-cities
city_1264395,Mahendragarh,mahendragarh,,28.26935,76.15253,25728,"[""kanaud"", ""k?naud"", ""mohindargarh""]",geolocations-indian-cities
city_1269509,Jais,jais,,26.2649,81.54855,25726,"[""j?is""]",geolocations-indian-cities
city_1260003,Pawayan,pawayan,,28.06626,80.10305,25708,"[""paw?yan""]",geolocations-indian-cities
city_1274381,Chhabra,chhabra,,24.66472,76.84379,25676,[],geolocations-indian-cities
city_1267154,Khajuraho Group of Monuments,khajuraho group of monuments,,24.84809,79.93351,25662,"[""khajuraha"", ""hjr"", ""khad?uraho"", ""khajur?ho"", ""kajuraho"", ""khadzuraho"", ""??????????"", ""kkhadzhurakho"", ""khajr?ho"", ""conjunto de templos de khajuraho"", ""khajuraho"", ""???????"", ""khajraho"", ""khajur\u00e2ho""]",geolocations-indian-cities
city_1257865,Sadri,sadri,,25.18555,73.45288,25632,"[""s?dri""]",geolocations-indian-cities
city_1269269,Jandiala,jandiala,,31.1593,75.61755,25631,"[""jandiali"", ""jandi?la""]",geolocations-indian-cities
city_1253702,Uran,uran,,18.87813,72.93924,25598,"[""????"", ""???"", ""arn"", ""urana""]",geolocations-indian-cities
city_1260206,Pasighat,pasighat,,28.06631,95.32678,25581,"[""p?sigh?t"", ""ixt""]",geolocations-indian-cities
city_1263300,Mauganj,mauganj,,24.66721,81.87339,25537,[],geolocations-indian-cities
city_1254795,Tekkalakote,tekkalakote,,15.53444,76.87703,25530,"[""tekkalakota"", ""takkalakote""]",geolocations-indian-cities
city_1268360,Kallidaikurichi,kallidaikurichi,,8.68591,77.46592,25513,"[""kailidaikorichchi"", ""kallidaikurichchi""]",geolocations-indian-cities
city_1273850,Colonelganj,colonelganj,,27.13432,81.69868,25503,[],geolocations-indian-cities
city_1263185,Mehndawal,mehndawal,,26.97579,83.10995,25495,"[""mehnd?wal"", ""mahdawal"", ""mehdawal""]",geolocations-indian-cities
city_1266372,Koelwar,koelwar,,25.58055,84.79751,25494,[],geolocations-indian-cities
city_1268651,Kagal,kagal,,16.57702,74.31544,25479,"[""k?gal""]",geolocations-indian-cities
city_1277255,Bannur,bannur,,12.33295,76.86201,25455,"[""bann?r""]",geolocations-indian-cities
city_1265401,Kuttampuzha,kuttampuzha,,10.15033,76.73544,25436,[],geolocations-indian-cities
city_1275147,Budhlada,budhlada,,29.92799,75.56205,25431,"[""budhl?da""]",geolocations-indian-cities
city_1261394,Nileshwar,nileshwar,,12.25953,75.1352,25405,"[""n?l?shwar"", ""n?leshwar""]",geolocations-indian-cities
city_1267739,Karkala,karkala,,13.21428,74.99234,25374,"[""karaka"", ""k?rkala"", ""karkal"", ""k?rk?l""]",geolocations-indian-cities
city_10628608,Kadakkavoor,kadakkavoor,,8.67921,76.76714,25362,[],geolocations-indian-cities
city_1255434,Sundarnagar,sundarnagar,,31.53523,76.905,25338,[],geolocations-indian-cities
city_1277330,Banganapalle,banganapalle,,15.31771,78.22669,25325,"[""banaganapalli"", ""??????????"", ""banganapilly""]",geolocations-indian-cities
city_1278320,Asandh,asandh,,29.52119,76.60552,25323,"[""?sandh""]",geolocations-indian-cities
city_1269849,Hadagalli,hadagalli,,15.02048,75.93185,25311,"[""huvinabadgalli"", ""huvvmahadagalli""]",geolocations-indian-cities
city_1278507,Anupshahr,anupshahr,,28.35748,78.26914,25306,"[""an?pshahr""]",geolocations-indian-cities
city_7302859,Lumding Railway Colony,lumding railway colony,,25.74903,93.16998,25283,"[""kumding"", ""lumding""]",geolocations-indian-cities
city_1255762,Songadh,songadh,,21.16966,73.56357,25269,"[""songarh""]",geolocations-indian-cities
city_1266461,Kithor,kithor,,28.86684,77.93861,25262,[],geolocations-indian-cities
city_1264643,Machhlishahr,machhlishahr,,25.68564,82.41106,25247,"[""machhl?shahr""]",geolocations-indian-cities
city_1277530,Baloda Bazar,baloda bazar,,21.65678,82.16062,25235,"[""baloda b?z?r""]",geolocations-indian-cities
city_1273123,Devanhalli,devanhalli,,13.24655,77.71183,25228,"[""???????????"", ""??????"", ""devanahalli"", ""de wa en ha er li"", ""devu~anaharri"", ""??????????"", ""?????????"", ""debanahalli"", ""????????""]",geolocations-indian-cities
city_1270618,Gursarai,gursarai,,25.61677,79.18053,25191,"[""gursar?i""]",geolocations-indian-cities
city_1258140,Ringas,ringas,,27.3636,75.56838,25171,"[""reengus"", ""ringus"", ""r?ngas""]",geolocations-indian-cities
city_1278343,Arumuganeri,arumuganeri,,8.5688,78.09091,25151,[],geolocations-indian-cities
city_1253340,Vayalar,vayalar,,9.71158,76.33888,25094,"[""vayalaru"", ""??????"", ""vayal?r""]",geolocations-indian-cities
city_1279219,Ahraura,ahraura,,25.01579,83.03294,25075,"[""ahraur?""]",geolocations-indian-cities
city_1274021,Rampachodavaram,rampachodavaram,,17.44088,81.77558,25074,[],geolocations-indian-cities
city_1264075,Malakanagiri,malakanagiri,,18.36428,81.888,25054,"[""m?lk?ngiri"", ""malkanagiri"", ""malkangiri"", ""malakangairi""]",geolocations-indian-cities
city_1268059,Kanigiri,kanigiri,,15.40555,79.50694,25045,[],geolocations-indian-cities
city_1274428,Chengannur,chengannur,,9.31575,76.61513,25043,"[""chengann?r""]",geolocations-indian-cities
city_1274770,Chandauli,chandauli,,25.25803,83.26825,25035,[],geolocations-indian-cities
city_1273665,Dakor,dakor,,22.75268,73.14967,25019,"[""?????"", ""d?kor""]",geolocations-indian-cities
city_1257461,Sandi,sandi,,27.28867,79.9519,25008,"[""s?ndi""]",geolocations-indian-cities
city_1266258,Kolasib,kolasib,,24.22388,92.67869,25000,[],geolocations-indian-cities
city_8714565,Shiraguppi,shiraguppi,,16.61875,74.70907,25000,[],geolocations-indian-cities
city_1263566,Marayur,marayur,,10.27641,77.16205,25000,"[""maraiyoor"", ""maraiyur"", ""marayoor"", ""maraiy?r""]",geolocations-indian-cities
city_1260942,Padam,padam,,33.46659,76.88488,25000,[],geolocations-indian-cities
city_1279396,Abu,abu,,24.59365,72.71756,24981,"[""mount abu"", ""???"", ""?bu""]",geolocations-indian-cities
city_1256597,Sheohar,sheohar,,26.51393,85.29341,24979,[],geolocations-indian-cities
city_1265632,Kunda,kunda,,25.71702,81.51396,24948,[],geolocations-indian-cities
city_1273191,Deori Khas,deori khas,,23.39017,79.0163,24934,"[""deori"", ""deori kh?s"", ""deor? kh?s"", ""deore""]",geolocations-indian-cities
city_1257698,Sakleshpur,sakleshpur,,12.94119,75.78467,24931,"[""saklaspur""]",geolocations-indian-cities
city_1276478,Bemetara,bemetara,,21.71556,81.53423,24910,"[""bemet?ra""]",geolocations-indian-cities
city_1276663,Bawana,bawana,,28.7982,77.03431,24906,"[""bawana delhi"", ""baw?na""]",geolocations-indian-cities
city_1259878,Periyanayakkanpalaiyam,periyanayakkanpalaiyam,,11.15255,76.95159,24894,"[""periyan?yakkanp?laiyam"", ""????????????????????"", ""periyanaikanpalayam""]",geolocations-indian-cities
city_1267972,Kanth,kanth,,29.05939,78.62951,24883,"[""mannagar"", ""k?nth"", ""m?nnagar""]",geolocations-indian-cities
city_1274574,Charkhari,charkhari,,25.40304,79.74877,24881,"[""m?h?r?jnagar"", ""charkh?ri"", ""maharajnagar""]",geolocations-indian-cities
city_1263787,Mangaldai,mangaldai,,26.44212,92.03047,24871,[],geolocations-indian-cities
city_1253577,Vadnagar,vadnagar,,23.78593,72.63893,24832,[],geolocations-indian-cities
city_1257854,Safipur,safipur,,26.73783,80.3435,24801,"[""saf?pur""]",geolocations-indian-cities
city_1268739,Kabrai,kabrai,,25.40281,79.9997,24771,"[""kabral"", ""kabr?i""]",geolocations-indian-cities
city_1266809,Kheda,kheda,,22.75218,72.68533,24767,"[""kaira"", ""????""]",geolocations-indian-cities
city_1259409,Ponneri,ponneri,,13.33868,80.19487,24756,"[""bo nei li"", ""???"", ""????????""]",geolocations-indian-cities
city_1255076,Talwara,talwara,,31.9376,75.88657,24752,"[""talw?ra""]",geolocations-indian-cities
city_1253605,Vadakku Valliyur,vadakku valliyur,,8.38286,77.61221,24749,[],geolocations-indian-cities
city_1254638,Tharad,tharad,,24.39597,71.62577,24697,"[""thar?d""]",geolocations-indian-cities
city_1271453,Gauripur,gauripur,,26.08334,89.96118,24694,[],geolocations-indian-cities
city_1269943,Hosdurga,hosdurga,,13.79631,76.28408,24685,"[""hosadurga""]",geolocations-indian-cities
city_1254794,Tekkali,tekkali,,18.6057,84.23546,24682,"[""???????""]",geolocations-indian-cities
city_1260830,Pakala,pakala,,13.44903,79.11493,24680,"[""p?k?la"", ""pakal""]",geolocations-indian-cities
city_1263034,Minjur,minjur,,13.27951,80.25815,24674,"[""m?nj?r""]",geolocations-indian-cities
city_1262285,Naduvannur,naduvannur,,11.48772,75.77511,24648,"[""naduvann?r""]",geolocations-indian-cities
city_1278621,Andol,andol,,17.81458,78.07713,24645,[],geolocations-indian-cities
city_1275692,Bijbehara,bijbehara,,33.79378,75.107,24590,"[""vejibyor"", ""vejibyour"", ""bijbiara"", ""vijeshwara"", ""vejiby?r"", ""bijbi?ra""]",geolocations-indian-cities
city_1270923,Gorantla,gorantla,,13.98411,77.77224,24586,[],geolocations-indian-cities
city_1273409,Dataganj,dataganj,,28.0253,79.40819,24562,"[""d?t?ganj""]",geolocations-indian-cities
city_1268624,Kailaras,kailaras,,26.30498,77.616,24539,"[""kail?ras""]",geolocations-indian-cities
city_1274346,Chharra,chharra,,27.9247,78.40102,24535,[],geolocations-indian-cities
city_1271975,Faizpur,faizpur,,21.16766,75.86006,24534,[],geolocations-indian-cities
city_1274285,Chhota Udepur,chhota udepur,,22.30401,74.0158,24517,"[""chota udaipur""]",geolocations-indian-cities
city_1269094,Jaynagar-Majilpur,jaynagar-majilpur,,22.17583,88.41778,24510,"[""jaynagar""]",geolocations-indian-cities
city_1445156,Singapur,singapur,,17.46982,78.12574,24457,"[""sing?pur""]",geolocations-indian-cities
city_1257802,Sahaspur,sahaspur,,29.12125,78.62273,24452,[],geolocations-indian-cities
city_1278625,Andippatti,andippatti,,9.99797,77.62097,24448,[],geolocations-indian-cities
city_1267979,Kant,kant,,27.81049,79.79185,24430,"[""k?nt""]",geolocations-indian-cities
city_1263532,Margherita,margherita,,27.28482,95.66796,24428,[],geolocations-indian-cities
city_1269298,Jamtara,jamtara,,23.963,86.80285,24388,"[""j?mt?ra""]",geolocations-indian-cities
city_1278124,Avinashi,avinashi,,11.19297,77.26865,24327,"[""avan?shi"", ""avanashi""]",geolocations-indian-cities
city_1269694,Iringal,iringal,,11.55929,75.61663,24318,[],geolocations-indian-cities
city_1253623,Uttiramerur,uttiramerur,,12.61433,79.75748,24315,"[""uttiramer?r"", ""uttaramer?r"", ""uttaramerur""]",geolocations-indian-cities
city_1253193,Vijapur,vijapur,,23.5623,72.74848,24297,"[""vij?pur""]",geolocations-indian-cities
city_1274219,Chiknayakanhalli,chiknayakanhalli,,13.41609,76.62063,24292,"[""chikn?yakanhalli""]",geolocations-indian-cities
city_1265852,Krishnarajpet,krishnarajpet,,12.66621,76.4877,24289,"[""krishnar?jpet""]",geolocations-indian-cities
city_1278588,Anjad,anjad,,22.04171,75.05519,24286,[],geolocations-indian-cities
city_1278365,Aron,aron,,24.38109,77.41739,24274,"[""?ron""]",geolocations-indian-cities
city_1261853,Narasannapeta,narasannapeta,,18.41428,84.04463,24267,"[""narsannapet""]",geolocations-indian-cities
city_1255963,Sitarganj,sitarganj,,28.9293,79.70436,24225,"[""sit?rganj""]",geolocations-indian-cities
city_1261971,Nandgaon,nandgaon,,20.3068,74.65501,24209,"[""n?ndgaon""]",geolocations-indian-cities
city_1265446,Kushtagi,kushtagi,,15.75623,76.19112,24180,[],geolocations-indian-cities
city_1256328,Sikandarpur,sikandarpur,,26.04327,84.05298,24177,[],geolocations-indian-cities
city_10627510,Kumbalam,kumbalam,,9.9063,76.31127,24143,[],geolocations-indian-cities
city_1255621,Srisailain,srisailain,,16.07217,78.86816,24142,"[""srisailam"", ""sr?sailam"", ""sr?sailain""]",geolocations-indian-cities
city_1276919,Barki Saria,barki saria,,24.17594,85.88938,24134,[],geolocations-indian-cities
city_1278100,Ayakudi,ayakudi,,10.44992,77.55198,24120,"[""palaiya ayakkudi"", ""ayakkudi""]",geolocations-indian-cities
city_7279600,Aluva,aluva,,10.10764,76.35158,24108,"[""alura"", ""alubha"", ""????"", ""?????"", ""alwa""]",geolocations-indian-cities
city_1258928,Rajaldesar,rajaldesar,,28.02849,74.47442,24104,"[""r?jaldesar""]",geolocations-indian-cities
city_1270237,Hastinapur,hastinapur,,29.16042,78.00762,24093,"[""hastin?pur""]",geolocations-indian-cities
city_1260135,Pathardi,pathardi,,19.17279,75.17425,24091,"[""p?thardi""]",geolocations-indian-cities
city_1273856,Colgong,colgong,,25.26328,87.23264,24081,[],geolocations-indian-cities
city_1274389,Chettipalaiyam,chettipalaiyam,,10.91248,77.03699,24080,"[""chettip?laiyam"", ""chettipalayam""]",geolocations-indian-cities
city_1263949,Manasa,manasa,,24.47764,75.14095,24078,[],geolocations-indian-cities
city_1276370,Bhachau,bhachau,,23.29858,70.34279,24044,"[""buchow"", ""bachau"", ""bhach?u""]",geolocations-indian-cities
city_1277909,Bagepalli,bagepalli,,13.78338,77.79667,24031,"[""b?gepalli""]",geolocations-indian-cities
city_1265905,Kotturu,kotturu,,14.82442,76.22005,24004,"[""kott?ru"", ""kottur"", ""kothur""]",geolocations-indian-cities
city_1262574,Mul,mul,,20.06987,79.67826,23984,"[""m?l""]",geolocations-indian-cities
city_1256421,Shrirangapattana,shrirangapattana,,12.42264,76.68439,23927,"[""srirangapatna"", ""shr?rangapattana""]",geolocations-indian-cities
city_1274429,Chengam,chengam,,12.30889,78.79137,23904,[],geolocations-indian-cities
city_1276642,Bazpur,bazpur,,29.15299,79.10814,23900,[],geolocations-indian-cities
city_1255884,Sohagpur,sohagpur,,22.70055,78.19522,23849,"[""soh?gpur""]",geolocations-indian-cities
city_1262419,Murliganj,murliganj,,25.8969,86.99577,23843,"[""murl?ganj""]",geolocations-indian-cities
city_1258203,Reoti,reoti,,25.85091,84.3778,23819,[],geolocations-indian-cities
city_1271929,Fatehganj West,fatehganj west,,28.4662,79.30657,23810,[],geolocations-indian-cities
city_1252946,Waraseoni,waraseoni,,21.76184,80.04301,23800,"[""w?r?seoni"", ""w?r?seon?""]",geolocations-indian-cities
city_1254910,Taramangalam,taramangalam,,11.69403,77.97035,23788,[],geolocations-indian-cities
city_1272502,Diu,diu,,20.71405,70.98224,23779,"[""diva"", ""di'u"", ""ntiou"", ""??????? ???"", ""div"", ""di wu"", ""vostrau dyu"", ""??"", ""???"", ""????"", ""dyu"", ""?????""]",geolocations-indian-cities
city_1263723,Manihari,manihari,,25.33891,87.61998,23731,"[""manih?ri""]",geolocations-indian-cities
city_1278941,Alwaye,alwaye,,10.10649,76.35484,23703,"[""aluva"", ""????""]",geolocations-indian-cities
city_1266966,Kharakvasla,kharakvasla,,18.43997,73.77545,23677,"[""khandakwalsa"", ""khadakvaslal"", ""khadakwasla""]",geolocations-indian-cities
city_1272962,Dhanera,dhanera,,24.50967,72.02343,23656,[],geolocations-indian-cities
city_1259907,Penugonda,penugonda,,16.65363,81.7455,23654,[],geolocations-indian-cities
city_1263522,Mariani,mariani,,26.65725,94.31529,23640,"[""mari?ni"", ""???????""]",geolocations-indian-cities
city_1265323,Ladwa,ladwa,,29.9935,77.04563,23565,"[""l?dwa""]",geolocations-indian-cities
city_1262253,Nagar,nagar,,27.42397,77.09922,23546,[],geolocations-indian-cities
city_1272375,Doraha,doraha,,30.79953,76.02355,23545,"[""dor?ha""]",geolocations-indian-cities
city_1262426,Morinda,morinda,,30.79014,76.49883,23536,"[""murinda"", ""???????"", ""m?rinda""]",geolocations-indian-cities
city_1272259,Duliagaon,duliagaon,,27.37227,95.30754,23528,"[""duli?gaon""]",geolocations-indian-cities
city_1348785,Panchla,panchla,,22.53665,88.13785,23526,"[""p?nchla""]",geolocations-indian-cities
city_1262296,Nadbai,nadbai,,27.22288,77.19569,23520,"[""n?dbai""]",geolocations-indian-cities
city_1268962,Jhinjhak,jhinjhak,,26.56093,79.73423,23499,"[""jh?njhak""]",geolocations-indian-cities
city_1264037,Malpe,malpe,,13.34962,74.70394,23496,[],geolocations-indian-cities
city_1275488,Birur,birur,,13.59723,75.97167,23493,"[""bir?r""]",geolocations-indian-cities
city_1263917,Mandal,mandal,,25.44126,74.56979,23478,[],geolocations-indian-cities
city_1256468,Shishgarh,shishgarh,,28.72928,79.31469,23471,"[""sh?shgarh""]",geolocations-indian-cities
city_1267226,Keshorai Patan,keshorai patan,,25.29275,75.93948,23464,[],geolocations-indian-cities
city_1260022,Pawni,pawni,,20.79229,79.63644,23450,"[""pauni""]",geolocations-indian-cities
city_1274342,Chhatapur,chhatapur,,26.21965,87.00479,23425,"[""chh?t?pur""]",geolocations-indian-cities
city_1276754,Basni,basni,,27.17232,73.64519,23414,"[""?????"", ""basni bailima""]",geolocations-indian-cities
city_1266847,Khategaon,khategaon,,22.59573,76.9133,23405,"[""kh?tegaon""]",geolocations-indian-cities
city_1258553,Ramtek,ramtek,,21.39562,79.32725,23404,"[""r?mtek"", ""??????""]",geolocations-indian-cities
city_1256968,Savantvadi,savantvadi,,15.90413,73.82191,23384,"[""s?vantv?di""]",geolocations-indian-cities
city_1349041,Monoharpur,monoharpur,,22.10833,88.07889,23362,[],geolocations-indian-cities
city_1277902,Bagha Purana,bagha purana,,30.68809,75.09838,23360,"[""b?gha pur?na"", ""baghaparana""]",geolocations-indian-cities
city_9212569,Injambakkam,injambakkam,,12.9162,80.2488,23346,[],geolocations-indian-cities
city_1272546,Dinanagar,dinanagar,,32.13664,75.47291,23339,"[""d?n?nagar""]",geolocations-indian-cities
city_1255667,Soygaon,soygaon,,20.59606,75.61765,23320,[],geolocations-indian-cities
city_1261722,Nasriganj,nasriganj,,25.0514,84.32839,23286,"[""nasriganji"", ""n?sriganj""]",geolocations-indian-cities
city_1269413,Jaleshwar,jaleshwar,,21.80176,87.2225,23280,"[""jaleswar""]",geolocations-indian-cities
city_1276381,Bewar,bewar,,27.21869,79.29761,23280,[],geolocations-indian-cities
city_1265400,Koothanallur,koothanallur,,10.7199,79.5157,23257,"[""k?tt?nall?r"", ""kuttanallur""]",geolocations-indian-cities
city_1259638,Pindwara,pindwara,,24.79749,73.05505,23229,"[""pindw?ra""]",geolocations-indian-cities
city_1261667,Navalgund,navalgund,,15.55877,75.35305,23208,[],geolocations-indian-cities
city_1267044,Khandela,khandela,,27.60499,75.502,23164,[],geolocations-indian-cities
city_1274914,Chakan,chakan,,18.76059,73.86351,23161,"[""ch?kan""]",geolocations-indian-cities
city_1278964,Alot,alot,,23.76336,75.55662,23134,[],geolocations-indian-cities
city_1272822,Dharuhera,dharuhera,,28.20553,76.79691,23132,"[""dh?ruhera""]",geolocations-indian-cities
city_1265521,Kurduvadi,kurduvadi,,18.09339,75.41567,23131,"[""kurduv?di""]",geolocations-indian-cities
city_1274676,Chandur,chandur,,19.73444,79.17167,23125,"[""ch?ndur""]",geolocations-indian-cities
city_1266322,Colachel,colachel,,8.17938,77.25818,23095,[],geolocations-indian-cities
city_1262089,Nakur,nakur,,29.91964,77.30438,23084,"[""nak?r""]",geolocations-indian-cities
city_1256673,Shamgarh,shamgarh,,24.18817,75.63903,23075,"[""sh?mgarh""]",geolocations-indian-cities
city_1265830,Kuchaiburi,kuchaiburi,,22.26675,86.17385,23072,"[""rairangpur""]",geolocations-indian-cities
city_1273440,Darwha,darwha,,20.31017,77.77257,23062,"[""d?rwha"", ""d?rwh?""]",geolocations-indian-cities
city_1259552,Pipri,pipri,,19.79371,75.53519,23047,"[""p?pri"", ""peepri""]",geolocations-indian-cities
city_1262566,Muluppilagadu,muluppilagadu,,11.79788,75.45111,23030,"[""mulappilangal"", ""mulappilang?d"", ""muzhappilangad"", ""mulappilangad""]",geolocations-indian-cities
city_1265504,Kurinjippadi,kurinjippadi,,11.55028,79.59066,23017,"[""kurinjipadi"", ""kurinjipp?di""]",geolocations-indian-cities
city_1265795,Kudligi,kudligi,,14.905,76.38527,22975,"[""k?dligi""]",geolocations-indian-cities
city_1253275,Vemalwada,vemalwada,,18.46523,78.86894,22920,"[""lemulavada"", ""vemalw?da"", ""vemulavada"", ""lembulavataka""]",geolocations-indian-cities
city_1257776,Saidpur,saidpur,,25.53749,83.22378,22904,[],geolocations-indian-cities
city_1259735,Phulpur,phulpur,,25.54895,82.0895,22886,"[""ph?lpur""]",geolocations-indian-cities
city_1265418,Kutiatodu,kutiatodu,,9.8,76.33333,22880,"[""kuthiathode""]",geolocations-indian-cities
city_1277634,Balarampur,balarampur,,23.09714,86.22292,22847,"[""balar?mpur""]",geolocations-indian-cities
city_1257539,Sambhar,sambhar,,26.90806,75.19137,22828,"[""sambhar lake"", ""sambkhara"", ""s?mbhar"", ""????????""]",geolocations-indian-cities
city_1267716,Karmala,karmala,,18.4077,75.19386,22809,"[""karm?la""]",geolocations-indian-cities
city_1253544,Vaikam,vaikam,,9.74858,76.39637,22807,"[""vaikom""]",geolocations-indian-cities
city_1259049,Raghunathpur,raghunathpur,,23.53878,86.6735,22802,"[""raghun?thpur""]",geolocations-indian-cities
city_1278895,Amarpur,amarpur,,25.03967,86.90247,22796,[],geolocations-indian-cities
city_1270066,Hinjilikatu,hinjilikatu,,19.48166,84.74489,22779,"[""hinjili"", ""hinjilicut""]",geolocations-indian-cities
city_1253635,Uttamapalaiyam,uttamapalaiyam,,9.80701,77.32718,22778,"[""uthamapalayam""]",geolocations-indian-cities
city_1254909,Tarana,tarana,,23.33383,76.04253,22773,"[""??????"", ""tar?na""]",geolocations-indian-cities
city_1260304,Pariyapuram,pariyapuram,,11.01667,75.86667,22766,"[""pariy?puram""]",geolocations-indian-cities
city_1262596,Mukerian,mukerian,,31.95394,75.61716,22751,"[""mukeri?n""]",geolocations-indian-cities
city_1265022,Lathi,lathi,,21.7231,71.38843,22745,"[""lati"", ""l?thi""]",geolocations-indian-cities
city_1258477,Rania,rania,,29.52454,74.83689,22741,"[""?????"", ""ranija"", ""r?nia"", ""raniya""]",geolocations-indian-cities
city_1268480,Kalamnuri,kalamnuri,,19.67386,77.31149,22708,"[""kalamn?ri""]",geolocations-indian-cities
city_1269646,Itimadpur,itimadpur,,27.23541,78.19829,22697,[],geolocations-indian-cities
city_1277216,Banswada,banswada,,18.37725,77.88007,22665,"[""b?nsw?da""]",geolocations-indian-cities
city_1257771,Saiha,saiha,,22.49183,92.98143,22654,[],geolocations-indian-cities
city_1263395,Matabhanga,matabhanga,,26.34197,89.21555,22642,"[""mathabhanga"", ""m?t?bh?nga""]",geolocations-indian-cities
city_1253352,Vattalkundu,vattalkundu,,10.16069,77.75883,22638,[],geolocations-indian-cities
city_1264323,Mahwah,mahwah,,27.04594,76.93152,22624,"[""mahwa""]",geolocations-indian-cities
city_1275441,Bissau,bissau,,28.24737,75.07666,22620,"[""bisau"", ""?????"", ""biss?u""]",geolocations-indian-cities
city_1254282,Todaraisingh,todaraisingh,,26.02401,75.48182,22613,"[""toda raisingh"", ""toda r?isingh"", ""todarasingh""]",geolocations-indian-cities
city_1269177,Jashpurnagar,jashpurnagar,,22.88783,84.13864,22607,"[""jashpur""]",geolocations-indian-cities
city_1258061,Ron,ron,,15.69935,75.73408,22593,"[""rona"", ""????""]",geolocations-indian-cities
city_7279742,Baddi,baddi,,30.95783,76.79136,22592,[],geolocations-indian-cities
city_1259775,Phillaur,phillaur,,31.01887,75.79111,22588,[],geolocations-indian-cities
city_1269377,Jamai,jamai,,22.19644,78.59191,22587,"[""jumi?rdev"", ""j?mai"", ""jumiardev""]",geolocations-indian-cities
city_1259744,Phulera,phulera,,26.87401,75.24171,22572,"[""phalera""]",geolocations-indian-cities
city_1259283,Pukhrayan,pukhrayan,,26.22375,79.83739,22555,"[""pukhr?y?n""]",geolocations-indian-cities
city_1254283,Todabhim,todabhim,,26.91667,76.81667,22529,[],geolocations-indian-cities
city_1254347,Tiruppuvanam,tiruppuvanam,,9.82564,78.25795,22517,[],geolocations-indian-cities
city_1276724,Baswa,baswa,,27.14955,76.58345,22515,[],geolocations-indian-cities
city_1273788,Curchorem,curchorem,,15.26349,74.10875,22510,"[""curchurem""]",geolocations-indian-cities
city_1254102,Tulsipur,tulsipur,,27.5337,82.41653,22486,"[""tuls?pur""]",geolocations-indian-cities
city_1276178,Bhander,bhander,,25.73581,78.74555,22482,"[""bh?nder""]",geolocations-indian-cities
city_1253579,Vadippatti,vadippatti,,10.08481,77.96113,22441,"[""vadipatti""]",geolocations-indian-cities
city_1261837,Naraura,naraura,,28.20147,78.38723,22432,[],geolocations-indian-cities
city_1264436,Maharajgani,maharajgani,,26.11017,84.50365,22430,"[""mah?r?jganj"", ""mah?r?jgani"", ""maharajganj""]",geolocations-indian-cities
city_1262116,Nainpur,nainpur,,22.42996,80.10561,22336,[],geolocations-indian-cities
city_7302846,Ramanayyapeta,ramanayyapeta,,16.94516,82.2385,22323,[],geolocations-indian-cities
city_7302857,Silapathar,silapathar,,27.59441,94.72402,22307,"[""silapather""]",geolocations-indian-cities
city_1277535,Balod,balod,,20.73081,81.20578,22275,[],geolocations-indian-cities
city_1270667,Gunupur,gunupur,,19.0804,83.80879,22264,"[""??????"", ""gunupura"", ""gunapura"", ""gu nu pu er"", ""????"", ""???????""]",geolocations-indian-cities
city_1263523,Mariahu,mariahu,,25.60404,82.60379,22248,"[""mari?hu""]",geolocations-indian-cities
city_1259157,Purwa,purwa,,26.45756,80.77403,22220,"[""purw?""]",geolocations-indian-cities
city_1257799,Sahawar,sahawar,,27.79603,78.83373,22201,"[""sah?war""]",geolocations-indian-cities
city_1256372,Sidhauli,sidhauli,,27.28202,80.8345,22193,"[""sidhaul?""]",geolocations-indian-cities
city_1263255,Mayang Imphal,mayang imphal,,24.60998,93.88873,22159,"[""may?ng imph?l""]",geolocations-indian-cities
city_1279334,Adra,adra,,23.49668,86.68363,22159,"[""?dra"", ""????""]",geolocations-indian-cities
city_1255823,Someshwar,someshwar,,13.49112,75.06646,22137,"[""somaishwar""]",geolocations-indian-cities
city_1257895,Sadalgi,sadalgi,,16.5587,74.53211,22135,"[""sadalga""]",geolocations-indian-cities
city_1254436,Tinnanur,tinnanur,,13.11448,80.02713,22125,"[""thiruninravur"", ""tinnan?r""]",geolocations-indian-cities
city_1268622,Kailashahar,kailashahar,,24.33199,92.00391,22120,"[""kailasahar"", ""ixh"", ""kail?shahar""]",geolocations-indian-cities
city_1276455,Beohari,beohari,,24.02423,81.37831,22107,"[""beoh?ri""]",geolocations-indian-cities
city_1262040,Namagiripettai,namagiripettai,,11.45513,78.26818,22098,"[""n?magiripettai"", ""namagiripetai""]",geolocations-indian-cities
city_1271250,Ghoti Budrukh,ghoti budrukh,,19.71641,73.62821,22095,"[""ghoti""]",geolocations-indian-cities
city_1255925,Siwana,siwana,,25.65154,72.42243,22067,"[""siw?na""]",geolocations-indian-cities
city_1262534,Multai,multai,,21.77463,78.25756,22029,[],geolocations-indian-cities
city_1275921,Bhinga,bhinga,,27.70283,81.9343,22016,[],geolocations-indian-cities
city_1265655,Kumher,kumher,,27.31657,77.37079,21903,"[""k?mher""]",geolocations-indian-cities
city_1261705,Nattam,nattam,,10.22776,78.22969,21888,"[""nuttam""]",geolocations-indian-cities
city_1265007,Laungowal,laungowal,,30.19393,75.68089,21880,"[""lalgarh"", ""laungow?l"", ""l?lgarh""]",geolocations-indian-cities
city_1274699,Chandrakona,chandrakona,,22.73333,87.51667,21855,"[""chandshona""]",geolocations-indian-cities
city_1271954,Farakka,farakka,,24.81667,87.9,21834,[],geolocations-indian-cities
city_1254538,Tijara,tijara,,27.93411,76.85541,21833,"[""tij?ra""]",geolocations-indian-cities
city_1256295,Silao,silao,,25.08358,85.42804,21828,"[""vikramasila"", ""?????""]",geolocations-indian-cities
city_1262516,Mundargi,mundargi,,15.20677,75.8839,21826,"[""mndrgy"", ""??????"", ""mundaragi"", ""mu en da er ji"", ""??????????"", ""?????????"", ""?????"", ""???????""]",geolocations-indian-cities
city_1265821,Kuchera,kuchera,,26.98747,73.97108,21796,"[""?????"", ""kucher""]",geolocations-indian-cities
city_1260421,Paonta Sahib,paonta sahib,,30.43666,77.62462,21787,"[""p?onta s?hib"", ""paonta""]",geolocations-indian-cities
city_1264794,Lonar,lonar,,19.98533,76.52046,21765,"[""lon?r""]",geolocations-indian-cities
city_1273397,Dattapur,dattapur,,20.78075,78.1407,21763,[],geolocations-indian-cities
city_1261882,Napasar,napasar,,27.96059,73.55913,21750,"[""nap?sar""]",geolocations-indian-cities
city_1260035,Patur,patur,,20.46093,76.93725,21747,"[""p?t?r""]",geolocations-indian-cities
city_1262187,Nagod,nagod,,24.56924,80.58809,21732,"[""n?god""]",geolocations-indian-cities
city_1272242,Dum Duma,dum duma,,27.56884,95.55664,21706,"[""sookerating"", ""doom-dooma""]",geolocations-indian-cities
city_1261401,Nilakottai,nilakottai,,10.165,77.85024,21683,"[""nilakkottai-madura"", ""nilakkottai""]",geolocations-indian-cities
city_1259890,Peravurani,peravurani,,10.29035,79.20156,21663,"[""peravurni"", ""per?v?rani""]",geolocations-indian-cities
city_1270482,Haliyal,haliyal,,15.32864,74.75638,21625,"[""haliy?l""]",geolocations-indian-cities
city_1273628,Dalsingh Sarai,dalsingh sarai,,25.66795,85.83636,21611,"[""dalsingh-sari""]",geolocations-indian-cities
city_1255646,Karanpur,karanpur,,29.84042,73.45519,21604,"[""karanpura"", ""sri karanpur""]",geolocations-indian-cities
city_1257498,Samthar,samthar,,25.84348,78.90683,21582,[],geolocations-indian-cities
city_1277409,Banat,banat,,29.46355,77.35478,21580,"[""?????""]",geolocations-indian-cities
city_1263911,Mandalgarh,mandalgarh,,25.19407,75.07215,21569,"[""m?ndalgarh""]",geolocations-indian-cities
city_1262346,Muttupet,muttupet,,10.39505,79.49353,21568,"[""muttapet"", ""mutupet""]",geolocations-indian-cities
city_1257673,Sakti,sakti,,22.02662,82.96091,21561,"[""sakt?"", ""?????"", ""shakti""]",geolocations-indian-cities
city_1276486,Belur,belur,,13.16558,75.86519,21551,"[""bel?r"", ""?????""]",geolocations-indian-cities
city_1271199,Gingee,gingee,,12.25282,79.41727,21530,"[""gingi"", ""??????"", ""cenci"", ""shenji"", ""jinji"", ""????"", ""jingi"", ""?????"", ""ginji"", ""jing ge ai ai""]",geolocations-indian-cities
city_1258406,Rapar,rapar,,23.57267,70.64718,21507,"[""r?par""]",geolocations-indian-cities
city_1274848,Chamba,chamba,,32.55531,76.12647,21502,"[""chamb\u00e2"", ""caba"", ""campa"", ""camba"", ""???"", ""????"", ""?????"", ""qia mu ba""]",geolocations-indian-cities
city_1264385,Maheshwar,maheshwar,,22.17592,75.58715,21500,"[""maheshuwaru"", ""??????"", ""mahesbara"", ""???????"", ""????????"", ""mahesvara"", ""ma he si he wa er"", ""makheshvar"", ""mahesvar""]",geolocations-indian-cities
city_1267558,Kasrawad,kasrawad,,22.12745,75.61101,21484,"[""kasr?wad""]",geolocations-indian-cities
city_1277238,Bansdih,bansdih,,25.88377,84.21827,21457,"[""b?nsd?h""]",geolocations-indian-cities
city_1270603,Guruvayur,guruvayur,,10.5943,76.0411,21416,"[""guruv?y?r"", ""guruvayoor"", ""gurupavanapuri""]",geolocations-indian-cities
city_1263083,Mhasvad,mhasvad,,17.63359,74.78773,21404,"[""mhaswad"", ""mh?sv?d""]",geolocations-indian-cities
city_1269498,Jaitaran,jaitaran,,26.20446,73.93676,21403,"[""jait?ran""]",geolocations-indian-cities
city_1258362,Ratanpur,ratanpur,,22.2866,82.16823,21392,[],geolocations-indian-cities
city_1265539,Kurandvad,kurandvad,,16.68317,74.58892,21388,[],geolocations-indian-cities
city_1279066,Alandi,alandi,,18.67756,73.89868,21383,"[""alandi-devachi""]",geolocations-indian-cities
city_1263879,Mandawar,mandawar,,29.48655,78.12732,21339,"[""mand?war""]",geolocations-indian-cities
city_1260685,Pallikondai,pallikondai,,12.90518,78.9427,21335,"[""pallikonda""]",geolocations-indian-cities
city_1279144,Akaltara,akaltara,,22.02463,82.42641,21333,[],geolocations-indian-cities
city_1276627,Bedi,bedi,,22.50143,70.04363,21327,"[""bedi bandar"", ""beda"", ""????""]",geolocations-indian-cities
city_1256828,Seondha,seondha,,26.15422,78.7812,21326,"[""seora""]",geolocations-indian-cities
city_1266891,Kharkhauda,kharkhauda,,28.8787,76.91069,21320,[],geolocations-indian-cities
city_1272790,Dhekiajuli,dhekiajuli,,26.70367,92.47808,21271,[],geolocations-indian-cities
city_1274343,Chhata,chhata,,27.72374,77.5081,21260,"[""chh?ta""]",geolocations-indian-cities
city_1278282,Asifabad,asifabad,,19.35851,79.28415,21213,"[""asafabad"", ""jangaon"", ""asif?b?d""]",geolocations-indian-cities
city_1272881,Dharampur,dharampur,,20.53693,73.17368,21207,"[""dilarampur"", ""dhurrumpur"", ""dharampore""]",geolocations-indian-cities
city_1254787,Telhara,telhara,,21.02694,76.83889,21146,"[""telh?ra""]",geolocations-indian-cities
city_1273246,Deogarh,deogarh,,21.53827,84.73337,21134,[],geolocations-indian-cities
city_1278279,Asika,asika,,19.61114,84.65998,21134,"[""?sika"", ""aska""]",geolocations-indian-cities
city_1274533,Chatrapur,chatrapur,,19.35574,84.98359,21123,"[""chhatrapur""]",geolocations-indian-cities
city_1276767,Basi,basi,,26.8315,76.04856,21096,[],geolocations-indian-cities
city_1348780,Dhulagari,dhulagari,,22.58213,88.171,21080,[],geolocations-indian-cities
city_1261066,Okha,okha,,22.46756,69.07002,21048,"[""port okha"", ""???"", ""okha port""]",geolocations-indian-cities
city_1266510,Kiraoli,kiraoli,,27.13768,77.78516,21024,[],geolocations-indian-cities
city_1267978,Kantabanji,kantabanji,,20.46709,82.92042,21024,"[""kant?b?nji""]",geolocations-indian-cities
city_1259110,Qadian,qadian,,31.82198,75.37663,21015,"[""q?di?n"", ""kadian"", ""k?di?n""]",geolocations-indian-cities
city_1259460,Pokaran,pokaran,,26.92007,71.91631,21014,"[""pokhran""]",geolocations-indian-cities
city_1262664,Mudgal,mudgal,,16.01191,76.44203,21006,"[""midgala"", ""mudogaru"", ""mu de jia er"", ""??????"", ""mudagala"", ""????"", ""mudagal""]",geolocations-indian-cities
city_11102685,Abrama,abrama,,20.85865,72.90648,21000,[],geolocations-indian-cities
city_1277844,Bagula,bagula,,23.33664,88.64109,20999,"[""bagul?""]",geolocations-indian-cities
city_1270674,Gunnaur,gunnaur,,28.23995,78.43994,20980,[],geolocations-indian-cities
city_1257219,Sarauli,sarauli,,28.49404,79.09177,20923,"[""saranli""]",geolocations-indian-cities
city_1265163,Lalgudi,lalgudi,,10.87419,78.81935,20916,"[""lalaguri"", ""ilalkuti"", ""lalagudi"", ""????????"", ""?????????"", ""l?lgudi"", ""la er gu di"", ""????"", ""???????""]",geolocations-indian-cities
city_1262318,Nabinagar,nabinagar,,24.60681,84.12624,20848,"[""nab?nagar""]",geolocations-indian-cities
city_1254904,Tharangambadi,tharangambadi,,11.02764,79.85425,20841,"[""???????????"", ""tranguebar"", ""tarangambadi"", ""tarangamb?di"", ""??????????"", ""?????????"", ""??????????????"", ""tranquebar"", ""????"", ""tarankampati"", ""tharangamabari"", ""te lan kui ba"", ""fort dansborg"", ""trankebar""]",geolocations-indian-cities
city_1276615,Begun,begun,,24.98333,75.0,20836,"[""?????"", ""beg?n""]",geolocations-indian-cities
city_1272768,Dhing,dhing,,26.46793,92.47336,20826,[],geolocations-indian-cities
city_1269908,Hukeri,hukeri,,16.23082,74.60244,20824,"[""??????"", ""hu kai li"", ""???????? ??????"", ""???"", ""hukkeri"", ""????????"", ""hukkeri taluka""]",geolocations-indian-cities
city_1276147,Bhanvad,bhanvad,,21.93053,69.78081,20823,"[""bh?nvad"", ""bhanwar"", ""bhauwar""]",geolocations-indian-cities
city_7302854,Morigaon,morigaon,,26.24908,92.34764,20807,"[""marigaon""]",geolocations-indian-cities
city_1273880,Clement Town,clement town,,30.26361,78.00862,20806,[],geolocations-indian-cities
city_1271343,Ghatanji,ghatanji,,20.14183,78.31333,20785,"[""gh?tanji""]",geolocations-indian-cities
city_1262651,Mudkhed,mudkhed,,19.15657,77.50304,20776,[],geolocations-indian-cities
city_1255951,Sivagiri,sivagiri,,9.34461,77.42911,20772,[],geolocations-indian-cities
city_1265025,Latehar,latehar,,23.74423,84.49984,20769,"[""l?teh?r""]",geolocations-indian-cities
city_1268627,Kaikalur,kaikalur,,16.55154,81.214,20763,"[""kaikal?r""]",geolocations-indian-cities
city_1266774,Kheralu,kheralu,,23.88534,72.61869,20755,"[""kher?lu""]",geolocations-indian-cities
city_1279027,Alibag,alibag,,18.64813,72.87579,20752,"[""alib\u00e1gh"", ""al?b?g"", ""alibagh""]",geolocations-indian-cities
city_1279005,Alipur,alipur,,28.79862,77.13314,20736,"[""al?pur""]",geolocations-indian-cities
city_1273410,Dasuya,dasuya,,31.81679,75.6531,20697,"[""das?a"", ""dasua"", ""das?ya""]",geolocations-indian-cities
city_1272629,Digboi,digboi,,27.39321,95.61839,20685,"[""digbol"", ""digbor""]",geolocations-indian-cities
city_1275768,Kil Bhuvanagiri,kil bhuvanagiri,,11.44216,79.64763,20656,"[""bhavanagiri"", ""bhuvanagiri"", ""k?l bhuvanagiri"", ""bliuvanagiri""]",geolocations-indian-cities
city_1276159,Bhanjanagar,bhanjanagar,,19.92719,84.58201,20647,"[""russelkonda"", ""russellkonda""]",geolocations-indian-cities
city_1265387,Kuzhithurai,kuzhithurai,,8.31792,77.19192,20611,"[""kuzhittura""]",geolocations-indian-cities
city_1272860,Dhariwal,dhariwal,,31.95616,75.32386,20604,"[""dh?riw?l""]",geolocations-indian-cities
city_1259446,Polasara,polasara,,19.69386,84.81401,20577,[],geolocations-indian-cities
city_1266475,Kishtwar,kishtwar,,33.31346,75.76726,20553,"[""kishtwer"", ""kishtvare"", ""????????"", ""kishtw?r""]",geolocations-indian-cities
city_1268008,Kanniyakumari,kanniyakumari,,8.09008,77.53841,20540,"[""???????????"", ""kanniy?kumar"", ""comorin"", ""kanniyakumar"", ""kanniy?kum?ri"", ""kan'jakumari"", ""cape comorin"", ""cap comorin"", ""kanyakumari"", ""kanniakumari""]",geolocations-indian-cities
city_1279382,Achhnera,achhnera,,27.17826,77.75674,20532,"[""achnera""]",geolocations-indian-cities
city_1274195,Chillupar,chillupar,,26.28221,83.5064,20518,"[""barhalganj"", ""chill?p?r"", ""chillup?r""]",geolocations-indian-cities
city_1269093,Jaynagar,jaynagar,,26.59048,86.13791,20496,"[""jayanagar""]",geolocations-indian-cities
city_1275818,Bhuban,bhuban,,20.88197,85.83334,20478,[],geolocations-indian-cities
city_1263730,Maniar,maniar,,25.98546,84.17233,20462,[],geolocations-indian-cities
city_1274169,Chincholi,chincholi,,17.46508,77.41874,20447,[],geolocations-indian-cities
city_1264644,Machhiwara,machhiwara,,30.91557,76.20016,20447,"[""m?chh?w?ra""]",geolocations-indian-cities
city_1278622,Anthiyur,anthiyur,,11.57506,77.59043,20436,"[""andiyur"", ""andiy?r""]",geolocations-indian-cities
city_1261378,Nimaj,nimaj,,26.14995,74.00094,20424,"[""nimb?j"", ""nimbaj"", ""n?m?j""]",geolocations-indian-cities
city_1254131,Tufanganj,tufanganj,,26.31688,89.66549,20420,"[""tuf?nganj""]",geolocations-indian-cities
city_1270265,Harur,harur,,12.05267,78.48023,20405,"[""har?r""]",geolocations-indian-cities
city_1272277,Dugda,dugda,,23.74516,86.17175,20400,[],geolocations-indian-cities
city_1254317,Tisaiyanvilai,tisaiyanvilai,,8.33702,77.86776,20395,[],geolocations-indian-cities
city_1274642,Channagiri,channagiri,,14.02399,75.92577,20376,[],geolocations-indian-cities
city_1269019,Jhalu,jhalu,,29.33609,78.22608,20356,"[""jh?lu"", ""jh?l?""]",geolocations-indian-cities
city_1269545,Jahazpur,jahazpur,,25.61994,75.27609,20350,"[""jah?zpur""]",geolocations-indian-cities
city_7302805,Akkarampalle,akkarampalle,,13.65,79.42,20325,[],geolocations-indian-cities
city_1277759,Byndoor,byndoor,,13.86667,74.63333,20323,"[""baindur"", ""baind?r"", ""baind?ri"", ""bainduri""]",geolocations-indian-cities
city_1260694,Pallappatti,pallappatti,,10.72057,77.87951,20281,"[""pallapatti""]",geolocations-indian-cities
city_1252887,Wellington,wellington,,11.36552,76.78442,20254,"[""wellington town"", ""??????????"", ""vellington""]",geolocations-indian-cities
city_1256812,Serchhip,serchhip,,23.29312,92.84679,20244,"[""serchh?p""]",geolocations-indian-cities
city_1259905,Penukonda,penukonda,,14.08286,77.59473,20220,[],geolocations-indian-cities
city_1260918,Padmanabhapuram,padmanabhapuram,,8.24462,77.32581,20212,"[""????????????"", ""patmanapapuram"", ""padman?bhapuram""]",geolocations-indian-cities
city_1276870,Barpali,barpali,,21.19005,83.58721,20202,"[""barp?li""]",geolocations-indian-cities
city_1271881,Firozpur Jhirka,firozpur jhirka,,27.78853,76.94496,20195,"[""ferozepur"", ""ferozpur jhirka"", ""f?rozpur jhirka"", ""ferozepur-jhirka""]",geolocations-indian-cities
city_1262734,Morwa,morwa,,22.90469,73.83912,20168,"[""morva""]",geolocations-indian-cities
city_1264282,Mairwa,mairwa,,26.23218,84.16349,20163,[],geolocations-indian-cities
city_1269057,Jevargi,jevargi,,17.01394,76.77317,20157,"[""jalvergi""]",geolocations-indian-cities
city_1268615,Kaimori,kaimori,,23.38465,79.7442,20154,"[""kymore"", ""kaimur""]",geolocations-indian-cities
city_1263306,Mau Aimma,mau aimma,,25.69515,81.92336,20123,"[""mau aima""]",geolocations-indian-cities
city_1271965,Falakata,falakata,,26.51963,89.20423,20119,"[""f?l?k?ta""]",geolocations-indian-cities
city_1267517,Katghora,katghora,,22.50247,82.54279,20113,[],geolocations-indian-cities
city_1274146,Chinna Salem,chinna salem,,11.63422,78.87412,20111,"[""chinnasalem""]",geolocations-indian-cities
city_1272802,Dhaurahra,dhaurahra,,27.99814,81.08975,20098,[],geolocations-indian-cities
city_1267173,Khairagarh,khairagarh,,26.94269,77.8189,20095,"[""kheragarh"", ""khair?garh""]",geolocations-indian-cities
city_1264198,Maksi,maksi,,23.25999,76.14567,20094,"[""?????""]",geolocations-indian-cities
city_1279306,Afzalpur,afzalpur,,17.19986,76.36018,20094,[],geolocations-indian-cities
city_1261828,Narayangarh,narayangarh,,30.47798,77.12804,20085,"[""n?r?yangarh"", ""nar?yangarh"", ""naraingarh""]",geolocations-indian-cities
city_1262485,Mungaoli,mungaoli,,24.40837,78.09588,20081,"[""mungaol?""]",geolocations-indian-cities
city_1259251,Pulwama,pulwama,,33.87405,74.89955,20071,"[""pwlwama"", ""plwam?"", ""??????"", ""plwama"", ""pulawom"", ""bwlwama"", ""???????"", ""blwama""]",geolocations-indian-cities
city_1256027,Sirumugai,sirumugai,,11.32137,77.00521,20066,"[""sirumugal"", ""cirumukai"", ""????????""]",geolocations-indian-cities
city_1266649,Khowai,khowai,,24.07964,91.59972,20046,"[""ixn""]",geolocations-indian-cities
city_1261647,Nawa,nawa,,27.0195,75.00226,20044,"[""n?wa""]",geolocations-indian-cities
city_1270863,Govardhan,govardhan,,27.49658,77.46263,20044,"[""?????????"", ""gobardhan"", ""govardkhan""]",geolocations-indian-cities
city_1258292,Raya,raya,,27.55607,77.78972,20008,"[""r?ya"", ""???"", ""raja""]",geolocations-indian-cities
city_6324621,Powai,powai,,19.1164,72.90471,20000,"[""pancakutira"", ""pava'i"", ""????????"", ""???""]",geolocations-indian-cities
city_7302812,Dasnapur,dasnapur,,19.65399,78.51213,19962,[],geolocations-indian-cities
city_1278539,Annur,annur,,11.23616,77.10514,19962,"[""ann?r""]",geolocations-indian-cities
city_1274560,Charthawal,charthawal,,29.54687,77.59438,19942,"[""charth?w?l"", ""charth?wal""]",geolocations-indian-cities
city_1255995,Siswa Bazar,siswa bazar,,27.14652,83.75803,19939,[],geolocations-indian-cities
city_1256959,Savda,savda,,21.15054,75.88938,19903,"[""s?vda""]",geolocations-indian-cities
city_1258455,Ranikhet,ranikhet,,29.64082,79.43229,19873,"[""r?nikhet"", ""r?n?khet"", ""r?wikhet"", ""rawikhet""]",geolocations-indian-cities
city_1265555,Kuppam,kuppam,,12.74931,78.34189,19854,[],geolocations-indian-cities
city_1255551,Suket,suket,,24.64609,76.0417,19851,"[""suket-kotah"", ""suke""]",geolocations-indian-cities
city_1257410,Sangod,sangod,,24.92707,76.28649,19842,[],geolocations-indian-cities
city_1265709,Kulu,kulu,,31.95835,77.10823,19831,"[""kuu"", ""kullu"", ""sultanpur"", ""sult?npur""]",geolocations-indian-cities
city_1273206,Deoranian,deoranian,,28.62989,79.47648,19788,"[""deorania"", ""deorani?n""]",geolocations-indian-cities
city_1267435,Kattanam,kattanam,,9.17614,76.56325,19764,[],geolocations-indian-cities
city_1263564,Marakkanam,marakkanam,,12.19214,79.94193,19734,"[""merkanam"", ""merk?nam"", ""markanum"", ""marakk?nam""]",geolocations-indian-cities
city_1255383,Surajgarh,surajgarh,,28.31005,75.73271,19721,"[""s?rajgarh""]",geolocations-indian-cities
city_1268961,Jhinjhana,jhinjhana,,29.52118,77.2247,19711,"[""jhinjh?na""]",geolocations-indian-cities
city_1258843,Rajmahal,rajmahal,,25.05303,87.83048,19711,"[""r?jmahal""]",geolocations-indian-cities
city_1273104,Devgadh Bariya,devgadh bariya,,22.70517,73.90882,19703,"[""devgad baria"", ""devgad b?ria"", ""bariya"", ""devgadh b?riya"", ""b?ria"", ""baria""]",geolocations-indian-cities
city_1279158,Ajnala,ajnala,,31.84473,74.76295,19691,"[""ajn?la""]",geolocations-indian-cities
city_1253127,Vadakku Viravanallur,vadakku viravanallur,,8.69786,77.51916,19689,"[""viravanall?r"", ""viravanallur"", ""vadakku viravanall?r""]",geolocations-indian-cities
city_1279115,Aklera,aklera,,24.41288,76.56719,19683,"[""akera""]",geolocations-indian-cities
city_1255788,Sonari,sonari,,27.02462,95.01629,19672,"[""son?ri""]",geolocations-indian-cities
city_1267923,Kapren,kapren,,25.40529,76.07431,19671,[],geolocations-indian-cities
city_1260793,Palakkodu,palakkodu,,12.30696,78.07022,19630,"[""p?lakkodu"", ""palakod""]",geolocations-indian-cities
city_1274673,Chandor,chandor,,20.3306,74.24467,19592,"[""ch?ndor"", ""chandvad"", ""ch?ndwar"", ""ch?ndvad"", ""chandwar""]",geolocations-indian-cities
city_1260082,Patnagarh,patnagarh,,20.70833,83.13263,19582,"[""patn?garh""]",geolocations-indian-cities
city_1264989,Lawar Khas,lawar khas,,29.11091,77.77767,19556,"[""lawar"", ""l?war"", ""l?war kh?s""]",geolocations-indian-cities
city_1255625,Sriramnagar,sriramnagar,,17.26652,78.25544,19550,"[""sri rama nagar"", ""sr?r?mnagar""]",geolocations-indian-cities
city_1272832,Dharamsala,dharamsala,,32.22006,76.32013,19540,"[""darmsala"", ""dharmsala"", ""dharms?la"", ""?????"", ""dharmasala"", ""da lan sa la"", ""daramushara"", ""dhm"", ""dharmshala"", ""????????"", ""????"", ""dharamshala"", ""daramusara"", ""dharm\u009a\u00e1la"", ""dalamsalla"", ""bhagsu""]",geolocations-indian-cities
city_1259647,Pinahat,pinahat,,26.88487,78.37647,19511,"[""pin?hat""]",geolocations-indian-cities
city_1275694,Bijawar,bijawar,,24.62351,79.48994,19468,"[""bij?war""]",geolocations-indian-cities
city_1275097,Bundu,bundu,,23.16095,85.59007,19467,"[""b?ndu""]",geolocations-indian-cities
city_1269227,Jansath,jansath,,29.32502,77.85044,19467,"[""j?nsath""]",geolocations-indian-cities
city_1258164,Richha,richha,,28.69467,79.52284,19459,[],geolocations-indian-cities
city_1276013,Bhayavadar,bhayavadar,,21.85523,70.24791,19458,"[""bhayawadar"", ""bh?y?vadar"", ""bhayaradar"", ""bh?y?radar"", ""bhaya nadar""]",geolocations-indian-cities
city_7302860,Aistala,aistala,,23.18,88.58,19425,[],geolocations-indian-cities
city_1271613,Gannavaram,gannavaram,,16.54092,80.80213,19410,"[""vga""]",geolocations-indian-cities
city_1256333,Sikka,sikka,,22.43218,69.84158,19404,"[""sika"", ""siki""]",geolocations-indian-cities
city_1255858,Sojitra,sojitra,,22.53884,72.71984,19403,"[""soj?tra""]",geolocations-indian-cities
city_1256124,Singur,singur,,22.80917,88.22944,19402,[],geolocations-indian-cities
city_1276495,Belsand,belsand,,26.44365,85.40076,19396,[],geolocations-indian-cities
city_1265773,Kuju,kuju,,23.72536,85.51023,19390,[],geolocations-indian-cities
city_1268344,Kalmeshwar,kalmeshwar,,21.23219,78.91988,19386,[],geolocations-indian-cities
city_1264455,Maham,maham,,28.96912,76.29495,19383,[],geolocations-indian-cities
city_1276026,Bhawanigarh,bhawanigarh,,30.26685,76.03854,19376,"[""bhaw?n?garh""]",geolocations-indian-cities
city_1252892,Wazirganj,wazirganj,,28.21145,79.05665,19372,"[""waz?rganj""]",geolocations-indian-cities
city_1273272,Denkanikota,denkanikota,,12.5301,77.78887,19358,[],geolocations-indian-cities
city_1252744,Yellapur,yellapur,,14.9637,74.70929,19343,"[""yell?pur""]",geolocations-indian-cities
city_1264356,Maholi,maholi,,27.66368,80.47371,19343,[],geolocations-indian-cities
city_1275614,Bilhaur,bilhaur,,26.84345,80.06388,19333,[],geolocations-indian-cities
city_1254948,Taoru,taoru,,28.21173,76.94984,19310,"[""t?oru""]",geolocations-indian-cities
city_1274618,Chapar,chapar,,26.27266,90.44556,19301,"[""ghapar"", ""ch?par"", ""gh?par""]",geolocations-indian-cities
city_1272985,Dhanaula,dhanaula,,30.28216,75.57341,19281,[],geolocations-indian-cities
city_1265811,Kudachi,kudachi,,16.62784,74.85408,19272,"[""kudchi""]",geolocations-indian-cities
city_1265208,Laksar,laksar,,29.7587,78.04148,19270,[],geolocations-indian-cities
city_1272540,Dindori,dindori,,22.94141,81.07975,19263,[],geolocations-indian-cities
city_1445378,Ghatkesar,ghatkesar,,17.45081,78.68366,19243,[],geolocations-indian-cities
city_1277338,Banga,banga,,31.18874,75.99495,19234,[],geolocations-indian-cities
city_1274351,Chhaprauli,chhaprauli,,29.20989,77.17454,19224,[],geolocations-indian-cities
city_1266414,Kodarma,kodarma,,24.46753,85.59397,19180,"[""kodarm?""]",geolocations-indian-cities
city_1269690,Irugur,irugur,,11.01782,77.06285,19166,"[""irug?r""]",geolocations-indian-cities
city_1277666,Balachor,balachor,,31.06062,76.30166,19166,"[""balachaur"", ""b?l?chor""]",geolocations-indian-cities
city_1266178,Konnur,konnur,,16.20138,74.74886,19166,"[""konn?r""]",geolocations-indian-cities
city_1255346,Surianwan,surianwan,,25.46387,82.41922,19157,[],geolocations-indian-cities
city_1254797,Tekari,tekari,,24.94253,84.84265,19063,"[""tek?ri""]",geolocations-indian-cities
city_1272819,Dharur,dharur,,18.82017,76.10937,19060,"[""fatehabad"", ""fatehab?d"", ""fatheabad"", ""dh?r?r""]",geolocations-indian-cities
city_8581647,Kirandul,kirandul,,18.63649,81.25827,19053,[],geolocations-indian-cities
city_1260553,French Rocks,french rocks,,12.50094,76.67416,19051,"[""pandavapura"", ""p?ndavapura"", ""hirod""]",geolocations-indian-cities
city_1278774,Amlagora,amlagora,,22.84616,87.33559,19038,"[""?ml?gora""]",geolocations-indian-cities
city_1269876,Hungund,hungund,,16.06213,76.0586,19036,[],geolocations-indian-cities
city_1253357,Vasudevanallur,vasudevanallur,,9.24171,77.41177,19021,"[""v?sudevanall?r""]",geolocations-indian-cities
city_1253972,Udangudi,udangudi,,8.42918,78.02968,19008,"[""udankudi""]",geolocations-indian-cities
city_1278534,Anshing,anshing,,20.0409,77.31501,19000,"[""ansing"", ""ansing (shrungarushi maharaj)""]",geolocations-indian-cities
city_1276092,Bhasawar,bhasawar,,27.03895,77.04849,18996,"[""bhusawar""]",geolocations-indian-cities
city_1278054,Babra,babra,,21.84577,71.30544,18993,"[""babra (india : taluka)"", ""b?bra""]",geolocations-indian-cities
city_1260313,Parichhatgarh,parichhatgarh,,28.97841,77.93422,18990,[],geolocations-indian-cities
city_1275836,Bhor,bhor,,18.14861,73.84336,18982,[],geolocations-indian-cities
city_1265716,Kulpahar,kulpahar,,25.32007,79.63931,18976,"[""kulpah?r""]",geolocations-indian-cities
city_1275499,Birpur,birpur,,26.50823,87.01194,18968,"[""b?rpur""]",geolocations-indian-cities
city_1270343,Harij,harij,,23.69356,71.907,18964,"[""h?rij""]",geolocations-indian-cities
city_1253278,Velur,velur,,11.10825,78.00113,18951,"[""vel?r""]",geolocations-indian-cities
city_1255482,Sulya,sulya,,12.561,75.38741,18950,"[""suliya"", ""sullia"", ""sulya taluka"", ""?????"", ""???????"", ""????? ??????""]",geolocations-indian-cities
city_1276686,Baud,baud,,20.83773,84.32618,18945,"[""bauda"", ""baudh-ral"", ""baudh r?j"", ""baudh raj"", ""baudh""]",geolocations-indian-cities
city_1262553,Mulgund,mulgund,,15.2807,75.52132,18928,[],geolocations-indian-cities
city_1259429,Ponda,ponda,,15.40341,74.01519,18898,"[""cassab\u00e9 de pond\u00e1"", ""cassabe de ponda""]",geolocations-indian-cities
city_1263567,Marahra,marahra,,27.7368,78.56891,18873,[],geolocations-indian-cities
city_1274265,Chicholi,chicholi,,21.46926,79.70151,18864,"[""ch?choli""]",geolocations-indian-cities
city_1264007,Malvan,malvan,,16.05981,73.4629,18858,"[""malwan"", ""m?lvan""]",geolocations-indian-cities
city_1260868,Pahasu,pahasu,,28.1722,78.06376,18854,"[""pah?su""]",geolocations-indian-cities
city_1258859,Rajgurunagar,rajgurunagar,,18.86667,73.9,18846,"[""r?jgurunagar""]",geolocations-indian-cities
city_1264047,Mallasamudram,mallasamudram,,11.49333,78.03119,18820,[],geolocations-indian-cities
city_1258449,Ranipur,ranipur,,25.25034,79.06204,18820,"[""r?n?pur""]",geolocations-indian-cities
city_1277970,Badnawar,badnawar,,23.02181,75.23268,18790,"[""badn?war""]",geolocations-indian-cities
city_1274674,Chandur Bazar,chandur bazar,,21.23853,77.74713,18780,[],geolocations-indian-cities
city_1255763,Sonepur,sonepur,,20.83333,83.91667,18768,"[""sonpur"", ""sonapur""]",geolocations-indian-cities
city_1278742,Amod,amod,,21.99317,72.87047,18742,"[""broach""]",geolocations-indian-cities
city_1262824,Mon,mon,,26.73583,95.05841,18742,[],geolocations-indian-cities
city_1258501,Rangapara,rangapara,,26.83772,92.66876,18739,"[""rang?p?ra""]",geolocations-indian-cities
city_1261998,Nanauta,nanauta,,29.71215,77.41728,18738,"[""phuta shahr""]",geolocations-indian-cities
city_1274359,Chhapar,chhapar,,27.819,74.43936,18727,"[""chh?par""]",geolocations-indian-cities
city_1270509,Haldaur,haldaur,,29.28988,78.28437,18686,[],geolocations-indian-cities
city_1348562,Srirampur,srirampur,,22.94849,88.01954,18682,"[""srir?mpur""]",geolocations-indian-cities
city_1253512,Valabhipur,valabhipur,,21.88868,71.87935,18663,"[""vallabhipur"", ""valabh?pur"", ""vala""]",geolocations-indian-cities
city_1257503,Samrala,samrala,,30.83601,76.19324,18623,"[""samr?la""]",geolocations-indian-cities
city_1266862,Kharupatia,kharupatia,,26.51839,92.14722,18599,"[""kh?rupatia"", ""kharupatia ghat""]",geolocations-indian-cities
city_1261835,Naravarikuppam,naravarikuppam,,13.19133,80.18473,18555,"[""naravanikuppam"", ""n?rav?rikuppam"", ""narav?nikuppam""]",geolocations-indian-cities
city_1259818,Phalauda,phalauda,,29.18824,77.82996,18545,[],geolocations-indian-cities
city_1275804,Bhum,bhum,,18.45908,75.65877,18543,"[""bhoom"", ""bh?m""]",geolocations-indian-cities
city_1266710,Khirkiyan,khirkiyan,,22.16732,76.86137,18498,"[""khirkian"", ""khirkiy?n"", ""khirkiya"", ""khirki?n""]",geolocations-indian-cities
city_1260938,Padampur,padampur,,29.70885,73.62539,18454,[],geolocations-indian-cities
city_1262013,Namrup,namrup,,27.19395,95.31929,18432,"[""n?mrup""]",geolocations-indian-cities
city_1278969,Along,along,,28.16951,94.8006,18425,"[""ixv""]",geolocations-indian-cities
city_1257482,Sanaur,sanaur,,30.30182,76.45786,18401,[],geolocations-indian-cities
city_1257259,Saraipali,saraipali,,21.3153,83.00629,18394,"[""saraip?li"", ""saraipaili""]",geolocations-indian-cities
city_1269976,Honavar,honavar,,14.28088,74.44497,18392,"[""honawar"", ""onore"", ""honore"", ""hon?var""]",geolocations-indian-cities
city_1253105,Visavadar,visavadar,,21.33954,70.74966,18382,"[""v?s?vadar"", ""visavedar""]",geolocations-indian-cities
city_1260129,Patharia,patharia,,23.89921,79.19393,18358,[],geolocations-indian-cities
city_1271871,Fort Gloster,fort gloster,,22.50444,88.18333,18350,[],geolocations-indian-cities
city_1254624,Thasra,thasra,,22.79831,73.21174,18337,[],geolocations-indian-cities
city_1268545,Kakori,kakori,,26.868,80.7857,18332,"[""k?kori""]",geolocations-indian-cities
city_1274394,Chetput,chetput,,13.07,80.24083,18326,"[""chetpet"", ""chetpat"", ""madras chetput""]",geolocations-indian-cities
city_1258658,Ramjibanpur,ramjibanpur,,22.82815,87.60888,18318,"[""r?mj?banpur""]",geolocations-indian-cities
city_1273756,Daboh,daboh,,26.00239,78.87658,18298,[],geolocations-indian-cities
city_1252885,Wer,wer,,27.0186,77.17636,18268,[],geolocations-indian-cities
city_1261721,Nasrullahganj,nasrullahganj,,22.6837,77.27069,18265,"[""nasrullaganj"", ""nasrull?hganj""]",geolocations-indian-cities
city_1266872,Kharsia,kharsia,,21.98953,83.10476,18256,[],geolocations-indian-cities
city_1260156,Pataudi,pataudi,,28.32547,76.77858,18248,"[""pattoti"", ""pa tao di"", ""???"", ""?????"", ""???????""]",geolocations-indian-cities
city_1270627,Gurmatkal,gurmatkal,,16.86773,77.39088,18236,"[""gurmatkol"", ""gurmatk?l""]",geolocations-indian-cities
city_1276600,Behat,behat,,30.1718,77.6139,18223,[],geolocations-indian-cities
city_1261375,Nimaparha,nimaparha,,20.05756,86.00436,18222,"[""nimapara"", ""nimap?ra"", ""nim?parha""]",geolocations-indian-cities
city_1275066,Burhar,burhar,,23.21494,81.53204,18191,[],geolocations-indian-cities
city_1276927,Barka Kana,barka kana,,23.62118,85.46748,18182,[],geolocations-indian-cities
city_1269441,Jalali,jalali,,27.8668,78.25267,18177,"[""jal?l?"", ""jal?li""]",geolocations-indian-cities
city_1253219,Vettaikkaranpudur,vettaikkaranpudur,,10.56207,76.91305,18128,"[""vettakkaranpudur"", ""vettakk?ranpud?r"", ""vettagaranpudur"", ""vettaikk?ranpud?r""]",geolocations-indian-cities
city_1278508,Anuppur,anuppur,,23.10344,81.69083,18122,"[""an?ppur""]",geolocations-indian-cities
city_1269026,Jhalida,jhalida,,23.36545,85.97643,18057,[],geolocations-indian-cities
city_1271923,Fatehgarh Churian,fatehgarh churian,,31.86431,74.95665,18051,"[""chaurian fatehgarh"", ""fatehgarh ch?ri?n""]",geolocations-indian-cities
city_1254373,Tirumala,tirumala,,13.68333,79.35,18013,"[""upper tirupati""]",geolocations-indian-cities
city_1275882,Bhogpur,bhogpur,,31.55442,75.64271,18008,"[""bhogpur sirwal""]",geolocations-indian-cities
city_1276054,Bhattiprolu,bhattiprolu,,16.1026,80.78074,18001,[],geolocations-indian-cities
city_1276938,Barjala,barjala,,23.6182,91.35596,17998,[],geolocations-indian-cities
city_1267222,Kesinga,kesinga,,20.18778,83.21949,17994,[],geolocations-indian-cities
city_1264368,Mahishadal,mahishadal,,22.18616,87.98072,17988,"[""mah?sh?dal""]",geolocations-indian-cities
city_1270824,Gubbi,gubbi,,13.31216,76.94102,17983,[],geolocations-indian-cities
city_1255816,Sompeta,sompeta,,18.94419,84.58449,17982,"[""??????""]",geolocations-indian-cities
city_1348739,Dumjor,dumjor,,22.61993,88.24566,17972,"[""domjur""]",geolocations-indian-cities
city_1261839,Narauli,narauli,,28.48547,78.71484,17945,[],geolocations-indian-cities
city_1278345,Arukutti,arukutti,,9.86667,76.35,17944,[],geolocations-indian-cities
city_6941937,Murudeshwara,murudeshwara,,14.0943,74.4845,17938,"[""???????????"", ""murudeshvara""]",geolocations-indian-cities
city_1267239,Kerur,kerur,,16.01384,75.54631,17928,"[""ker?r""]",geolocations-indian-cities
city_1257528,Samdari,samdari,,25.81299,72.57879,17915,[],geolocations-indian-cities
city_1253578,Vadlapudi,vadlapudi,,14.31119,79.8043,17881,[],geolocations-indian-cities
city_8948694,V.S.K.Valasai (Dindigul-Dist.),v.s.k.valasai (dindigul-dist.),,10.31549,78.15141,17865,"[""?.?.?.???????"", ""v.s.k.valasai""]",geolocations-indian-cities
city_1270437,Handia,handia,,25.36379,82.18655,17861,"[""handi?""]",geolocations-indian-cities
city_1257093,Sarwar,sarwar,,26.06272,75.01104,17860,"[""sarvar"", ""sarv?r"", ""sarw?r""]",geolocations-indian-cities
city_1255212,Takhatpur,takhatpur,,22.12915,81.86959,17859,[],geolocations-indian-cities
city_1257260,Sarai Mir,sarai mir,,26.02705,82.91843,17849,"[""khud kashta"", ""sar?i m?r"", ""khud k?shta""]",geolocations-indian-cities
city_1274899,Chakia,chakia,,26.41598,85.04665,17831,"[""ch?kia""]",geolocations-indian-cities
city_1267537,Katangi,katangi,,23.44124,79.79621,17816,"[""nagra katangi""]",geolocations-indian-cities
city_1256176,Singarayakonda,singarayakonda,,15.23046,80.02794,17796,"[""singar?yakonda"", ""singaraya konda pagoda""]",geolocations-indian-cities
city_1273593,Damnagar,damnagar,,21.69232,71.51747,17766,"[""d?mnagar""]",geolocations-indian-cities
city_1272476,Doda,doda,,33.14916,75.54746,17748,"[""doda district (india)""]",geolocations-indian-cities
city_1270291,Harpalpur,harpalpur,,25.28773,79.33279,17731,"[""harp?lpur""]",geolocations-indian-cities
city_1268476,Kalanaur,kalanaur,,28.82823,76.3955,17725,"[""kal?naur""]",geolocations-indian-cities
city_1262794,Moram,moram,,17.78812,76.47077,17696,[],geolocations-indian-cities
city_1275905,Bhitarwar,bhitarwar,,25.79216,78.11085,17679,"[""bhitarw?r""]",geolocations-indian-cities
city_1259917,Pennadam,pennadam,,11.40389,79.24156,17662,"[""penn?dam""]",geolocations-indian-cities
city_1265607,Kundgol,kundgol,,15.25612,75.24735,17617,"[""kundagola"", ""???????"", ""ku en de ge er"", ""?????"", ""????????""]",geolocations-indian-cities
city_1276982,Bargi,bargi,,22.99138,79.8755,17588,[],geolocations-indian-cities
city_1269183,Jarwal,jarwal,,27.1629,81.54179,17576,[],geolocations-indian-cities
city_1261451,Nichlaul,nichlaul,,27.31247,83.7253,17567,[],geolocations-indian-cities
city_1266390,Kodoli,kodoli,,16.87639,74.1909,17537,[],geolocations-indian-cities
city_1259231,Pundri,pundri,,29.76096,76.56034,17533,"[""p?ndri""]",geolocations-indian-cities
city_1276353,Bhadaur,bhadaur,,30.47651,75.33049,17532,[],geolocations-indian-cities
city_1255224,Tajpur,tajpur,,29.16242,78.48458,17529,[],geolocations-indian-cities
city_1261186,North Guwahati,north guwahati,,26.19749,91.7202,17516,"[""north gauh?ti"", ""north guw?h?ti"", ""north gauhati""]",geolocations-indian-cities
city_1278458,Arang,arang,,21.19639,81.96912,17503,[],geolocations-indian-cities
city_1273098,Devgarh,devgarh,,25.52533,73.90812,17500,"[""deogarh""]",geolocations-indian-cities
city_1277426,Banapur,banapur,,19.77889,85.17033,17499,"[""banpur"", ""b?napur"", ""b?npur""]",geolocations-indian-cities
city_1262444,Murbad,murbad,,19.25395,73.38993,17494,"[""murb?d""]",geolocations-indian-cities
city_1259855,Perundurai,perundurai,,11.27564,77.58794,17488,"[""perundural""]",geolocations-indian-cities
city_1262491,Mundwa,mundwa,,27.0631,73.82304,17465,"[""m?ndwa""]",geolocations-indian-cities
city_1273858,Calangute,calangute,,15.5439,73.7553,17446,"[""????????"", ""kalangut""]",geolocations-indian-cities
city_1257268,Sarai Akil,sarai akil,,25.3789,81.51035,17443,[],geolocations-indian-cities
city_1278808,Amet,amet,,25.30609,73.9258,17434,[],geolocations-indian-cities
city_1261810,Naregal,naregal,,15.57316,75.80805,17403,[],geolocations-indian-cities
city_1258278,Raybag,raybag,,16.49178,74.77391,17389,"[""r?yb?g"", ""raybagh""]",geolocations-indian-cities
city_1277897,Bagdogra,bagdogra,,26.69929,88.31177,17372,"[""baghdogra"", ""ixb"", ""b?ghdogra""]",geolocations-indian-cities
city_1269752,Indergarh,indergarh,,26.93521,79.6712,17366,[],geolocations-indian-cities
city_1261382,Nilokheri,nilokheri,,29.83671,76.93191,17360,"[""nilokeri"", ""n?lokheri"", ""nilokhera"", ""n?l? kheri"", ""nilu kheri""]",geolocations-indian-cities
city_1279061,Alangayam,alangayam,,12.62235,78.75207,17357,"[""?lang?yam"", ""alang?yam""]",geolocations-indian-cities
city_1269927,Howli,howli,,26.42237,90.98004,17354,[],geolocations-indian-cities
city_1277200,Banur,banur,,30.55407,76.71948,17349,[],geolocations-indian-cities
city_1274284,Chhoti Sadri,chhoti sadri,,24.38145,74.7012,17335,"[""chhoti s?dri""]",geolocations-indian-cities
city_1259773,Phirangipuram,phirangipuram,,16.29078,80.26233,17335,[],geolocations-indian-cities
city_1269439,Jalalpore,jalalpore,,20.94896,72.89829,17325,"[""jal?lpur"", ""jalalpur"", ""surat""]",geolocations-indian-cities
city_1274369,Chhala,chhala,,23.30779,72.77404,17323,[],geolocations-indian-cities
city_1255213,Takhatgarh,takhatgarh,,25.32235,73.00487,17285,[],geolocations-indian-cities
city_1276151,Bhanpuri,bhanpuri,,21.0919,80.93218,17270,"[""bh?npur?"", ""bh?npuri""]",geolocations-indian-cities
city_1257191,Sardulgarh,sardulgarh,,29.69224,75.23608,17270,[],geolocations-indian-cities
city_1262073,Naldurg,naldurg,,17.81667,76.28182,17261,"[""naldrug""]",geolocations-indian-cities
city_1259026,Rahimatpur,rahimatpur,,17.5921,74.19966,17260,"[""rahunatpur""]",geolocations-indian-cities
city_1262546,Mulki,mulki,,13.09101,74.79353,17259,"[""m?lki""]",geolocations-indian-cities
city_1255630,Sriperumbudur,sriperumbudur,,12.96763,79.94197,17253,"[""sriperumbubur"", ""sr?perumb?d?r""]",geolocations-indian-cities
city_1277514,Balugaon,balugaon,,20.17838,85.11327,17238,"[""b?lugaon""]",geolocations-indian-cities
city_1275589,Bilthra,bilthra,,26.12705,83.89148,17228,"[""bilthar"", ""belthara""]",geolocations-indian-cities
city_1267065,Khanapur,khanapur,,15.63969,74.50847,17216,"[""kh?n?pur""]",geolocations-indian-cities
city_1266744,Khetri,khetri,,28.00069,75.78644,17177,"[""kherti"", ""??????"", ""khetari"", ""???"", ""kai te li""]",geolocations-indian-cities
city_1266302,Kolaras,kolaras,,25.21928,77.61167,17174,"[""kol?ras""]",geolocations-indian-cities
city_1263142,Mendarda,mendarda,,21.32112,70.44078,17166,[],geolocations-indian-cities
city_1255131,Taleigao,taleigao,,15.46915,73.83285,17148,[],geolocations-indian-cities
city_1253628,Uttarkashi,uttarkashi,,30.72986,78.44342,17123,"[""uttark?shi"", ""barahat"", ""b?r?h?t""]",geolocations-indian-cities
city_1262863,Moirang,moirang,,24.4975,93.77791,17103,"[""moir?ng""]",geolocations-indian-cities
city_1261285,Nirmali,nirmali,,26.31397,86.58537,17102,"[""nirm?li""]",geolocations-indian-cities
city_1278707,Amroli,amroli,,21.25084,72.83878,17082,[],geolocations-indian-cities
city_1276152,Bhanpura,bhanpura,,24.513,75.7469,17082,"[""bh?npura""]",geolocations-indian-cities
city_1274874,Chalala,chalala,,21.41073,71.16621,17081,"[""chal?la""]",geolocations-indian-cities
city_1465910,Madambakkam,madambakkam,,12.8525,80.04667,17058,[],geolocations-indian-cities
city_1348775,Mahiari,mahiari,,22.58826,88.23544,17051,[],geolocations-indian-cities
city_1261872,Naraina,naraina,,26.79069,75.20608,17048,[],geolocations-indian-cities
city_1462733,Adampur,adampur,,31.43224,75.71484,17027,"[""aip"", ""??????"", ""adamapura""]",geolocations-indian-cities
city_1278156,Aurad,aurad,,18.25397,77.41761,17019,"[""aur?d""]",geolocations-indian-cities
city_1264504,Maghar,maghar,,26.75586,83.12773,17011,[],geolocations-indian-cities
city_1269153,Jatara,jatara,,25.00964,79.04869,17002,"[""jat?ra""]",geolocations-indian-cities
city_1262510,Mundgod,mundgod,,14.97144,75.03658,17000,[],geolocations-indian-cities
city_1253363,Vasind,vasind,,19.40844,73.26285,16970,[],geolocations-indian-cities
city_1261736,Narwar,narwar,,25.6439,77.9129,16948,[],geolocations-indian-cities
city_1275925,Bhindar,bhindar,,24.50235,74.18551,16945,"[""bh?ndar"", ""bhind?r""]",geolocations-indian-cities
city_1263691,Manjhanpur,manjhanpur,,25.53046,81.37566,16939,[],geolocations-indian-cities
city_1273181,Depalpur,depalpur,,22.85095,75.54224,16936,"[""dep?lpur""]",geolocations-indian-cities
city_1278973,Alnavar,alnavar,,15.42727,74.74111,16926,"[""aln?var""]",geolocations-indian-cities
city_1255027,Tanakpur,tanakpur,,29.074,80.11139,16905,[],geolocations-indian-cities
city_1269126,Jawad,jawad,,24.59916,74.86261,16887,"[""????"", ""j?wad"", ""javada""]",geolocations-indian-cities
city_1265415,Kutiyana,kutiyana,,21.6241,69.98494,16877,"[""kuntiyana"", ""kuntiy?na"", ""kurtiyana"", ""kutiy?na""]",geolocations-indian-cities
city_1278899,Amarpatan,amarpatan,,24.31371,80.97703,16858,"[""amarp?tan""]",geolocations-indian-cities
city_1268772,Junagarh,junagarh,,19.85993,82.93385,16856,"[""j?n?garh""]",geolocations-indian-cities
city_1274861,Challapalle,challapalle,,16.11756,80.93139,16841,"[""challapalli""]",geolocations-indian-cities
city_1260417,Papanasam,papanasam,,10.92687,79.27056,16837,"[""pa pa na sa mu"", ""?????"", ""papanacam"", ""papan?sam"", ""????????"", ""pavanasi""]",geolocations-indian-cities
city_1266220,Konarka,konarka,,19.89021,86.09761,16834,"[""konarak"", ""swiatynia surji w konarak"", ""kon?rak"", ""kon\u00e2rak"", ""kanarak"", ""kon?rka"", ""?wi?tynia surji w konarak"", ""konark"", ""????"", ""ke na er ke"", ""????????""]",geolocations-indian-cities
city_1264344,Mahudha,mahudha,,22.82082,72.94032,16828,[],geolocations-indian-cities
city_1262266,Nagamangala,nagamangala,,12.81939,76.75456,16760,"[""n?gamangala""]",geolocations-indian-cities
city_1278703,Amta,amta,,22.58344,88.01039,16753,"[""?mta""]",geolocations-indian-cities
city_1269970,Honnali,honnali,,14.23976,75.64507,16753,"[""honn?li""]",geolocations-indian-cities
city_1268667,Kadod,kadod,,21.21717,73.21972,16747,[],geolocations-indian-cities
city_1270271,Harsud,harsud,,22.09947,76.73423,16736,"[""hars?d""]",geolocations-indian-cities
city_1276502,Belonia,belonia,,23.25178,91.45407,16735,"[""beloniya""]",geolocations-indian-cities
city_1276437,Beri Khas,beri khas,,28.70146,76.57708,16727,"[""beri"", ""beri kh?s""]",geolocations-indian-cities
city_1266448,Koath,koath,,25.32643,84.25983,16725,"[""ko?th""]",geolocations-indian-cities
city_1273153,Deshnoke,deshnoke,,27.79836,73.34297,16720,"[""deshnok""]",geolocations-indian-cities
city_1268032,Kanke,kanke,,23.43478,85.32059,16712,"[""k?nke""]",geolocations-indian-cities
city_1270036,Hirekerur,hirekerur,,14.45506,75.3952,16688,"[""hireker?r""]",geolocations-indian-cities
city_1259801,Phaphund,phaphund,,26.59888,79.46437,16675,"[""phaph?nd""]",geolocations-indian-cities
city_1278052,Babrala,babrala,,28.26419,78.4056,16670,"[""babr?la""]",geolocations-indian-cities
city_1278216,Athagarh,athagarh,,20.51999,85.62965,16665,"[""athgarh"", ""?thagarh""]",geolocations-indian-cities
city_1264085,Malihabad,malihabad,,26.92223,80.71078,16649,"[""mal?h?b?d""]",geolocations-indian-cities
city_1268929,Jhusi,jhusi,,25.43745,81.9055,16642,"[""jh?si"", ""pratishthanpur""]",geolocations-indian-cities
city_1270718,Gummidipundi,gummidipundi,,13.40765,80.10879,16605,"[""gummudip?ndi"", ""gummudipundi"", ""gummidip?ndi"", ""gumidipoondi""]",geolocations-indian-cities
city_1256483,Shirhatti,shirhatti,,15.23352,75.57996,16604,[],geolocations-indian-cities
city_1254732,Teonthar,teonthar,,24.98207,81.64194,16578,[],geolocations-indian-cities
city_1275364,Bokajan,bokajan,,26.02131,93.77945,16561,"[""bokaj?n"", ""bokajan o. noajan""]",geolocations-indian-cities
city_1261242,Noamundi,noamundi,,22.16094,85.50416,16558,"[""no?mundi""]",geolocations-indian-cities
city_1257588,Salumbar,salumbar,,24.13524,74.04442,16557,"[""s?l?mbar""]",geolocations-indian-cities
city_1277273,Banki,banki,,20.37912,85.52953,16555,"[""bankigarh"", ""b?nki"", ""b?nk?garh""]",geolocations-indian-cities
city_1260734,Palera,palera,,25.02013,79.22818,16554,[],geolocations-indian-cities
city_1271495,Garui,garui,,22.63333,88.4,16499,[],geolocations-indian-cities
city_1266838,Khatra,khatra,,22.97617,86.85462,16484,"[""kh?tra""]",geolocations-indian-cities
city_1271538,Garhshankar,garhshankar,,31.21537,76.14149,16470,"[""garshankar""]",geolocations-indian-cities
city_1254249,Tondi,tondi,,9.74173,79.01774,16468,[],geolocations-indian-cities
city_1262115,Nainwa,nainwa,,25.77145,75.84978,16415,"[""naenwa""]",geolocations-indian-cities
city_1276095,Bharwari,bharwari,,25.56078,81.49164,16411,"[""bharw?ri""]",geolocations-indian-cities
city_1266731,Khilchipur,khilchipur,,24.03943,76.578,16411,[],geolocations-indian-cities
city_1267456,Katpadi,katpadi,,12.96951,79.14552,16408,"[""k?tp?di""]",geolocations-indian-cities
city_1276265,Bhainsdehi,bhainsdehi,,21.64491,77.63023,16400,[],geolocations-indian-cities
city_1465825,Madipakkam,madipakkam,,12.96226,80.19864,16396,[],geolocations-indian-cities
city_1265670,Kumbhraj,kumbhraj,,24.37338,77.04841,16391,"[""kumbhr?j""]",geolocations-indian-cities
city_1255082,Talwandi Bhai,talwandi bhai,,30.85584,74.92979,16391,"[""talwandi bh?i""]",geolocations-indian-cities
city_1271062,Gokavaram,gokavaram,,17.25823,81.84985,16389,"[""gokaram""]",geolocations-indian-cities
city_1267202,Khada,khada,,27.18333,83.88333,16350,[],geolocations-indian-cities
city_1269175,Jasidih,jasidih,,24.51379,86.64576,16338,[],geolocations-indian-cities
city_1257476,Sancoale,sancoale,,15.37794,73.90352,16311,[],geolocations-indian-cities
city_1261771,Narnaund,narnaund,,29.22047,76.14278,16299,"[""n?rnaund""]",geolocations-indian-cities
city_1271729,Gandarbal,gandarbal,,34.22619,74.77478,16271,"[""ganderbal"", ""g?ndarbal""]",geolocations-indian-cities
city_1274422,Chennimalai,chennimalai,,11.16378,77.60388,16268,[],geolocations-indian-cities
city_7302862,Bahula,bahula,,23.65176,87.16475,16264,[],geolocations-indian-cities
city_1275619,Bilgi,bilgi,,16.34714,75.61804,16257,"[""bilg""]",geolocations-indian-cities
city_1265734,Kulgam,kulgam,,33.64456,75.01923,16246,"[""??????"", ""kwlgham"", ""kwljam"", ""klgam"", ""?????"", ""kwlgam"", ""kulg?m"", ""klgham""]",geolocations-indian-cities
city_1271722,Gandevi,gandevi,,20.81214,72.99811,16240,"[""ganadevi""]",geolocations-indian-cities
city_1277949,Badvel,badvel,,14.7451,79.06288,16238,[],geolocations-indian-cities
city_1264196,Makum,makum,,27.48652,95.43646,16225,"[""m?kum"", ""makum-junction""]",geolocations-indian-cities
city_1268276,Kamalganj,kamalganj,,27.26181,79.63134,16222,[],geolocations-indian-cities
city_1278073,Babai,babai,,22.70256,77.93494,16176,"[""b?bai""]",geolocations-indian-cities
city_1264383,Mahgawan,mahgawan,,26.49471,78.61593,16176,[],geolocations-indian-cities
city_1259148,Pushkar,pushkar,,26.49022,74.55211,16173,"[""???????????"", ""?????"", ""puskara"", ""??????"", ""pusakara"", ""pusk\u00e1r"", ""???????"", ""pouskar"", ""puskar"", ""pshkr"", ""????"", ""pu si he ka er"", ""pwsqr"", ""puszkar"", ""p\u00fashkar"", ""puskaranagaram""]",geolocations-indian-cities
city_1277776,Baihar,baihar,,22.10133,80.54967,16168,[],geolocations-indian-cities
city_1277362,Bandikui,bandikui,,27.05087,76.57325,16165,"[""b?nd?k?i""]",geolocations-indian-cities
city_1278692,Anamalais,anamalais,,10.58303,76.93441,16131,"[""anamalai"", ""anaimalai"", ""anaimalais""]",geolocations-indian-cities
city_1262034,Nambiyur,nambiyur,,11.35811,77.32115,16126,"[""nambiy?r""]",geolocations-indian-cities
city_1273793,Cuncolim,cuncolim,,15.1773,73.99392,16122,[],geolocations-indian-cities
city_1259535,Piriyapatna,piriyapatna,,12.33497,76.10073,16099,"[""piriy?patna""]",geolocations-indian-cities
city_1256731,Shahi,shahi,,28.55023,79.31761,16064,"[""sh?hi""]",geolocations-indian-cities
city_1261512,Neral,neral,,19.02475,73.31688,16060,[],geolocations-indian-cities
city_1270612,Guru Har Sahai,guru har sahai,,30.70862,74.40407,16027,"[""guru har sah?i""]",geolocations-indian-cities
city_1261580,Nayagarh,nayagarh,,20.12882,85.09626,16001,"[""nay?garh""]",geolocations-indian-cities
city_1270522,Hajo,hajo,,26.2452,91.52525,15977,"[""nij h?jo"", ""nij hajo"", ""h?jo""]",geolocations-indian-cities
city_1253132,Virarajendrapet,virarajendrapet,,12.19644,75.80512,15976,"[""vir?jpet"", ""v?rar?jendrapet"", ""virajpet""]",geolocations-indian-cities
city_1275977,Bhikhi,bhikhi,,30.05918,75.535,15961,"[""bh?khi""]",geolocations-indian-cities
city_1269731,Indri,indri,,29.87999,77.05972,15954,"[""r?mgarh"", ""ramgarh""]",geolocations-indian-cities
city_1254694,Thakurganj,thakurganj,,26.42742,88.13112,15953,"[""th?kurganj""]",geolocations-indian-cities
city_1253977,Udalguri,udalguri,,26.75367,92.10215,15935,[],geolocations-indian-cities
city_1253374,Vasa,vasa,,22.66079,72.75519,15934,[],geolocations-indian-cities
city_1257940,Rura,rura,,26.49001,79.90108,15908,[],geolocations-indian-cities
city_1253595,Vadamadurai,vadamadurai,,10.44081,78.09784,15886,"[""vada-madura""]",geolocations-indian-cities
city_1268007,Kannod,kannod,,22.66764,76.74286,15870,[],geolocations-indian-cities
city_1279154,Ajra,ajra,,16.11601,74.21097,15864,[],geolocations-indian-cities
city_1259554,Pipraich,pipraich,,26.82745,83.52632,15856,[],geolocations-indian-cities
city_1255425,Sunel,sunel,,24.37065,75.95708,15840,[],geolocations-indian-cities
city_1256003,Sisauli,sisauli,,29.41386,77.4689,15837,[],geolocations-indian-cities
city_1253754,Unhel,unhel,,23.33794,75.55931,15837,[],geolocations-indian-cities
city_1263057,Mihona,mihona,,26.28373,78.98048,15830,"[""mehona""]",geolocations-indian-cities
city_1254000,Bara Uchana,bara uchana,,29.46747,76.17798,15830,"[""uch?na"", ""bara uch?na"", ""uchana""]",geolocations-indian-cities
city_1268279,Kamakhyanagar,kamakhyanagar,,20.93385,85.54489,15818,"[""murhi"", ""k?m?khy?nagar""]",geolocations-indian-cities
city_1278393,Arkalgud,arkalgud,,12.76171,76.06035,15802,"[""arkalg?d""]",geolocations-indian-cities
city_1279407,Abhayapuri,abhayapuri,,26.32255,90.68526,15802,"[""abhay?puri""]",geolocations-indian-cities
city_1268863,Jodiya Bandar,jodiya bandar,,22.71667,70.28333,15788,"[""jodiya""]",geolocations-indian-cities
city_1269602,Jagalur,jagalur,,14.51957,76.33915,15787,"[""jagal?r""]",geolocations-indian-cities
city_1272229,Dumra,dumra,,26.56708,85.5204,15778,[],geolocations-indian-cities
city_1259916,Pennagaram,pennagaram,,12.13433,77.89525,15758,"[""penn?garam""]",geolocations-indian-cities
city_1275814,Bhudgaon,bhudgaon,,16.90742,74.59954,15738,"[""budhgaon""]",geolocations-indian-cities
city_1268035,Kankauli,kankauli,,16.26609,73.71217,15735,"[""kankavali"", ""kankavli""]",geolocations-indian-cities
city_1266843,Khatima,khatima,,28.92134,79.97075,15714,"[""khat?ma""]",geolocations-indian-cities
city_1275368,Boisar,boisar,,19.80362,72.75598,15692,[],geolocations-indian-cities
city_9212568,Neelankarai,neelankarai,,12.9495,80.2592,15688,[],geolocations-indian-cities
city_1277930,Bagar,bagar,,28.18784,75.50012,15670,[],geolocations-indian-cities
city_1255620,Srivaikuntam,srivaikuntam,,8.62931,77.91281,15665,"[""sr?vaikuntam""]",geolocations-indian-cities
city_1263610,Manthani,manthani,,18.65087,79.66501,15661,[],geolocations-indian-cities
city_1264523,Madukkur,madukkur,,10.48098,79.39939,15631,"[""madukk?r""]",geolocations-indian-cities
city_1266596,Khutar,khutar,,28.20307,80.27046,15618,"[""kh?t?r""]",geolocations-indian-cities
city_1276939,Bari Sadri,bari sadri,,24.41339,74.47331,15616,"[""bari s?dri""]",geolocations-indian-cities
city_1278064,Baberu,baberu,,25.54711,80.70443,15607,[],geolocations-indian-cities
city_1265233,Lakhnadon,lakhnadon,,22.60049,79.60094,15589,"[""lakhn?don""]",geolocations-indian-cities
city_1274807,Chanasma,chanasma,,23.71472,72.11279,15572,"[""ch?nasma""]",geolocations-indian-cities
city_1262140,Nahorkatiya,nahorkatiya,,27.28912,95.3418,15548,"[""naharkatiya"", ""naharkativa""]",geolocations-indian-cities
city_1275593,Bilsanda,bilsanda,,28.24341,79.95135,15538,[],geolocations-indian-cities
city_1264949,Leteri,leteri,,24.05979,77.40858,15519,[],geolocations-indian-cities
city_1269990,Holalkere,holalkere,,14.04295,76.18496,15480,[],geolocations-indian-cities
city_1266029,Kotaparh,kotaparh,,19.14256,82.32536,15479,"[""kotap?d"", ""kotapad"", ""kotap?rh""]",geolocations-indian-cities
city_1253610,Vada,vada,,19.65347,73.14811,15474,"[""v?da""]",geolocations-indian-cities
city_1253984,Udaipura,udaipura,,23.07434,78.51108,15473,[],geolocations-indian-cities
city_1261402,Nilgiri,nilgiri,,21.46235,86.76794,15462,"[""n?lgiri"", ""nilagiri"", ""raj nilgiri""]",geolocations-indian-cities
city_1266070,Kosigi,kosigi,,15.8551,77.24463,15455,"[""kosgi"", ""kesigi""]",geolocations-indian-cities
city_1268434,Kalghatgi,kalghatgi,,15.18315,74.97099,15428,[],geolocations-indian-cities
city_1268310,Kalugumalai,kalugumalai,,9.14941,77.70569,15423,"[""kalugumali""]",geolocations-indian-cities
city_1254396,Tirthahalli,tirthahalli,,13.68835,75.24548,15422,"[""t?rthahalli""]",geolocations-indian-cities
city_1260221,Parvatsar,parvatsar,,26.88604,74.76602,15405,"[""parbatsar""]",geolocations-indian-cities
city_1260141,Pathalgaon,pathalgaon,,22.55656,83.46355,15394,"[""pathargaon""]",geolocations-indian-cities
city_1278278,Asind,asind,,25.7342,74.33278,15389,"[""?sind""]",geolocations-indian-cities
city_1268722,Kachhwa,kachhwa,,25.20615,82.71442,15381,"[""kachhw?""]",geolocations-indian-cities
city_1256929,Sayla,sayla,,22.54925,71.48324,15376,"[""s?yla""]",geolocations-indian-cities
city_1261726,Naspur,naspur,,18.84577,79.46165,15374,"[""n?spur""]",geolocations-indian-cities
city_1277841,Bah,bah,,26.86912,78.59385,15359,"[""b?h""]",geolocations-indian-cities
city_1272367,Dornakal,dornakal,,17.44475,80.14905,15350,[],geolocations-indian-cities
city_1263015,Mirganj,mirganj,,28.54012,79.20817,15335,"[""m?rganj""]",geolocations-indian-cities
city_1259244,Punahana,punahana,,27.86371,77.20432,15332,"[""pun?h?na"", ""p?n?h?na""]",geolocations-indian-cities
city_1275978,Bhikangaon,bhikangaon,,21.86764,75.96391,15321,[],geolocations-indian-cities
city_1272646,Dicholi,dicholi,,15.59319,73.94571,15315,"[""cassabe de bicholim"", ""cassab\u00e9 de bicholim"", ""bicholim"", ""bicholim town""]",geolocations-indian-cities
city_1267492,Kathor,kathor,,21.28854,72.9407,15311,"[""k?thor""]",geolocations-indian-cities
city_1259592,Pipili,pipili,,20.11357,85.83147,15301,"[""pipli""]",geolocations-indian-cities
city_1273642,Dalkola,dalkola,,25.87577,87.84009,15285,[],geolocations-indian-cities
city_1255619,Srivardhan,srivardhan,,18.04592,73.01552,15279,"[""shriwardham"", ""sr?vardhan"", ""savardhan""]",geolocations-indian-cities
city_1278676,Anandpur,anandpur,,31.23926,76.50253,15229,"[""anandpur s?hib"", ""anandpur sahib""]",geolocations-indian-cities
city_1262497,Mundra,mundra,,22.83918,69.7219,15220,[],geolocations-indian-cities
city_1266631,Khuldabad,khuldabad,,20.00671,75.19245,15213,"[""khuld?b?d"", ""rauza""]",geolocations-indian-cities
city_1271642,Gangolli,gangolli,,13.65024,74.67072,15200,"[""ganguli""]",geolocations-indian-cities
city_1273960,Chotila,chotila,,22.42347,71.19641,15197,[],geolocations-indian-cities
city_1267006,Khapa,khapa,,21.42243,78.98168,15175,[],geolocations-indian-cities
city_1270082,Hindoria,hindoria,,23.90345,79.56861,15142,"[""hindori?""]",geolocations-indian-cities
city_1266092,Korwai,korwai,,24.11774,78.04007,15136,[],geolocations-indian-cities
city_1267290,Kenda,kenda,,23.1959,86.51499,15131,[],geolocations-indian-cities
city_1259784,Phek,phek,,25.66667,94.5,15118,[],geolocations-indian-cities
city_1255712,Sorada,sorada,,19.76082,84.42997,15117,"[""surada""]",geolocations-indian-cities
city_1275558,Binka,binka,,21.02626,83.81197,15095,"[""binika""]",geolocations-indian-cities
city_1261871,Naraini,naraini,,25.19033,80.475,15077,[],geolocations-indian-cities
city_1265150,Lalpur,lalpur,,22.19073,69.96351,15076,[],geolocations-indian-cities
city_1263900,Mandapam,mandapam,,9.27571,79.12362,15073,[],geolocations-indian-cities
city_1259210,Pupri,pupri,,26.47079,85.70311,15070,"[""janakpur road""]",geolocations-indian-cities
city_1253673,Usehat,usehat,,27.79796,79.23763,15068,[],geolocations-indian-cities
city_1259222,Punjai Puliyampatti,punjai puliyampatti,,11.35163,77.16671,15066,[],geolocations-indian-cities
city_1260954,Pachperwa,pachperwa,,27.51234,82.64297,15056,[],geolocations-indian-cities
city_1277202,Bantva,bantva,,21.48815,70.07576,15051,"[""b?ntva"", ""bantwa""]",geolocations-indian-cities
city_1266746,Khetia,khetia,,21.67124,74.58535,15021,[],geolocations-indian-cities
city_1267097,Khamaria,khamaria,,23.22558,79.88007,15019,[],geolocations-indian-cities
city_1262988,Misrikh,misrikh,,27.43137,80.53157,15007,[],geolocations-indian-cities
city_7302453,Vagator,vagator,,15.59766,73.74496,14986,"[""???????""]",geolocations-indian-cities
city_1260050,Pattan,pattan,,34.16125,74.55634,14965,"[""patan""]",geolocations-indian-cities
city_1265451,Kushalnagar,kushalnagar,,12.45795,75.95904,14961,"[""fraserpet""]",geolocations-indian-cities
city_1274881,Chakulia,chakulia,,22.48301,86.71793,14952,"[""chakuha"", ""ch?kuli?"", ""ch?kuha""]",geolocations-indian-cities
city_1262884,Mohiuddinnagar,mohiuddinnagar,,25.57374,85.66944,14938,"[""mohiuddinagar""]",geolocations-indian-cities
city_1253481,Vallam,vallam,,10.71988,79.05981,14935,[],geolocations-indian-cities
city_1254709,Tezu,tezu,,27.91256,96.12882,14927,"[""teju basha"", ""teju"", ""tei"", ""teju b?sha""]",geolocations-indian-cities
city_10793684,Kunnumma,kunnumma,,9.35672,76.41343,14918,[],geolocations-indian-cities
city_1263291,Mauranwan,mauranwan,,26.42876,80.88008,14916,"[""maur?nw?n"", ""maurawan"", ""maur?w?n""]",geolocations-indian-cities
city_1263189,Mehnagar,mehnagar,,25.87889,83.11611,14897,[],geolocations-indian-cities
city_1268460,Kalas,kalas,,18.17241,74.79045,14858,[],geolocations-indian-cities
city_1253640,Utran,utran,,21.23333,72.86667,14855,"[""utr?n""]",geolocations-indian-cities
city_1267015,Khanpur,khanpur,,24.73241,76.39601,14854,[],geolocations-indian-cities
city_1271925,Fatehgarh,fatehgarh,,27.36409,79.63111,14847,[],geolocations-indian-cities
city_1256734,Shahgarh,shahgarh,,24.31365,79.11806,14830,"[""sh?hgarh""]",geolocations-indian-cities
city_1266814,Khed,khed,,17.71888,73.39693,14829,[],geolocations-indian-cities
city_1256367,Sidhpura,sidhpura,,27.63312,78.86918,14815,[],geolocations-indian-cities
city_1253175,Vilattikulam,vilattikulam,,9.13227,78.16635,14802,"[""vil?ttikulam"", ""vilatikulam""]",geolocations-indian-cities
city_1348944,Jafarpur,jafarpur,,22.31878,88.2305,14798,"[""j?farpur""]",geolocations-indian-cities
city_1269070,Jetalsar,jetalsar,,21.70891,70.57695,14771,[],geolocations-indian-cities
city_1266210,Kondalwadi,kondalwadi,,18.80727,77.77031,14770,[],geolocations-indian-cities
city_1256385,Siddapur,siddapur,,14.34322,74.894,14769,"[""sidd?pur""]",geolocations-indian-cities
city_1262971,Meethari Marwar,meethari marwar,,27.57615,74.68661,14760,"[""?????? ???????"", ""mithari maravara""]",geolocations-indian-cities
city_1264525,Madugula,madugula,,17.91589,82.81578,14741,"[""m?dugula""]",geolocations-indian-cities
city_1263937,Manchar,manchar,,19.00436,73.94346,14740,[],geolocations-indian-cities
city_1275601,Biloli,biloli,,18.77385,77.72463,14716,[],geolocations-indian-cities
city_6268046,Kupwara,kupwara,,34.03056,74.26417,14711,"[""kupw?ra"", ""kopawor""]",geolocations-indian-cities
city_1262928,Mohan,mohan,,26.78008,80.67497,14709,"[""moh?n""]",geolocations-indian-cities
city_1259158,Purushottampur,purushottampur,,19.52024,84.88514,14707,"[""purusottampur""]",geolocations-indian-cities
city_1278090,Ayyampettai,ayyampettai,,10.90141,79.17984,14702,"[""ayyampett?i""]",geolocations-indian-cities
city_1268277,Kamalapuram,kamalapuram,,14.5983,78.66948,14677,"[""k?mal?puram""]",geolocations-indian-cities
city_1279181,Ajaigarh,ajaigarh,,24.89879,80.25921,14640,[],geolocations-indian-cities
city_1257242,Sarangarh,sarangarh,,21.58614,83.0785,14615,"[""s?rangarh""]",geolocations-indian-cities
city_1253559,Vaghodia,vaghodia,,22.30505,73.40016,14606,"[""waghoria"", ""v?ghodia""]",geolocations-indian-cities
city_1255301,Susner,susner,,23.94667,76.08825,14601,[],geolocations-indian-cities
city_1276945,Bariarpur,bariarpur,,25.28791,86.57643,14595,[],geolocations-indian-cities
city_1271464,Gaurela,gaurela,,22.75449,81.90107,14582,[],geolocations-indian-cities
city_1271449,Gautampura,gautampura,,22.98664,75.51921,14562,"[""runaj""]",geolocations-indian-cities
city_1278551,Ankola,ankola,,14.66049,74.3047,14540,"[""??????"", ""ankwla"", ""???"", ""?????"", ""???????"", ""an ke la""]",geolocations-indian-cities
city_1265225,Lakhtar,lakhtar,,22.85683,71.78844,14534,"[""luctor""]",geolocations-indian-cities
city_1269449,Jalakandapuram,jalakandapuram,,11.69779,77.87298,14529,"[""jalakand?puram"", ""jalakantapuram""]",geolocations-indian-cities
city_1278752,Ammapettai,ammapettai,,10.79476,79.31986,14528,"[""amm?pettai"", ""ammapet""]",geolocations-indian-cities
city_1268785,Shadipur Julana,shadipur julana,,29.12368,76.40516,14508,"[""julana shadipur"", ""jul?na sh?dipur"", ""sh?d?pur jul?na"", ""jul?na"", ""julana""]",geolocations-indian-cities
city_1275384,Bodri,bodri,,23.16524,81.43262,14491,[],geolocations-indian-cities
city_1253490,Valavanur,valavanur,,11.92094,79.58239,14463,"[""valavan?r""]",geolocations-indian-cities
city_1272053,Elumalai,elumalai,,9.86501,77.69923,14456,[],geolocations-indian-cities
city_1254590,Thiruvaiyaru,thiruvaiyaru,,10.88405,79.10362,14451,"[""tiruvadi"", ""thiruvaiy?ru"", ""tiruv?di""]",geolocations-indian-cities
city_1266126,Koratagere,koratagere,,13.522,77.2373,14445,[],geolocations-indian-cities
city_1265809,Kudal,kudal,,16.01148,73.68867,14432,"[""kud?l""]",geolocations-indian-cities
city_1275609,Bilkha,bilkha,,21.4415,70.60063,14421,"[""bhilka""]",geolocations-indian-cities
city_1263715,Manikpur,manikpur,,25.06083,81.09961,14415,"[""m?nikpur""]",geolocations-indian-cities
city_1267827,Karari,karari,,25.45241,81.42675,14403,"[""kar?r?""]",geolocations-indian-cities
city_1260577,Panchgani,panchgani,,17.92449,73.8008,14400,"[""p?nchgani"", ""panchagani""]",geolocations-indian-cities
city_1267745,Kariapatti,kariapatti,,9.67505,78.09992,14398,"[""k?riy?patti"", ""kariyapattinam"", ""kariyapatti""]",geolocations-indian-cities
city_1261208,Nongpoh,nongpoh,,25.9023,91.87694,14387,[],geolocations-indian-cities
city_1279237,Ahiri,ahiri,,19.41386,80.00359,14384,[],geolocations-indian-cities
city_1273077,Dewa,dewa,,27.03621,81.16692,14375,"[""dew?""]",geolocations-indian-cities
city_9212571,Palavakkam,palavakkam,,12.9535,80.2572,14369,[],geolocations-indian-cities
city_1274175,Chinchani,chinchani,,19.87458,72.6851,14357,"[""chinchni""]",geolocations-indian-cities
city_1279213,Ahwa,ahwa,,20.75718,73.68626,14321,[],geolocations-indian-cities
city_1257599,Salon,salon,,26.02857,81.45403,14312,[],geolocations-indian-cities
city_1278867,Ambahta,ambahta,,29.85706,77.33583,14303,[],geolocations-indian-cities
city_1261563,Nazira,nazira,,26.91649,94.73611,14302,"[""n?zir?""]",geolocations-indian-cities
city_1275132,Buguda,buguda,,19.80806,84.79084,14297,[],geolocations-indian-cities
city_1277235,Bansgaon,bansgaon,,26.55032,83.34503,14282,"[""b?nsgaon"", ""b?nsg?on""]",geolocations-indian-cities
city_1268024,Kankipadu,kankipadu,,16.4353,80.76715,14249,"[""kankip?du"", ""kankipad""]",geolocations-indian-cities
city_1255187,Tal,tal,,23.71979,75.38514,14244,[],geolocations-indian-cities
city_1262648,Mudukulattur,mudukulattur,,9.34169,78.51388,14229,"[""mudukulathur""]",geolocations-indian-cities
city_1277695,Bakewar,bakewar,,26.66226,79.17625,14217,[],geolocations-indian-cities
city_1269805,Ikauna,ikauna,,27.53097,81.96917,14217,[],geolocations-indian-cities
city_1257313,Sanwer,sanwer,,22.97415,75.8271,14215,"[""s?nwer""]",geolocations-indian-cities
city_1264310,Mailani,mailani,,28.29088,80.3438,14212,"[""mail?ni junction"", ""mailani junction"", ""mail?ni""]",geolocations-indian-cities
city_1267385,Kaveripatnam,kaveripatnam,,12.42186,78.2188,14208,"[""k?verippattanam"", ""kaveripattinam"", ""k?veripatnam"", ""kaverippattanam""]",geolocations-indian-cities
city_1258269,Razole,razole,,16.47608,81.83912,14204,"[""r?zole""]",geolocations-indian-cities
city_1273132,Devadanappatti,devadanappatti,,10.14673,77.6439,14190,"[""devad?nappatti"", ""devadanapatti""]",geolocations-indian-cities
city_1254321,Thiruvidaimaruthur,thiruvidaimaruthur,,10.99857,79.45227,14183,"[""tiruvadamarud?r"", ""tiruvidaimardur"", ""tiruvadaimarudur"", ""tiruvidaimarud?r"", ""tiruvidaimarudur"", ""tiruvadamarudur""]",geolocations-indian-cities
city_1265376,Kyelang,kyelang,,32.5717,77.02448,14182,"[""???????"", ""kyeang"", ""kejlong"", ""kyelong""]",geolocations-indian-cities
city_1272878,Dharampuri,dharampuri,,22.14951,75.34439,14178,[],geolocations-indian-cities
city_1274099,Chirgaon,chirgaon,,25.57198,78.81432,14147,"[""ch?rgaon""]",geolocations-indian-cities
city_1256650,Shankargarh,shankargarh,,25.182,81.61769,14137,[],geolocations-indian-cities
city_1261283,Nirsa,nirsa,,23.78438,86.70692,14124,"[""nirs?""]",geolocations-indian-cities
city_1254025,Turuvekere,turuvekere,,13.16374,76.66641,14115,[],geolocations-indian-cities
city_1273978,Chorhat,chorhat,,24.42743,81.66948,14101,"[""churhat"", ""chorh?t""]",geolocations-indian-cities
city_1270504,Haldibari,haldibari,,26.33887,88.7822,14099,"[""haldibabi"", ""hald?b?ri""]",geolocations-indian-cities
city_1261050,Olpad,olpad,,21.33649,72.75161,14091,"[""olp?d""]",geolocations-indian-cities
city_1257004,Sathankulam,sathankulam,,8.44164,77.91349,14084,"[""sattankulam"", ""s?tt?nkulam""]",geolocations-indian-cities
city_1266433,Kuchinda,kuchinda,,21.74356,84.34848,14081,"[""kochinda""]",geolocations-indian-cities
city_1262715,Moth,moth,,25.72595,78.95029,14077,[],geolocations-indian-cities
city_1256574,Shergarh,shergarh,,28.65128,79.36815,14076,[],geolocations-indian-cities
city_1269087,Jejuri,jejuri,,18.27658,74.16008,14063,"[""jej?ri""]",geolocations-indian-cities
city_1279074,Alampur,alampur,,15.87987,78.13352,14060,[],geolocations-indian-cities
city_1265239,Lakhipur,lakhipur,,26.03001,90.30611,14045,[],geolocations-indian-cities
city_1256251,Simaria,simaria,,24.79497,81.152,14045,"[""semaria""]",geolocations-indian-cities
city_1266516,Kirakat,kirakat,,25.63745,82.91596,14034,[],geolocations-indian-cities
city_1271295,Ghiror,ghiror,,27.18912,78.79312,14011,[],geolocations-indian-cities
city_1266924,Kharhial,kharhial,,20.28845,82.7606,14007,"[""khariar"", ""kharhi?l"", ""khari?r""]",geolocations-indian-cities
city_1258911,Rajapur,rajapur,,25.38725,81.15125,13962,"[""r?j?pur"", ""majhgaw?n"", ""majhgawan""]",geolocations-indian-cities
city_1259082,Rabupura,rabupura,,28.25153,77.60253,13949,"[""rab?pura""]",geolocations-indian-cities
city_1258652,Ramkola,ramkola,,26.90172,83.83758,13949,"[""r?mkola""]",geolocations-indian-cities
city_1270888,Goshaingaon,goshaingaon,,26.43946,89.96307,13933,"[""gossaigaon""]",geolocations-indian-cities
city_1255910,Soalkuchi,soalkuchi,,26.16806,91.57111,13917,"[""suwalakuchi"", ""sualkuchi"", ""suw?lakuchi""]",geolocations-indian-cities
city_1265901,Kotwa,kotwa,,25.0308,81.31908,13916,[],geolocations-indian-cities
city_1264241,Majitha,majitha,,31.75711,74.95891,13900,"[""maj?tha""]",geolocations-indian-cities
city_1252668,Ziro,ziro,,27.59497,93.83854,13893,"[""zero"", ""zer""]",geolocations-indian-cities
city_1260556,Pandaria,pandaria,,22.22495,81.40994,13875,[],geolocations-indian-cities
city_1268814,Joshimath,joshimath,,30.55543,79.56436,13865,"[""joshinath"", ""josh?math""]",geolocations-indian-cities
city_1278758,Amloh,amloh,,30.60837,76.23199,13859,[],geolocations-indian-cities
city_1267776,Kargil,kargil,,34.55765,76.12622,13838,"[""????????????"", ""kargilanagaram"", ""karkil"", ""ka er ji er"", ""??????"", ""karagila"", ""kargl"", ""????"", ""krghyl"", ""?????"", ""????????""]",geolocations-indian-cities
city_1272517,Dirba,dirba,,30.07222,75.99607,13838,[],geolocations-indian-cities
city_1278990,Allahganj,allahganj,,27.5454,79.68715,13824,"[""all?hganj""]",geolocations-indian-cities
city_1276400,Betma,betma,,22.68653,75.61456,13817,[],geolocations-indian-cities
city_1253217,Vettavalam,vettavalam,,12.10769,79.24516,13808,[],geolocations-indian-cities
city_1266937,Kharela,kharela,,25.54277,79.81235,13798,"[""kharel?""]",geolocations-indian-cities
city_1255146,Talbahat,talbahat,,25.04357,78.43441,13789,[],geolocations-indian-cities
city_1268686,Kadaura,kadaura,,25.98537,79.83842,13784,"[""baoni kadawa""]",geolocations-indian-cities
city_1349047,Solap,solap,,22.12778,88.15861,13751,[],geolocations-indian-cities
city_1269809,Iglas,iglas,,27.711,77.93967,13746,"[""igl?s""]",geolocations-indian-cities
city_1270151,Heggadadevankote,heggadadevankote,,12.08809,76.32957,13733,"[""heggaddevankote""]",geolocations-indian-cities
city_1253454,Vandalur,vandalur,,12.8924,80.08079,13715,"[""vandal?r""]",geolocations-indian-cities
city_1278806,Amethi,amethi,,26.15696,81.80519,13684,"[""ameth?""]",geolocations-indian-cities
city_1254798,Tekanpur,tekanpur,,25.99401,78.28322,13681,"[""takenpur""]",geolocations-indian-cities
city_1265041,Lasalgaon,lasalgaon,,20.1427,74.23946,13665,"[""l?salgaon""]",geolocations-indian-cities
city_1273784,Curti,curti,,15.41667,74.01667,13662,[],geolocations-indian-cities
city_1254663,Thandla,thandla,,23.00959,74.57747,13658,"[""th?ndla""]",geolocations-indian-cities
city_1269824,Ichhawar,ichhawar,,23.02816,77.01729,13656,"[""ichh?war""]",geolocations-indian-cities
city_1254513,Tikri,tikri,,29.2291,77.35479,13646,"[""t?kri""]",geolocations-indian-cities
city_1256206,Sindi,sindi,,20.80509,78.88752,13636,[],geolocations-indian-cities
city_1278182,Attayyampatti,attayyampatti,,11.53272,78.05363,13627,"[""?ttayy?mpatti"", ""attayampatti""]",geolocations-indian-cities
city_1264491,Mahabaleshwar,mahabaleshwar,,17.56,73.4,13598,"[""mahabaleshvar"", ""malcolm peth"", ""mah?baleshwar""]",geolocations-indian-cities
city_1256096,Sirathu,sirathu,,25.64292,81.31855,13598,"[""sir?th?"", ""sir?thu""]",geolocations-indian-cities
city_1273993,Chopan,chopan,,24.51954,83.02287,13585,[],geolocations-indian-cities
city_1270951,Gopamau,gopamau,,27.53468,80.28507,13581,"[""gop?mau""]",geolocations-indian-cities
city_1256725,Shahkot,shahkot,,31.08173,75.33708,13577,"[""sh?hkot"", ""jullundur""]",geolocations-indian-cities
city_1258478,Rani,rani,,25.35031,73.30885,13572,"[""r?ni""]",geolocations-indian-cities
city_1256414,Shupiyan,shupiyan,,33.71723,74.83413,13565,"[""??????"", ""shup?yan"", ""shupiyon"", ""shwbyan"", ""shwpya?""]",geolocations-indian-cities
city_11203603,Nagarukhra,nagarukhra,,22.94099,88.63701,13548,"[""ukrah""]",geolocations-indian-cities
city_1264816,Lohogaon,lohogaon,,18.59921,73.92701,13529,[],geolocations-indian-cities
city_1260104,Patiali,patiali,,27.69086,78.99823,13515,[],geolocations-indian-cities
city_1266931,Khargapur,khargapur,,24.823,79.144,13506,"[""kharg?pur""]",geolocations-indian-cities
city_1257077,Sasni,sasni,,27.70287,78.08278,13498,"[""s?sni""]",geolocations-indian-cities
city_1270576,Gyanpur,gyanpur,,25.33268,82.46637,13466,"[""gy?npur""]",geolocations-indian-cities
city_1255981,Sitamau,sitamau,,24.01473,75.35324,13441,"[""s?t?mau""]",geolocations-indian-cities
city_1276358,Bhadarwah,bhadarwah,,32.97941,75.71723,13429,"[""bhadarw?h"", ""bhaderwah"", ""bhadrawah"", ""bhadarwab""]",geolocations-indian-cities
city_1258835,Rajnagar,rajnagar,,24.88929,79.91178,13390,"[""r?jnagar""]",geolocations-indian-cities
city_1271551,Garhi Pukhta,garhi pukhta,,29.5498,77.30881,13381,"[""garhi p?khta"", ""garh? p?khta"", ""garhi"", ""garh?""]",geolocations-indian-cities
city_1273166,Dergaon,dergaon,,26.7,93.96667,13366,[],geolocations-indian-cities
city_1268202,Kamuthi,kamuthi,,9.40732,78.37337,13342,"[""kaumuri"", ""kamuti"", ""kamudi""]",geolocations-indian-cities
city_1267190,Khaga,khaga,,25.77215,81.10393,13338,"[""kh?ga""]",geolocations-indian-cities
city_1267185,Khailar,khailar,,25.34127,78.53133,13334,"[""khailor"", ""khail?r""]",geolocations-indian-cities
city_1276666,Bawal,bawal,,28.07184,76.58312,13318,"[""b?wal""]",geolocations-indian-cities
city_12165950,Shi Yomi,shi yomi,,28.52999,94.37322,13310,[],geolocations-indian-cities
city_1268510,Kalagarh Project Colony,kalagarh project colony,,29.4778,78.78449,13298,"[""k?l?garh project colony"", ""kalagarh"", ""k?l?garh""]",geolocations-indian-cities
city_1259840,Petlawad,petlawad,,23.01102,74.79772,13260,"[""petl?wad""]",geolocations-indian-cities
city_1278889,Amarwara,amarwara,,22.2978,79.16943,13258,"[""amarw?ra""]",geolocations-indian-cities
city_1254198,Tral,tral,,33.92708,75.11585,13255,"[""tr?l""]",geolocations-indian-cities
city_1275645,Bilariaganj,bilariaganj,,26.19593,83.2269,13244,"[""bilari?ganj"", ""bilrayaganj"", ""bilray?ganj""]",geolocations-indian-cities
city_1254367,Tirumullaivasal,tirumullaivasal,,11.23996,79.83705,13234,"[""tirumullaiv?sal"", ""thirumalavasal""]",geolocations-indian-cities
city_1266240,Kombai,kombai,,9.84745,77.29603,13209,"[""komebai""]",geolocations-indian-cities
city_1266422,Kodala,kodala,,19.62425,84.94075,13187,[],geolocations-indian-cities
city_1275661,Bikapur,bikapur,,26.59534,82.13272,13177,"[""b?k?pur""]",geolocations-indian-cities
city_1270895,Goshainganj,goshainganj,,26.57115,82.38091,13176,"[""gosh?inganj"", ""gosainganj""]",geolocations-indian-cities
city_1278923,Amanganj,amanganj,,24.42664,80.03579,13167,"[""am?nganj""]",geolocations-indian-cities
city_1261124,Nurmahal,nurmahal,,31.09662,75.59386,13154,"[""n?rmahal""]",geolocations-indian-cities
city_1265085,Lanja,lanja,,16.86086,73.54993,13121,"[""l?nja""]",geolocations-indian-cities
city_1349229,Gurdaha,gurdaha,,22.73472,88.75944,13103,[],geolocations-indian-cities
city_1270640,Gurh,gurh,,24.50265,81.50037,13102,"[""goorha""]",geolocations-indian-cities
city_1274747,Chandia,chandia,,23.65647,80.70911,13099,[],geolocations-indian-cities
city_1268001,Kanor,kanor,,24.43437,74.26546,13089,"[""k?nor""]",geolocations-indian-cities
city_1278290,Ashti,ashti,,19.37671,76.2252,13084,"[""?shti""]",geolocations-indian-cities
city_1260009,Pawai,pawai,,24.26635,80.16196,13083,[],geolocations-indian-cities
city_1272783,Dhemaji,dhemaji,,27.48333,94.58333,13058,"[""dhem?ji""]",geolocations-indian-cities
city_1275526,Birbhaddar,birbhaddar,,30.0712,78.28189,13058,"[""virbhadra""]",geolocations-indian-cities
city_1273943,Vikasnagar,vikasnagar,,30.46944,77.77275,13055,"[""chuharpur"", ""vik?snagar"", ""ch?harpur""]",geolocations-indian-cities
city_1266387,Kodumudi,kodumudi,,11.07751,77.88363,13053,[],geolocations-indian-cities
city_1259098,Quepem,quepem,,15.2128,74.0772,13041,"[""quepem town""]",geolocations-indian-cities
city_1273534,Dankaur,dankaur,,28.35121,77.55508,13020,[],geolocations-indian-cities
city_1275682,Bijni,bijni,,26.49588,90.70298,12990,[],geolocations-indian-cities
city_1266598,Khusropur,khusropur,,25.48174,85.38492,12976,[],geolocations-indian-cities
city_1264614,Madanpur,madanpur,,23.00589,88.49168,12959,[],geolocations-indian-cities
city_1258903,Raja Sansi,raja sansi,,31.72021,74.8008,12957,"[""r?ja s?nsi""]",geolocations-indian-cities
city_1277581,Bali Chak,bali chak,,22.36482,87.55304,12957,[],geolocations-indian-cities
city_1271984,Ettaiyapuram,ettaiyapuram,,9.14405,77.99066,12956,[],geolocations-indian-cities
city_1256245,Simga,simga,,21.6281,81.70376,12944,[],geolocations-indian-cities
city_1264215,Makhu,makhu,,31.10335,74.99631,12886,[],geolocations-indian-cities
city_1264757,Lormi,lormi,,22.27434,81.70181,12857,[],geolocations-indian-cities
city_1262905,Mohanur,mohanur,,11.05936,78.13965,12846,"[""mohan?r""]",geolocations-indian-cities
city_1348789,Raghudebbati,raghudebbati,,22.52556,88.19583,12833,[],geolocations-indian-cities
city_1276728,Basugaon,basugaon,,26.46742,90.41951,12832,"[""b?sugaon""]",geolocations-indian-cities
city_1277353,Bandora,bandora,,15.40823,73.98129,12819,[],geolocations-indian-cities
city_1278035,Bachhrawan,bachhrawan,,26.4709,81.1158,12809,"[""bachhr?w?n""]",geolocations-indian-cities
city_1279126,Akhnur,akhnur,,32.86667,74.73333,12802,[],geolocations-indian-cities
city_1272302,Dudhi,dudhi,,24.21357,83.24067,12742,"[""d?dhi""]",geolocations-indian-cities
city_1272307,Dudhani,dudhani,,17.35792,76.36688,12735,"[""dudhni""]",geolocations-indian-cities
city_1265534,Kurara,kurara,,25.98046,79.98984,12730,"[""kur?ra""]",geolocations-indian-cities
city_1253425,Vansada,vansada,,20.75817,73.36389,12703,"[""wansda"", ""w?nsda"", ""b?nsda"", ""bansda"", ""v?nsada""]",geolocations-indian-cities
city_1256469,Shirwal,shirwal,,18.15059,73.97788,12703,"[""shirval""]",geolocations-indian-cities
city_1261049,Omalur,omalur,,11.74099,78.04559,12701,"[""omal?r""]",geolocations-indian-cities
city_1261145,Nuh,nuh,,28.10296,77.00144,12698,"[""n?h""]",geolocations-indian-cities
city_1254751,Tendukheda,tendukheda,,23.3962,79.53947,12698,"[""tendukhera sailwara"", ""tendukhera"", ""tend?kheda""]",geolocations-indian-cities
city_1272358,Dostpur,dostpur,,26.27486,82.47091,12688,[],geolocations-indian-cities
city_1262403,Murud,murud,,18.32817,72.9621,12665,"[""marad"", ""janjira"", ""murad""]",geolocations-indian-cities
city_1257263,Saraikela,saraikela,,22.69963,85.93126,12663,"[""seraikella""]",geolocations-indian-cities
city_1257901,Sachin,sachin,,21.08718,72.88153,12662,"[""sach?n"", ""sachir"", ""sach?r"", ""sachim""]",geolocations-indian-cities
city_1259880,Perya,perya,,11.83334,75.85408,12659,"[""periya""]",geolocations-indian-cities
city_1262429,Muri,muri,,23.37074,85.86236,12656,[],geolocations-indian-cities
city_1266787,Khem Karan,khem karan,,31.14443,74.55938,12637,[],geolocations-indian-cities
city_1259924,Pendra,pendra,,22.77548,81.95968,12637,[],geolocations-indian-cities
city_1266640,Khudaganj,khudaganj,,28.14607,79.71472,12636,[],geolocations-indian-cities
city_1255766,Sonegaon,sonegaon,,20.62915,78.69207,12614,[],geolocations-indian-cities
city_1254842,Tattayyangarpettai,tattayyangarpettai,,11.12417,78.44916,12604,[],geolocations-indian-cities
city_1264070,Malkera,malkera,,23.78213,86.28767,12591,[],geolocations-indian-cities
city_1264285,Mairang,mairang,,25.56165,91.63602,12586,[],geolocations-indian-cities
city_1254214,Tosham,tosham,,28.86993,75.9165,12528,"[""tosbam"", ""tosh?m"", ""tosb?m""]",geolocations-indian-cities
city_1270413,Hansot,hansot,,21.58496,72.80764,12525,"[""hansut""]",geolocations-indian-cities
city_1272400,Dongargaon,dongargaon,,20.97172,80.85077,12505,[],geolocations-indian-cities
city_1263764,Mangawan,mangawan,,24.66754,81.54644,12503,"[""mangaw?n""]",geolocations-indian-cities
city_1253257,Vengurla,vengurla,,15.86125,73.63182,12498,"[""wen ge wu er la"", ""??????????"", ""????????"", ""?????????"", ""raenagurala"", ""wngwrla"", ""oyenagurala"", ""?????"", ""???????"", ""wyngrla""]",geolocations-indian-cities
city_1253328,Vedasandur,vedasandur,,10.53102,77.95019,12493,"[""vedasand?r""]",geolocations-indian-cities
city_1259022,Rahon,rahon,,31.05275,76.11907,12485,"[""r?hon"", ""rabon""]",geolocations-indian-cities
city_1271734,Gandai,gandai,,21.66667,81.10013,12475,"[""gandai-pandaria""]",geolocations-indian-cities
city_1269782,Iluppur,iluppur,,10.51347,78.62357,12471,"[""ilupp?r"", ""illuppur""]",geolocations-indian-cities
city_1261660,Navelim,navelim,,15.53333,73.98333,12469,[],geolocations-indian-cities
city_1254378,Thirukattupalli,thirukattupalli,,10.84431,78.95647,12465,"[""tirukkattuppalli"", ""tirukk?ttuppalli"", ""tirukattupalli""]",geolocations-indian-cities
city_1268022,Kankon,kankon,,15.02698,74.04617,12444,"[""k?nkon"", ""chauri"", ""chauri town"", ""advota"", ""canacona""]",geolocations-indian-cities
city_1263997,Seven Pagodas,seven pagodas,,12.62091,80.19331,12415,"[""???????????"", ""mahapalipuram"", ""m?mallapuram"", ""mahabalipuram"", ""makhabalipuram"", ""mamallapuram"", ""mah\u00e2ballipuram"", ""mah?balip?r"", ""mahaballipuram"", ""mahabalipur"", ""?????????????""]",geolocations-indian-cities
city_1256934,Sayalkudi,sayalkudi,,9.16925,78.44702,12415,"[""sayalgudi"", ""s?yalkudi""]",geolocations-indian-cities
city_1264829,Loharu,loharu,,28.42993,75.80779,12410,"[""loh?ru""]",geolocations-indian-cities
city_1253052,Wadgaon,wadgaon,,18.7392,73.63945,12373,"[""vadgaon""]",geolocations-indian-cities
city_1267867,Karambakkudi,karambakkudi,,10.45866,79.14101,12371,"[""karambakuduy""]",geolocations-indian-cities
city_1255640,Srimushnam,srimushnam,,11.40118,79.40384,12364,"[""srimushnum"", ""sr?mushnam""]",geolocations-indian-cities
city_1253162,Vinchia,vinchia,,22.21027,71.37967,12355,"[""vichhia""]",geolocations-indian-cities
city_1270364,Harduaganj,harduaganj,,27.94361,78.15789,12328,"[""hardu?ganj"", ""harduganj""]",geolocations-indian-cities
city_1259075,Radaur,radaur,,30.02706,77.15177,12328,[],geolocations-indian-cities
city_1255584,Suchindram,suchindram,,8.15442,77.46704,12316,[],geolocations-indian-cities
city_1261077,Odlabari,odlabari,,26.83644,88.62943,12311,"[""odl?b?ri"", ""oldabari"", ""old?b?ri""]",geolocations-indian-cities
city_1262414,Mursan,mursan,,27.57788,77.94091,12310,"[""murs?n""]",geolocations-indian-cities
city_1267919,Captainganj,captainganj,,26.9264,83.71334,12299,"[""kapt?nganj"", ""kaptanganj""]",geolocations-indian-cities
city_1276932,Barjora,barjora,,23.42754,87.29037,12294,[],geolocations-indian-cities
city_1256324,Sikandra,sikandra,,26.36722,79.6298,12289,[],geolocations-indian-cities
city_1273201,Deori,deori,,21.45,82.61667,12286,[],geolocations-indian-cities
city_1262567,Mulanur,mulanur,,10.79426,77.7115,12264,"[""m?lan?r""]",geolocations-indian-cities
city_1276956,Barhi,barhi,,23.90326,80.81516,12136,[],geolocations-indian-cities
city_1256990,Satwas,satwas,,22.53628,76.68452,12115,"[""satw?s""]",geolocations-indian-cities
city_1265697,Kumaralingam,kumaralingam,,10.48936,77.3499,12093,[],geolocations-indian-cities
city_1269106,Jawhar,jawhar,,19.91213,73.22679,12082,"[""jawh?r""]",geolocations-indian-cities
city_1257366,Sankheda,sankheda,,22.17021,73.5782,12077,[],geolocations-indian-cities
city_1256976,Saurikh,saurikh,,27.03051,79.48813,12055,"[""saurnikh""]",geolocations-indian-cities
city_1270232,Hata,hata,,26.7412,83.74526,12050,"[""h?t?"", ""h?ta""]",geolocations-indian-cities
city_1263850,Mandleshwar,mandleshwar,,22.17598,75.65995,12049,"[""m?ndleshwar""]",geolocations-indian-cities
city_1277533,Baloda,baloda,,22.1389,82.48171,12038,[],geolocations-indian-cities
city_1252753,Yelbarga,yelbarga,,15.61545,76.01184,12023,[],geolocations-indian-cities
city_1267481,Kati,kati,,17.96137,75.88895,12022,[],geolocations-indian-cities
city_1277570,Balimila,balimila,,18.25167,82.10659,12008,"[""b?limela"", ""balimela""]",geolocations-indian-cities
city_1271985,Etikoppaka,etikoppaka,,17.5,82.73333,12000,"[""etikopp?ka""]",geolocations-indian-cities
city_8593959,Dayapar,dayapar,,23.63371,68.90192,12000,[],geolocations-indian-cities
city_1273847,Colva,colva,,15.27976,73.92285,12000,"[""kolva"", ""?????""]",geolocations-indian-cities
city_1267660,Karumbakkam,karumbakkam,,12.70203,80.0911,11992,"[""karumb?kkam"", ""karumbakham""]",geolocations-indian-cities
city_1274961,Cavelossim,cavelossim,,15.17255,73.94194,11983,"[""caveloesim"", ""??????????"", ""kavelossim""]",geolocations-indian-cities
city_1268004,Kanodar,kanodar,,24.08932,72.39354,11953,"[""k?nodar""]",geolocations-indian-cities
city_1275354,Bolanikhodan,bolanikhodan,,22.11312,85.33645,11942,"[""bolani"", ""bol?ni"", ""bol?n?khod?n""]",geolocations-indian-cities
city_1258788,Rajur,rajur,,20.11087,78.89311,11934,"[""r?jur""]",geolocations-indian-cities
city_1268610,Kaintragarh,kaintragarh,,20.72115,84.53514,11918,"[""kaintar?garh"", ""athmallik"", ""athmalik"", ""kaintaragarh""]",geolocations-indian-cities
city_1273287,Delvada,delvada,,20.77544,71.04646,11912,"[""delv?da""]",geolocations-indian-cities
city_1253901,Uklana,uklana,,29.51124,75.87823,11908,"[""uklana mandi"", ""ukl?na""]",geolocations-indian-cities
city_6697165,Canacona,canacona,,14.9959,74.05056,11900,"[""????????"", ""kanakona""]",geolocations-indian-cities
city_1253815,Umrala,umrala,,21.84353,71.80305,11874,[],geolocations-indian-cities
city_1278189,Atraulia,atraulia,,26.3333,82.94727,11847,"[""atrauliya"", ""atrauli?""]",geolocations-indian-cities
city_1264050,Mallapuram,mallapuram,,11.98231,78.24796,11837,"[""manapuram"", ""mall?puram""]",geolocations-indian-cities
city_1256072,Sirmaur,sirmaur,,24.83648,81.36448,11812,[],geolocations-indian-cities
city_1258447,Ranir Bazar,ranir bazar,,23.83463,91.36614,11810,[],geolocations-indian-cities
city_1259540,Pirawa,pirawa,,24.15506,76.02728,11790,"[""pir?wa""]",geolocations-indian-cities
city_1348791,Gobindapur,gobindapur,,22.59306,88.09139,11781,[],geolocations-indian-cities
city_1275713,Bihpuriagaon,bihpuriagaon,,27.01718,93.91673,11780,[],geolocations-indian-cities
city_1259413,Ponnamaravati,ponnamaravati,,10.28032,78.53601,11741,"[""ponnamar?vati"", ""ponnamaravathy""]",geolocations-indian-cities
city_1257298,Sapatgram,sapatgram,,26.33732,90.1236,11714,"[""sapatgr?m""]",geolocations-indian-cities
city_1267112,Khallikot,khallikot,,19.60908,85.08609,11698,"[""khallikote"", ""kallikota"", ""kullikota""]",geolocations-indian-cities
city_1257347,Sanquelim,sanquelim,,15.56422,74.00799,11698,[],geolocations-indian-cities
city_1255478,Sumbal,sumbal,,34.23072,74.6472,11695,[],geolocations-indian-cities
city_1269947,Hosakote,hosakote,,14.27603,77.16827,11692,"[""hoskote""]",geolocations-indian-cities
city_1269525,Jainpur,jainpur,,26.15389,83.33505,11674,"[""jianpur"", ""jiyanpur"", ""j?anpur""]",geolocations-indian-cities
city_1262284,Naduvattam,naduvattam,,11.48075,76.54365,11674,[],geolocations-indian-cities
city_1260606,Panamaram,panamaram,,11.74014,76.07369,11651,[],geolocations-indian-cities
city_1277008,Barela,barela,,23.09678,80.05084,11648,"[""barel?""]",geolocations-indian-cities
city_1275466,Bishnah,bishnah,,32.6106,74.85557,11645,"[""bishna"", ""bishn?h""]",geolocations-indian-cities
city_1260548,Pandhana,pandhana,,21.69816,76.22487,11626,"[""pandh?na""]",geolocations-indian-cities
city_1260407,Papparappatti,papparappatti,,12.22086,78.0592,11617,"[""p?pp?rappatti"", ""papparapatti""]",geolocations-indian-cities
city_1254302,Titron,titron,,29.66824,77.32391,11569,[],geolocations-indian-cities
city_1264244,Majholi,majholi,,23.50114,79.92396,11553,"[""majhol?""]",geolocations-indian-cities
city_1253504,Valangaiman,valangaiman,,10.89012,79.39322,11550,[],geolocations-indian-cities
city_1260064,Patrasaer,patrasaer,,23.19697,87.53319,11520,"[""patrassyar"", ""p?tras?er""]",geolocations-indian-cities
city_1265933,Kottaiyur,kottaiyur,,10.10956,78.7956,11519,"[""kottaiy?r""]",geolocations-indian-cities
city_1272660,Dhuwaran,dhuwaran,,22.23779,72.7591,11473,"[""dhuvaran""]",geolocations-indian-cities
city_1348776,Masila,masila,,22.58083,88.23278,11461,[],geolocations-indian-cities
city_1264297,Maindargi,maindargi,,17.45739,76.2932,11444,[],geolocations-indian-cities
city_1253751,Uniara,uniara,,26.15336,75.21523,11441,"[""uniy?ra khurd"", ""uni?ra"", ""uniyara khurd""]",geolocations-indian-cities
city_1260281,Parnera,parnera,,20.56101,72.94846,11434,[],geolocations-indian-cities
city_1279318,Aduthurai,aduthurai,,11.01542,79.48093,11433,[],geolocations-indian-cities
city_1259292,Pudur,pudur,,12.99801,79.14352,11432,[],geolocations-indian-cities
city_1273637,Dalmau,dalmau,,26.06477,81.0298,11432,[],geolocations-indian-cities
city_1261832,Narayanavanam,narayanavanam,,13.42565,79.58881,11432,"[""n?r?yanavanam""]",geolocations-indian-cities
city_1271621,Ganjam,ganjam,,19.38705,85.05079,11429,"[""ganj?m"", ""canjam""]",geolocations-indian-cities
city_1278344,Arumbavur,arumbavur,,11.38096,78.72965,11419,"[""arumb?v?r"", ""arumbvur""]",geolocations-indian-cities
city_1273367,Davorlim,davorlim,,15.27221,73.99242,11417,[],geolocations-indian-cities
city_1262504,Mundi,mundi,,22.06693,76.49326,11409,[],geolocations-indian-cities
city_1279062,Alanganallur,alanganallur,,10.04697,78.09033,11400,"[""alang?nall?r""]",geolocations-indian-cities
city_1265234,Lakhna,lakhna,,26.64822,79.1477,11389,"[""dakhna"", ""lakhn?"", ""dakhn?""]",geolocations-indian-cities
city_1270827,Gua,gua,,22.21361,85.38774,11388,[],geolocations-indian-cities
city_1263795,Mangalam,mangalam,,9.76473,78.64037,11379,"[""mungalum""]",geolocations-indian-cities
city_1271948,Faridnagar,faridnagar,,28.76923,77.62934,11371,"[""far?dnagar""]",geolocations-indian-cities
city_1277863,Bagra,bagra,,23.73333,86.31667,11364,[],geolocations-indian-cities
city_1277135,Baragaon,baragaon,,25.42936,82.81709,11362,"[""bar?gaon""]",geolocations-indian-cities
city_1271285,Ghogha,ghogha,,21.68813,72.2763,11361,"[""gogha"", ""cogna""]",geolocations-indian-cities
city_1267331,Kelamangalam,kelamangalam,,12.60307,77.85193,11328,"[""kelamnagalam""]",geolocations-indian-cities
city_1252714,Yol,yol,,32.16423,76.19622,11314,[],geolocations-indian-cities
city_1269792,Ilampillai,ilampillai,,11.60659,78.00676,11308,[],geolocations-indian-cities
city_1265472,Kurud,kurud,,20.83073,81.72212,11290,[],geolocations-indian-cities
city_1279110,Akodia,akodia,,23.38027,76.59875,11278,[],geolocations-indian-cities
city_1258714,Rambha,rambha,,19.51667,85.1,11276,[],geolocations-indian-cities
city_1256117,Sinor,sinor,,21.91117,73.33974,11267,[],geolocations-indian-cities
city_1269811,Idukki,idukki,,9.85,76.96667,11248,"[""idiaki"", ""idikki""]",geolocations-indian-cities
city_1278682,Anandnagar,anandnagar,,27.10062,83.27156,11220,"[""pharenda""]",geolocations-indian-cities
city_1276983,Barghat,barghat,,22.03065,79.7328,11219,"[""bargh?t""]",geolocations-indian-cities
city_1257887,Sadat,sadat,,25.67117,83.30269,11211,"[""s?d?t""]",geolocations-indian-cities
city_1276922,Barkhera Kalan,barkhera kalan,,28.45209,79.80655,11209,"[""barkhera kala"", ""barkhera"", ""barkhera kal?n""]",geolocations-indian-cities
city_1274735,Chandla,chandla,,25.07148,80.19294,11195,[],geolocations-indian-cities
city_1260447,Pansemal,pansemal,,21.65981,74.69937,11183,"[""p?nsem?l"", ""p?nsemal""]",geolocations-indian-cities
city_1272446,Dohrighat,dohrighat,,26.27217,83.50916,11180,"[""dohr?gh?t"", ""dohrigh?t""]",geolocations-indian-cities
city_1259261,Puliyur,puliyur,,10.63375,78.84139,11174,"[""puliy?r""]",geolocations-indian-cities
city_1272634,Digapahandi,digapahandi,,19.37275,84.57184,11166,"[""digapanahdi""]",geolocations-indian-cities
city_1265205,Lakshettipet,lakshettipet,,18.86667,79.21667,11162,"[""lakhsetipet""]",geolocations-indian-cities
city_1277795,Bahsuma,bahsuma,,29.20063,77.97221,11157,"[""bahs?ma""]",geolocations-indian-cities
city_1274457,Chechat,chechat,,24.76667,75.88333,11138,[],geolocations-indian-cities
city_1278006,Badarwas,badarwas,,24.97516,77.5649,11133,"[""badarw?s""]",geolocations-indian-cities
city_1441210,Chhutmalpur,chhutmalpur,,30.03209,77.75329,11127,[],geolocations-indian-cities
city_1275474,Bisenda Buzurg,bisenda buzurg,,25.4035,80.61889,11100,"[""bisanda"", ""bisenda""]",geolocations-indian-cities
city_1274406,Cherrapunji,cherrapunji,,25.30089,91.69619,11090,"[""\u00e7erapunci"", ""??????"", ""cirapunji"", ""cherapundzi"", ""cherrapundzhi"", ""tshyrabwnjy"", ""?\u00e9r\u00e1pu?d\u009e\u00ed"", ""cherapundzhi"", ""cerapunci"", ""cirapunci"", ""??????????"", ""cerapundzi"", ""czerapundzi"", ""???????????"", ""cerapumji"", ""cherripunji"", ""?erapund\u009eis"", ""qi la peng qi"", ""cherapunjee"", ""chelapunji"", ""cerapundzis"", ""cherapunji"", ""????"", ""cora"", ""che la pan zhi"", ""czerapu?d?i"", ""?????????"", ""cherrapunjee"", ""cerapunji"", ""????????""]",geolocations-indian-cities
city_1274383,Cheyyur,cheyyur,,12.34948,80.00304,11060,"[""chaeur"", ""cheyur"", ""chey?r"", ""cheyy?r""]",geolocations-indian-cities
city_1274229,Chikitigarh,chikitigarh,,19.20233,84.6145,11055,"[""ch?kati"", ""chikati"", ""chikiti""]",geolocations-indian-cities
city_1257737,Saitlaw,saitlaw,,23.97187,92.57454,11043,"[""saitual"", ""s?itlaw""]",geolocations-indian-cities
city_1267428,Kattupputtur,kattupputtur,,10.99385,78.21929,11040,"[""k?ttupputt?r"", ""kattuputtur"", ""katuputur"", ""k?ttuputt?r""]",geolocations-indian-cities
city_1278008,Badarpur,badarpur,,24.86852,92.59606,11028,[],geolocations-indian-cities
city_1257005,Satrikh,satrikh,,26.86045,81.19567,11023,[],geolocations-indian-cities
city_1260555,Pandatarai,pandatarai,,22.18714,81.32815,11000,"[""p?nd?tarai""]",geolocations-indian-cities
city_1257178,Sargur,sargur,,11.99971,76.39611,10983,"[""sarg?r""]",geolocations-indian-cities
city_1268893,Jiran,jiran,,24.30871,74.89087,10982,"[""j?ran""]",geolocations-indian-cities
city_1256747,Shahapur,shahapur,,19.45231,73.32572,10965,"[""sh?h?pur""]",geolocations-indian-cities
city_1270854,Govindgarh,govindgarh,,27.50423,76.99938,10955,[],geolocations-indian-cities
city_1265190,Lala,lala,,24.55418,92.61592,10942,"[""l?la""]",geolocations-indian-cities
city_1271052,Gola Bazar,gola bazar,,26.3446,83.35303,10936,"[""gola b?z?r""]",geolocations-indian-cities
city_1348583,Kesabpur,kesabpur,,22.96833,88.26278,10921,[],geolocations-indian-cities
city_1273371,Daurala,daurala,,29.11344,77.70467,10915,"[""daur?la""]",geolocations-indian-cities
city_1271663,Gangavalli,gangavalli,,11.49828,78.64966,10905,[],geolocations-indian-cities
city_1270798,Gudlavalleru,gudlavalleru,,16.35,81.05,10902,[],geolocations-indian-cities
city_1436767,Kheri Sampla,kheri sampla,,28.7781,76.7756,10891,[],geolocations-indian-cities
city_1261844,Narasingapuram,narasingapuram,,13.60759,79.31652,10875,[],geolocations-indian-cities
city_1262183,Nagothana,nagothana,,18.54225,73.13493,10866,"[""n?gothana"", ""nagothna""]",geolocations-indian-cities
city_1253992,Udayagiri,udayagiri,,20.12416,84.36869,10865,"[""ghumusar udayagiri"", ""udaigiri""]",geolocations-indian-cities
city_1260706,Paliyad,paliyad,,22.25757,71.56024,10862,"[""p?liy?d"", ""paliad""]",geolocations-indian-cities
city_1253147,Viraganur,viraganur,,11.47613,78.73553,10854,[],geolocations-indian-cities
city_1268874,Jobner,jobner,,26.97257,75.38752,10828,[],geolocations-indian-cities
city_1255791,Sonamura,sonamura,,23.47547,91.2659,10821,"[""son?mura""]",geolocations-indian-cities
city_1268398,Kanina Khas,kanina khas,,28.33093,76.31099,10815,"[""kanina"", ""kal?na kh?s"", ""kalina khas"", ""kan?na kh?s""]",geolocations-indian-cities
city_1272508,Dispur,dispur,,26.13564,91.80069,10812,"[""??????"", ""dispuras"", ""disupuru"", ""diseupuleu"", ""???????"", ""di si pu er"", ""????????"", ""dichapura"", ""????"", ""tispur"", ""dishpur"", ""?????"", ""disapura""]",geolocations-indian-cities
city_1257765,Sailana,sailana,,23.46219,74.92318,10810,"[""sail?na""]",geolocations-indian-cities
city_1270529,Hajan,hajan,,34.29895,74.61681,10800,"[""h?jan""]",geolocations-indian-cities
city_1279161,Ajjampur,ajjampur,,13.72794,76.0068,10795,[],geolocations-indian-cities
city_1277769,Baikunthpur,baikunthpur,,23.26206,82.56051,10790,"[""baikunthapur""]",geolocations-indian-cities
city_1268875,Jobat,jobat,,22.41599,74.56828,10785,[],geolocations-indian-cities
city_1271692,Gangaikondan,gangaikondan,,8.85785,77.78019,10779,"[""gangaikond?n"", ""gangalkondan"", ""gaingundaun""]",geolocations-indian-cities
city_1278987,Allapalli,allapalli,,19.43172,80.06377,10772,"[""all?palli"", ""al?pillai"", ""alapillai""]",geolocations-indian-cities
city_1277874,Bagli,bagli,,22.64124,76.34877,10764,"[""b?gli""]",geolocations-indian-cities
city_1274380,Chhachhrauli,chhachhrauli,,30.24492,77.36027,10751,[],geolocations-indian-cities
city_1268399,Kalinagar,kalinagar,,28.62019,80.08152,10728,"[""k?l?nagar""]",geolocations-indian-cities
city_1263942,Manavalakurichi,manavalakurichi,,8.14776,77.30552,10720,"[""manav?lakurichi""]",geolocations-indian-cities
city_1258242,Rehti,rehti,,22.73781,77.43399,10716,"[""rheti""]",geolocations-indian-cities
city_1258731,Ramanuj Ganj,ramanuj ganj,,23.80637,83.69981,10701,"[""r?m?nuj ganj""]",geolocations-indian-cities
city_1260249,Parshadepur,parshadepur,,26.07354,81.49207,10690,[],geolocations-indian-cities
city_1267390,Kavaratti,kavaratti,,10.56688,72.64203,10688,"[""kw ratti"", ""kabaratti"", ""?????"", ""kavarati"", ""??????"", ""kabalati"", ""??????????"", ""????????"", ""ka wa la di"", ""?????????"", ""kwaraty"", ""kabharetti"", ""????"", ""atol kavaraci"", ""kavaratis"", ""???????"", ""???? ????????"", ""kabarati""]",geolocations-indian-cities
city_1258537,Ranapur,ranapur,,22.64704,74.52118,10675,"[""r?n?pur"", ""r?napur""]",geolocations-indian-cities
city_1275859,Bhulath Gharbi,bhulath gharbi,,31.54279,75.50755,10669,"[""bholath""]",geolocations-indian-cities
city_1276955,patamda,patamda,,24.3,85.41667,10655,[],geolocations-indian-cities
city_1259875,Periyapatti,periyapatti,,10.75812,77.27087,10647,[],geolocations-indian-cities
city_1275053,Buriya,buriya,,30.15911,77.35814,10641,[],geolocations-indian-cities
city_1272996,Dhana,dhana,,23.74697,78.86234,10641,"[""dh?na""]",geolocations-indian-cities
city_1265740,Kulattur,kulattur,,9.0032,78.1928,10632,"[""kulathur"", ""kulatt?r""]",geolocations-indian-cities
city_1256796,Serula,serula,,15.54774,73.84329,10631,[],geolocations-indian-cities
city_1255127,Talgram,talgram,,27.04753,79.64811,10629,"[""t?lgr?m""]",geolocations-indian-cities
city_1279059,Alangudi,alangudi,,10.3606,78.98492,10617,"[""?langudi""]",geolocations-indian-cities
city_1275426,Bithur,bithur,,26.60664,80.27098,10602,[],geolocations-indian-cities
city_1257264,Sarai Ekdil,sarai ekdil,,26.74442,79.09353,10594,"[""sar?i ekdil""]",geolocations-indian-cities
city_1254177,Trimbak,trimbak,,19.93268,73.52907,10590,[],geolocations-indian-cities
city_1262062,Naliya,naliya,,23.26058,68.82655,10587,[],geolocations-indian-cities
city_1252998,Walajabad,walajabad,,12.79041,79.82358,10543,"[""dandei s?varam"", ""dandei sivaram"", ""wallajahbad"", ""w?l?j?b?d""]",geolocations-indian-cities
city_1277614,Baldev,baldev,,27.40684,77.82214,10536,"[""baldeo"", ""d??ji"", ""dauji""]",geolocations-indian-cities
city_1264567,Madhogarh,madhogarh,,26.27522,79.1859,10530,"[""m?dhogarh""]",geolocations-indian-cities
city_1264041,Mallur,mallur,,11.54424,78.14078,10524,"[""m?ll?r""]",geolocations-indian-cities
city_7303913,Pavuluru,pavuluru,,15.85292,80.16468,10524,[],geolocations-indian-cities
city_1263201,Meghraj,meghraj,,23.49805,73.51352,10498,"[""meghr?j""]",geolocations-indian-cities
city_1255844,Solim,solim,,15.61521,73.7674,10480,"[""siolim""]",geolocations-indian-cities
city_1263557,Marandahalli,marandahalli,,12.38826,78.00316,10480,"[""marandahally"", ""m?r?ndahalli""]",geolocations-indian-cities
city_1253177,Vikravandi,vikravandi,,12.0369,79.54595,10449,"[""vikrav?ndi""]",geolocations-indian-cities
city_1262891,Mohgaon,mohgaon,,21.63941,78.73638,10446,[],geolocations-indian-cities
city_1277247,Banposh,banposh,,22.24834,84.81044,10430,"[""b?nposi"", ""banposi"", ""b?nposh"", ""panposh""]",geolocations-indian-cities
city_1279373,Adalaj,adalaj,,23.16453,72.58107,10423,[],geolocations-indian-cities
city_1276463,Beniganj,beniganj,,27.29293,80.44364,10418,"[""ben?ganj""]",geolocations-indian-cities
city_1258190,Revadanda,revadanda,,18.55363,72.92559,10416,"[""revdanda""]",geolocations-indian-cities
city_1271534,Gariaband,gariaband,,20.63323,82.06221,10416,"[""gari?band""]",geolocations-indian-cities
city_1254442,Tindwari,tindwari,,25.61739,80.52718,10406,"[""tindw?ri""]",geolocations-indian-cities
city_1262196,Nagireddipalli,nagireddipalli,,14.27005,79.10131,10392,"[""n?gireddipalli"", ""nagireddipalle""]",geolocations-indian-cities
city_1269685,Isagarh,isagarh,,24.83906,77.88274,10365,"[""is?garh""]",geolocations-indian-cities
city_1278921,Amanpur,amanpur,,27.71222,78.73788,10362,"[""am?npur""]",geolocations-indian-cities
city_1276568,Belaguntha,belaguntha,,19.88249,84.63801,10360,[],geolocations-indian-cities
city_1265452,Kushalgarh,kushalgarh,,23.19899,74.45074,10349,[],geolocations-indian-cities
city_1261107,Nyamti,nyamti,,14.14869,75.57641,10338,"[""ny?mti"", ""nyamati"", ""ny?mati""]",geolocations-indian-cities
city_1261262,Niwari,niwari,,28.87611,77.5382,10330,"[""niw?ri""]",geolocations-indian-cities
city_1262452,Muragacha,muragacha,,23.53631,88.39425,10324,"[""muragachha"", ""murag?cha""]",geolocations-indian-cities
city_1264569,Madhoganj,madhoganj,,27.11807,80.14058,10299,"[""m?dhoganj"", ""hardoi""]",geolocations-indian-cities
city_1259259,Pullambadi,pullambadi,,10.9411,78.91041,10288,"[""pullamb?di"", ""pullampadi""]",geolocations-indian-cities
city_1253381,Vartej,vartej,,21.73947,72.06553,10271,[],geolocations-indian-cities
city_1270286,Harrai,harrai,,22.61428,79.22207,10250,[],geolocations-indian-cities
city_1262083,Nalagarh,nalagarh,,31.04168,76.72285,10249,"[""n?l?garh""]",geolocations-indian-cities
city_1277793,Bahua,bahua,,25.83942,80.62255,10243,[],geolocations-indian-cities
city_1274267,Chichli,chichli,,22.83363,78.82611,10225,[],geolocations-indian-cities
city_1276472,Benaulim,benaulim,,15.26435,73.92812,10224,"[""????????""]",geolocations-indian-cities
city_1465595,Chinnasekkadu,chinnasekkadu,,13.16089,80.25727,10220,[],geolocations-indian-cities
city_1254222,Tori-Fatehpur,tori-fatehpur,,25.45505,79.11428,10210,[],geolocations-indian-cities
city_1266668,Khonsa,khonsa,,27.01667,95.56667,10187,"[""khela"", ""horu khunma""]",geolocations-indian-cities
city_1261906,Nannilam,nannilam,,10.87933,79.61062,10180,[],geolocations-indian-cities
city_1254972,Tankara,tankara,,22.65622,70.74945,10175,"[""tank?ra""]",geolocations-indian-cities
city_1276616,Begowal,begowal,,31.61152,75.52135,10175,"[""begow?l"", ""begowala""]",geolocations-indian-cities
city_1266513,Kiranur,kiranur,,10.56988,78.78682,10133,[],geolocations-indian-cities
city_1256063,Sirpur,sirpur,,19.47953,79.57558,10116,"[""sirpur-tandura""]",geolocations-indian-cities
city_1263010,Mirik,mirik,,26.88817,88.19007,10109,[],geolocations-indian-cities
city_1263648,Manohar Thana,manohar thana,,24.24,76.80182,10100,"[""manohar th?na""]",geolocations-indian-cities
city_1260232,Partapur,partapur,,23.59276,74.17396,10080,"[""partapor"", ""part?pur""]",geolocations-indian-cities
city_1268449,Kalavai,kalavai,,12.77029,79.41999,10057,"[""kalaval""]",geolocations-indian-cities
city_1269548,Jahangirpur,jahangirpur,,28.17919,77.70501,10042,"[""jah?ng?rpur""]",geolocations-indian-cities
city_1269567,Jagnair,jagnair,,26.8636,77.60231,10023,[],geolocations-indian-cities
city_1253947,Udpura,udpura,,24.73355,75.97514,10014,[],geolocations-indian-cities
city_1267357,Kayattar,kayattar,,8.94834,77.77424,10007,"[""kayatar"", ""kayatt?r""]",geolocations-indian-cities
city_1270448,Hampi,hampi,,15.3352,76.4603,10000,"[""khampi"", ""hamby"", ""heng bi"", ""??????"", ""hampis"", ""hampy"", ""hanpi"", ""??"", ""???"", ""????"", ""conjunto monumental de hampi"", ""?????"", ""hampe""]",geolocations-indian-cities
city_7180617,vadlamuru,vadlamuru,,17.09545,82.16565,10000,[],geolocations-indian-cities
city_1273383,Daulatabad,daulatabad,,19.93611,75.22148,10000,"[""??????????"", ""daulat?b?d""]",geolocations-indian-cities
city_1253308,Velankanni,velankanni,,10.68333,79.83333,10000,"[""???????????"", ""velangann"", ""vailankanni"", ""vel?nganni"", ""velanganni""]",geolocations-indian-cities
city_1278464,Arambol,arambol,,15.68681,73.70449,10000,"[""????????"", ""arambol'""]",geolocations-indian-cities
city_1264217,Makhjan,makhjan,,17.2698,73.50031,10000,[],geolocations-indian-cities
city_1258747,Ramamangalam,ramamangalam,,9.93333,76.5,9999,"[""r?mamangalam""]",geolocations-indian-cities
city_1264860,Lodhikheda,lodhikheda,,21.58235,78.85911,9994,"[""lodh?kheda"", ""lodh?khed?"", ""lodh?khera"", ""lodhikhera""]",geolocations-indian-cities
city_1267680,Karrapur,karrapur,,23.94891,78.86584,9993,"[""karr?pur""]",geolocations-indian-cities
city_1271616,Ganj Muradabad,ganj muradabad,,26.95733,80.184,9970,"[""ganj mur?d?b?d"", ""mur?d?bad patti"", ""muradabad patti""]",geolocations-indian-cities
city_1276374,Bhabhra,bhabhra,,22.53048,74.32846,9965,"[""bh?bhra"", ""bh?bra"", ""bhabra""]",geolocations-indian-cities
city_1266632,Khujner,khujner,,23.78597,76.61773,9950,[],geolocations-indian-cities
city_1274761,Chandbali,chandbali,,20.77519,86.74139,9918,"[""ch?ndb?li""]",geolocations-indian-cities
city_1261915,Nangavalli,nangavalli,,11.76189,77.89093,9902,"[""nangavelli""]",geolocations-indian-cities
city_1265923,Kottapalli,kottapalli,,18.49543,79.0943,9899,[],geolocations-indian-cities
city_1271074,Gohpur,gohpur,,26.88184,93.6156,9896,[],geolocations-indian-cities
city_1436610,Chima,chima,,30.6854,76.08643,9894,[],geolocations-indian-cities
city_1254374,Tirumakudal Narsipur,tirumakudal narsipur,,12.21207,76.9018,9890,"[""tirumak?dal narsipur""]",geolocations-indian-cities
city_1269165,Jasrana,jasrana,,27.23587,78.65244,9883,"[""jasr?na""]",geolocations-indian-cities
city_1348872,Bawali,bawali,,22.42563,88.19336,9868,[],geolocations-indian-cities
city_1262168,Nagram,nagram,,26.61872,81.14043,9858,"[""nagr?m""]",geolocations-indian-cities
city_1266477,Kishni,kishni,,27.02487,79.262,9852,[],geolocations-indian-cities
city_1272023,Eraniel,eraniel,,8.20589,77.31726,9844,[],geolocations-indian-cities
city_1348694,Begampur,begampur,,22.7307,88.25764,9831,[],geolocations-indian-cities
city_7302858,Sarupathar,sarupathar,,26.206,96.81,9827,[],geolocations-indian-cities
city_1255130,Talen,talen,,23.56949,76.72821,9818,[],geolocations-indian-cities
city_1276857,Barsana,barsana,,27.64802,77.3764,9815,"[""bars?na""]",geolocations-indian-cities
city_1278516,Antri,antri,,26.05804,78.21027,9787,[],geolocations-indian-cities
city_1271714,Gandhi Nagar,gandhi nagar,,13.00639,80.25417,9773,"[""g?ndh? nagar"", ""gandhinagao""]",geolocations-indian-cities
city_1263677,Mankapur,mankapur,,27.05189,82.22961,9746,"[""mank?pur""]",geolocations-indian-cities
city_1259290,Puduvayal,puduvayal,,13.33015,80.14577,9742,"[""puduv?yal""]",geolocations-indian-cities
city_1277671,Bakshwaho,bakshwaho,,24.25106,79.28618,9734,"[""bakswaho"", ""buxwaha"", ""bakshw?ho"", ""baksw?ho""]",geolocations-indian-cities
city_1268355,Kallupatti,kallupatti,,9.71667,77.86667,9725,[],geolocations-indian-cities
city_1266503,Kiri Buru,kiri buru,,22.08333,85.35,9719,[],geolocations-indian-cities
city_1270336,Haringhata,haringhata,,22.96474,88.57451,9705,"[""haringh?ta"", ""harringhatta""]",geolocations-indian-cities
city_1260933,Paddhari,paddhari,,22.43654,70.60162,9701,[],geolocations-indian-cities
city_1348600,Ramchandrapur,ramchandrapur,,22.89639,88.47528,9664,"[""r?mchandrapur""]",geolocations-indian-cities
city_1278373,Noria,noria,,32.52095,74.79845,9662,"[""arn?a"", ""arnia"", ""nor?a""]",geolocations-indian-cities
city_1263418,Masinigudi,masinigudi,,11.56831,76.64087,9642,"[""masnigudi""]",geolocations-indian-cities
city_1276388,Betul Bazar,betul bazar,,21.85572,77.92913,9640,"[""betul"", ""bet?l baz?r"", ""bet?l b?z?r""]",geolocations-indian-cities
city_1265974,Kot Isa Khan,kot isa khan,,30.94659,75.1378,9639,"[""kot-ise-khan"", ""kot ?sa kh?n"", ""kot \u00efsa kh?n""]",geolocations-indian-cities
city_1273347,Debipur,debipur,,24.25029,88.61824,9613,[],geolocations-indian-cities
city_1263104,Mettuppalaiyam,mettuppalaiyam,,11.16806,78.44944,9587,"[""mettupalayam"", ""mettupp?laiyam""]",geolocations-indian-cities
city_1272001,Erumaippatti,erumaippatti,,11.14671,78.28996,9585,[],geolocations-indian-cities
city_1266926,Khargupur,khargupur,,27.37611,81.9882,9576,[],geolocations-indian-cities
city_1267754,Karimpur,karimpur,,23.97594,88.61917,9565,"[""kar?mpur""]",geolocations-indian-cities
city_1266222,Konanur,konanur,,12.63016,76.05037,9555,"[""konan?r""]",geolocations-indian-cities
city_1275363,Bokakhat,bokakhat,,26.64018,93.60052,9554,"[""bok?kh?t""]",geolocations-indian-cities
city_1264490,Mahaban,mahaban,,27.43262,77.74338,9514,"[""mah?ban""]",geolocations-indian-cities
city_1271582,Garautha,garautha,,25.5719,79.29764,9489,[],geolocations-indian-cities
city_1274822,Champua,champua,,22.06734,85.66463,9487,"[""ch?mpua""]",geolocations-indian-cities
city_1270127,Harbatpur,harbatpur,,30.43863,77.74058,9478,"[""herbertpur""]",geolocations-indian-cities
city_7290222,Periyapattinam,periyapattinam,,9.27263,78.90232,9478,"[""?????????????""]",geolocations-indian-cities
city_1270056,Hiranagar,hiranagar,,32.45493,75.27187,9446,"[""h?r?nagar"", ""hir?nagar""]",geolocations-indian-cities
city_1261120,Nurpur Kalan,nurpur kalan,,31.16667,76.48333,9437,"[""n?rpur kal?n"", ""n?rpur"", ""nurpur""]",geolocations-indian-cities
city_1259017,Raia,raia,,15.30499,73.97096,9421,[],geolocations-indian-cities
city_1267105,Khamanon Kalan,khamanon kalan,,30.81725,76.35478,9396,"[""khamanon"", ""kham?non"", ""kham?non kal?n""]",geolocations-indian-cities
city_1262435,Murgud,murgud,,16.39604,74.19142,9395,"[""murg?d""]",geolocations-indian-cities
city_1262134,Naigarhi,naigarhi,,24.78686,81.77868,9391,"[""niagurhi"", ""naigarh?"", ""na?garhi""]",geolocations-indian-cities
city_1253796,Umri,umri,,26.51056,78.93667,9364,[],geolocations-indian-cities
city_1270192,Hatod,hatod,,22.79378,75.73928,9349,"[""h?tod""]",geolocations-indian-cities
city_1263087,Mhasla,mhasla,,18.1334,73.11162,9331,"[""mhusla""]",geolocations-indian-cities
city_1262658,Mudgere,mudgere,,13.13353,75.6416,9322,"[""mudigere""]",geolocations-indian-cities
city_1276756,Basna,basna,,21.27885,82.8267,9305,[],geolocations-indian-cities
city_1263888,Mandasa,mandasa,,18.8683,84.46296,9287,"[""????""]",geolocations-indian-cities
city_1278869,Ambagarh Chauki,ambagarh chauki,,20.77644,80.74608,9265,"[""amb?garh chauki"", ""ambagarh-chowki""]",geolocations-indian-cities
city_1270806,Gudibanda,gudibanda,,13.67099,77.70414,9255,[],geolocations-indian-cities
city_1259898,Peraiyur,peraiyur,,9.73579,77.78955,9244,"[""peraiy?r"", ""paryur""]",geolocations-indian-cities
city_1271956,Farah,farah,,27.32081,77.76185,9236,[],geolocations-indian-cities
city_1262020,Namli,namli,,23.46115,75.06036,9235,[],geolocations-indian-cities
city_1268215,Kampil,kampil,,27.61268,79.27687,9200,"[""ka mu pi er"", ""kampila"", ""??????"", ""????"", ""?????"", ""???????"", ""kmply""]",geolocations-indian-cities
city_1274989,Candolim,candolim,,15.51807,73.76259,9197,[],geolocations-indian-cities
city_1272027,Eral,eral,,8.62584,78.02282,9187,[],geolocations-indian-cities
city_1268084,Kangar,kangar,,32.09135,76.26267,9158,"[""kangra"", ""k?ngra"", ""k?ngar""]",geolocations-indian-cities
city_1273765,Dabhol,dabhol,,17.58971,73.18001,9142,"[""d?bhol""]",geolocations-indian-cities
city_1261444,Needamangalam,needamangalam,,10.77378,79.41875,9125,"[""nidamangalam"", ""n?d?m?ngalam""]",geolocations-indian-cities
city_1275866,Bhojudih,bhojudih,,23.63962,86.44105,9109,[],geolocations-indian-cities
city_1267448,Katra,katra,,32.99167,74.93195,9106,[],geolocations-indian-cities
city_1252702,Zafarabad,zafarabad,,25.69867,82.73354,9106,[],geolocations-indian-cities
city_1262689,Mowad,mowad,,21.46475,78.45103,9045,"[""mowar"", ""mow?d"", ""mow?r""]",geolocations-indian-cities
city_1277455,Bamna,bamna,,23.09454,74.76164,9034,"[""bamnia"", ""b?mnia""]",geolocations-indian-cities
city_1267280,Kenduadih,kenduadih,,23.77574,86.37609,9032,"[""kenduad?h""]",geolocations-indian-cities
city_1256146,Singoli,singoli,,24.96667,75.3,9030,[],geolocations-indian-cities
city_1255887,Sohagi,sohagi,,24.98181,81.69558,9009,"[""soh?g?"", ""soh?gi""]",geolocations-indian-cities
city_1270391,Haraiya,haraiya,,26.79477,82.46436,9000,[],geolocations-indian-cities
city_6621344,Puttaparthi,puttaparthi,,14.1652,77.8117,9000,"[""putapaleuti"", ""???????????"", ""????????????"", ""?????"", ""???????"", ""??????????"", ""puttaparuti"", ""puttaparti mandala"", ""?????????? ?????"", ""puttaparti"", ""puttapartti"", ""put"", ""????????""]",geolocations-indian-cities
city_1262369,Mustafabad,mustafabad,,30.2022,77.14873,8974,"[""mustaf?b?d""]",geolocations-indian-cities
city_1269801,Iklehra,iklehra,,23.14667,76.39044,8969,[],geolocations-indian-cities
city_1274450,Chelakara,chelakara,,10.69289,76.34387,8936,[],geolocations-indian-cities
city_1263692,Manjeshvar,manjeshvar,,12.71287,74.88857,8927,"[""bungar munjeshwar"", ""manjeshwara"", ""manjeshwar"", ""manj?shvar""]",geolocations-indian-cities
city_1266882,Kharod,kharod,,21.7442,82.5788,8926,[],geolocations-indian-cities
city_1274834,Champahati,champahati,,22.40026,88.49209,8923,"[""ch?mp?h?ti""]",geolocations-indian-cities
city_1263646,Manor,manor,,19.7244,72.90966,8918,"[""munnar"", ""manori""]",geolocations-indian-cities
city_1260683,Pallipattu,pallipattu,,13.3386,79.44489,8912,"[""pallipat""]",geolocations-indian-cities
city_1252756,Yelandur,yelandur,,12.04629,77.03034,8901,"[""yeland?r"", ""jagir"", ""j?g?r""]",geolocations-indian-cities
city_1264351,Mahroni,mahroni,,24.58624,78.72771,8898,"[""mahrauni""]",geolocations-indian-cities
city_1278943,Alwa Tirunagari,alwa tirunagari,,8.60635,77.93983,8887,"[""alvar tirunagari"", ""?lw?r tirunagari"", ""alwar tirunagari""]",geolocations-indian-cities
city_1256820,Seorinarayan,seorinarayan,,21.72055,82.59344,8880,"[""seorinaryan"", ""seor?n?r?yan""]",geolocations-indian-cities
city_1268010,Kannavam,kannavam,,11.8445,75.66266,8880,[],geolocations-indian-cities
city_1257326,Santokhgarh,santokhgarh,,31.35205,76.31775,8877,"[""santokgarh""]",geolocations-indian-cities
city_1254400,Tirodi,tirodi,,21.68522,79.71906,8870,[],geolocations-indian-cities
city_1253115,Virpur,virpur,,23.1892,73.47987,8866,[],geolocations-indian-cities
city_1267964,Kantilo,kantilo,,20.36152,85.19212,8861,[],geolocations-indian-cities
city_1260410,Papireddippatti,papireddippatti,,11.91774,78.36865,8852,"[""p?pireddippatti"", ""papireddipatti""]",geolocations-indian-cities
city_1465624,Manappakkam,manappakkam,,13.01083,80.16861,8851,[],geolocations-indian-cities
city_1278546,Annamalainagar,annamalainagar,,11.4,79.73333,8827,"[""annamalai"", ""ann?malainagar"", ""anamalainagar""]",geolocations-indian-cities
city_1254359,Tiruppalaikudi,tiruppalaikudi,,9.54606,78.91721,8824,"[""thiruppalaikudi"", ""tirupp?laikkudi"", ""tirupp?laikudi"", ""tirupalakudi"", ""tiruppalaikkudi""]",geolocations-indian-cities
city_1254536,Tikaitnagar,tikaitnagar,,26.94612,81.56583,8806,[],geolocations-indian-cities
city_1252810,Yairipok,yairipok,,24.67792,94.04767,8797,[],geolocations-indian-cities
city_1275980,Bhigvan,bhigvan,,18.3007,74.76701,8753,[],geolocations-indian-cities
city_1271444,Gawan,gawan,,28.41969,78.35186,8744,"[""gaw?n""]",geolocations-indian-cities
city_1277907,Bageshwar,bageshwar,,29.83738,79.77161,8708,"[""b?geshwar""]",geolocations-indian-cities
city_1265515,Kurgunta,kurgunta,,17.19321,77.35772,8682,[],geolocations-indian-cities
city_1348734,Parbatipur,parbatipur,,22.6625,88.22222,8657,[],geolocations-indian-cities
city_1277699,Bakani,bakani,,24.28624,76.23709,8621,"[""bak?ni""]",geolocations-indian-cities
city_1267370,Kawant,kawant,,22.09282,74.05078,8618,"[""kaw?nt"", ""kavant""]",geolocations-indian-cities
city_7279750,Parwanoo,parwanoo,,30.83716,76.96143,8609,[],geolocations-indian-cities
city_1263384,Mataundh,mataundh,,25.43594,80.15653,8591,[],geolocations-indian-cities
city_1259562,Pippara,pippara,,16.71667,81.55,8581,[],geolocations-indian-cities
city_1265184,Lalam,lalam,,9.71667,76.7,8571,"[""l?lam""]",geolocations-indian-cities
city_1264653,Machalpur,machalpur,,24.12767,76.31672,8556,"[""m?ohalpur"", ""m?chalpur"", ""maohalpur""]",geolocations-indian-cities
city_1266094,Korukollu,korukollu,,16.5,81.25,8543,[],geolocations-indian-cities
city_1465879,Nandambakkam,nandambakkam,,12.97795,80.06781,8540,[],geolocations-indian-cities
city_1265954,Kotra,kotra,,25.8077,79.30909,8534,[],geolocations-indian-cities
city_1271361,Gharghoda,gharghoda,,22.17427,83.3517,8512,[],geolocations-indian-cities
city_1272902,Dhanwar,dhanwar,,24.41074,85.98183,8512,"[""dhanw?r""]",geolocations-indian-cities
city_1261033,Orchha,orchha,,25.35192,78.64033,8500,"[""?????"", ""??????"", ""ao la qi ha"", ""\u00f3rcsha"", ""\u00f3r?ha"", ""orchkha"", ""orcsha"", ""orucha"", ""orachha"", ""oracha"", ""????"", ""orcha"", ""orchga"", ""orchh\u00e2""]",geolocations-indian-cities
city_1348615,Bagnan,bagnan,,22.93338,88.13856,8494,[],geolocations-indian-cities
city_1278796,Amguri,amguri,,26.81482,94.52614,8494,[],geolocations-indian-cities
city_1254645,Thanniyam,thanniyam,,10.41667,76.13333,8449,[],geolocations-indian-cities
city_1272771,Dhilwan,dhilwan,,31.51432,75.34574,8447,"[""dhilw?n""]",geolocations-indian-cities
city_1260786,Palamedu,palamedu,,10.10501,78.11336,8435,"[""p?lamedu""]",geolocations-indian-cities
city_1274927,Chail,chail,,25.42654,81.63198,8407,[],geolocations-indian-cities
city_1269495,Jaithari,jaithari,,23.20856,78.61487,8386,"[""jaith?ri""]",geolocations-indian-cities
city_1264322,Maibong,maibong,,25.30125,93.13811,8364,"[""maibang""]",geolocations-indian-cities
city_1279084,Alagapuram,alagapuram,,11.88705,78.91758,8345,[],geolocations-indian-cities
city_1259853,Perur,perur,,10.97519,76.91292,8341,"[""melai citamparam"", ""per?r""]",geolocations-indian-cities
city_1270357,Hariana,hariana,,31.63512,75.83887,8332,"[""hari?na""]",geolocations-indian-cities
city_1266189,Konganapuram,konganapuram,,11.57105,77.9004,8331,"[""kongan?puram""]",geolocations-indian-cities
city_1253471,Valpoy,valpoy,,15.53239,74.13671,8330,"[""valpoi"", ""valpoi town""]",geolocations-indian-cities
city_1278515,Antu,antu,,26.05654,81.90267,8316,[],geolocations-indian-cities
city_1268114,Kandri,kandri,,21.4203,79.27663,8315,"[""k?ndri""]",geolocations-indian-cities
city_1256181,Singapperumalkovil,singapperumalkovil,,12.75947,80.0075,8301,"[""singapperum?lkovil"", ""singaperumalkovil"", ""singaperumalkoil"", ""singaperum?lkovil""]",geolocations-indian-cities
city_1261076,Odugattur,odugattur,,12.76793,78.88304,8282,"[""udugattur"", ""odugathur"", ""udugatt?r"", ""odugatt?r""]",geolocations-indian-cities
city_1277613,Baldeogarh,baldeogarh,,24.75619,79.06715,8282,[],geolocations-indian-cities
city_1348870,Amtala,amtala,,22.37046,88.27864,8266,[],geolocations-indian-cities
city_1259914,Pennathur,pennathur,,12.24681,79.22592,8257,"[""penn?tt?r"", ""pennattur"", ""penn?thur""]",geolocations-indian-cities
city_1272444,Doiwala,doiwala,,30.17667,78.11659,8247,"[""doiw?la""]",geolocations-indian-cities
city_1262469,Munirabad,munirabad,,15.30928,76.3383,8246,"[""munir?b?d""]",geolocations-indian-cities
city_1272744,Dhola,dhola,,21.88129,71.77269,8206,[],geolocations-indian-cities
city_1265074,Lansdowne,lansdowne,,29.84183,78.68014,8198,[],geolocations-indian-cities
city_1260693,Pallattur,pallattur,,10.14609,78.80309,8186,"[""pallatur"", ""pallatt?r""]",geolocations-indian-cities
city_1258078,Rohru,rohru,,31.20269,77.75484,8160,[],geolocations-indian-cities
city_1269267,Jandiala Guru,jandiala guru,,31.56198,75.0277,8155,"[""jandi?la gur?"", ""jandi?la guru""]",geolocations-indian-cities
city_1254925,Tarabha,tarabha,,20.73252,83.67443,8155,"[""tarbha"", ""torba""]",geolocations-indian-cities
city_1271047,Golakganj,golakganj,,26.10216,89.82275,8124,"[""golakgans""]",geolocations-indian-cities
city_1253500,Azhikkal,azhikkal,,11.94043,75.30512,8117,"[""azhikal"", ""valapattanam"", ""valarpattanam"", ""baliapatam"", ""beliapatanam""]",geolocations-indian-cities
city_1258167,Riasi,riasi,,33.08115,74.83242,8101,"[""ri?si"", ""reasi""]",geolocations-indian-cities
city_1268308,Kalundri,kalundri,,18.9802,73.12708,8101,[],geolocations-indian-cities
city_1262392,Musafir-Khana,musafir-khana,,26.37837,81.79607,8081,"[""mus?fir-kh?na"", ""mus?firkh?na"", ""musafirkhana""]",geolocations-indian-cities
city_1278409,Arimalam,arimalam,,10.25498,78.88403,8048,[],geolocations-indian-cities
city_1276079,Bhatgaon,bhatgaon,,21.15,81.7,8044,[],geolocations-indian-cities
city_1254142,Tsrar Sharif,tsrar sharif,,33.86319,74.76524,8036,"[""charar-i-sharif"", ""cherar-i-sharif"", ""tsr?r shar?f"", ""tasrar sharif"", ""charar sharif"", ""tasr?r shar?f""]",geolocations-indian-cities
city_1257167,Sarila,sarila,,25.77579,79.67535,8012,"[""sar?la""]",geolocations-indian-cities
city_1269163,Jasrasar,jasrasar,,27.70701,73.81276,8000,[],geolocations-indian-cities
city_7303983,Jhulasan,jhulasan,,23.3286,72.47314,8000,[],geolocations-indian-cities
city_1277155,Bara Bazar,bara bazar,,22.56667,88.35,7985,"[""barabazar"", ""calcutta bara bazar""]",geolocations-indian-cities
city_1277450,Bamora,bamora,,24.05539,78.08925,7981,[],geolocations-indian-cities
city_1348947,Serpur,serpur,,22.32344,88.30775,7936,[],geolocations-indian-cities
city_1262032,Nambutalai,nambutalai,,9.72766,79.00707,7914,[],geolocations-indian-cities
city_1259877,Periyanegamam,periyanegamam,,10.74317,77.10296,7913,[],geolocations-indian-cities
city_1348788,Sahapur,sahapur,,22.52444,88.16694,7883,"[""s?h?pur""]",geolocations-indian-cities
city_1278541,Annavasal,annavasal,,10.4606,78.70029,7862,"[""annav?sal""]",geolocations-indian-cities
city_8985894,Gangadharpur,gangadharpur,,22.76,88.22,7862,"[""??????????"", ""gangadharapura""]",geolocations-indian-cities
city_1254310,Titabar,titabar,,26.6014,94.20386,7836,[],geolocations-indian-cities
city_1277408,Banavar,banavar,,13.41029,76.16314,7827,"[""banavara"", ""b?n?var""]",geolocations-indian-cities
city_1257703,Sakit,sakit,,27.43463,78.77903,7811,"[""sak?t""]",geolocations-indian-cities
city_1260275,Parol,parol,,32.34598,75.43441,7800,"[""parole"", ""nagri""]",geolocations-indian-cities
city_1258375,Rasulabad,rasulabad,,26.74491,80.49012,7800,[],geolocations-indian-cities
city_1265983,Kothi,kothi,,24.7526,80.77751,7790,[],geolocations-indian-cities
city_1274270,Chicalim,chicalim,,15.39835,73.84216,7787,"[""chiquilim""]",geolocations-indian-cities
city_1261847,Narasimharajapura,narasimharajapura,,13.61075,75.512,7775,"[""narasimhar?japura""]",geolocations-indian-cities
city_1277905,Bag,bag,,22.35905,74.79052,7764,"[""b?gh"", ""bagh"", ""b?g""]",geolocations-indian-cities
city_1269110,Iawar,iawar,,23.00943,76.5007,7753,"[""j?war"", ""jawar"", ""i?war""]",geolocations-indian-cities
city_1260880,Pahlgam,pahlgam,,34.01592,75.31899,7750,"[""pahalg?m"", ""pahlg?m"", ""pahalgam""]",geolocations-indian-cities
city_1254415,Tira Sujanpur,tira sujanpur,,31.83364,76.50539,7747,"[""sujanpur"", ""t?ra suj?npur"", ""sujanpur tira"", ""suj?npur""]",geolocations-indian-cities
city_1276917,Barkot,barkot,,30.80861,78.20596,7725,[],geolocations-indian-cities
city_1259571,Piploda,piploda,,23.35,75.43333,7719,[],geolocations-indian-cities
city_1258221,Rengali,rengali,,21.64602,84.05311,7701,[],geolocations-indian-cities
city_1276491,Beltangadi,beltangadi,,13.98333,75.3,7676,"[""beltangady""]",geolocations-indian-cities
city_1277716,Bajna,bajna,,27.89793,77.67836,7673,"[""b?jna""]",geolocations-indian-cities
city_1257325,Santoshpur,santoshpur,,22.52038,88.26973,7635,"[""santashpur""]",geolocations-indian-cities
city_1266540,Kilvelur,kilvelur,,10.76721,79.74186,7629,"[""k?l v?lur"", ""kil valur"", ""kilvelure""]",geolocations-indian-cities
city_1263966,Manalurpettai,manalurpettai,,12.00788,79.09184,7626,"[""manal?rpettai"", ""manalurpet""]",geolocations-indian-cities
city_1276506,Belluru,belluru,,12.9814,76.73308,7626,"[""bell?ru"", ""bellur""]",geolocations-indian-cities
city_1274954,Chabua,chabua,,27.48253,95.17451,7623,"[""ch?bua""]",geolocations-indian-cities
city_1273379,Daulatpur,daulatpur,,25.32605,88.32989,7620,"[""muhanundp""]",geolocations-indian-cities
city_1264099,Malhargarh,malhargarh,,24.28286,74.99024,7620,"[""malh?rgarh""]",geolocations-indian-cities
city_1255708,Sorbhog,sorbhog,,26.48612,90.8859,7614,[],geolocations-indian-cities
city_1278905,Amarkantak,amarkantak,,22.67486,81.75908,7613,"[""amarakanthaka"", ""??????????"", ""????????"", ""?????????"", ""a ma er ka en ta ke"", ""amarakantaka"", ""???????""]",geolocations-indian-cities
city_1273648,Dalhousie,dalhousie,,32.55219,75.94663,7601,"[""??????"", ""????????"", ""dalahausi"", ""da er huo wu xi ye"", ""dalahauji"", ""???????"", ""tal'havuci"", ""delaha'ujhi""]",geolocations-indian-cities
city_1269503,Jaisinghnagar,jaisinghnagar,,23.68582,81.39085,7600,[],geolocations-indian-cities
city_1262291,Nadigaon,nadigaon,,26.10784,79.02283,7597,"[""nad?gaon""]",geolocations-indian-cities
city_1259505,Pithora,pithora,,21.25021,82.51707,7592,[],geolocations-indian-cities
city_1259294,Puduppatti,puduppatti,,11.15217,78.21205,7570,[],geolocations-indian-cities
city_1273817,Cortalim,cortalim,,15.40247,73.90881,7563,"[""cortolim""]",geolocations-indian-cities
city_1252964,Wangjing,wangjing,,24.58921,94.06386,7528,"[""w?ngjing"", ""???????"", ""vanczin""]",geolocations-indian-cities
city_1253621,Uttukkuli,uttukkuli,,11.16892,77.45431,7508,"[""uttukuli"", ""?ttukkuli""]",geolocations-indian-cities
city_1264435,Bishunpur Urf Maharajganj,bishunpur urf maharajganj,,26.25914,83.11643,7499,"[""bishunpur urf mah?r?jganj"", ""mah?r?jganj"", ""maharajganj""]",geolocations-indian-cities
city_1254900,Tarapur,tarapur,,19.86499,72.68426,7493,"[""tarapur town"", ""tarapore"", ""t?r?pur town"", ""t?r?pur""]",geolocations-indian-cities
city_1271264,Ghorawal,ghorawal,,24.75459,82.77965,7492,"[""ghorwal"", ""ghorawul"", ""ghor?wal""]",geolocations-indian-cities
city_1273173,Dera Nanak,dera nanak,,32.03733,75.02787,7491,"[""der? n?nak"", ""dera baba nanak""]",geolocations-indian-cities
city_1268677,Kadipur,kadipur,,26.16779,82.37028,7472,"[""k?d?pur""]",geolocations-indian-cities
city_1276869,Barpathar,barpathar,,26.28709,93.88844,7445,"[""barpath?r""]",geolocations-indian-cities
city_1269470,Jakhal,jakhal,,29.79627,75.82392,7411,"[""jakhal mandi"", ""j?khal""]",geolocations-indian-cities
city_1279050,Alawalpur,alawalpur,,31.43161,75.65614,7410,"[""al?walpur""]",geolocations-indian-cities
city_1277476,Bamboo Flat,bamboo flat,,11.7,92.71667,7410,[],geolocations-indian-cities
city_1276819,Barwadih,barwadih,,23.8478,84.11049,7401,"[""barw?dih""]",geolocations-indian-cities
city_1260314,Parichha,parichha,,25.50789,78.75954,7399,"[""p?r?chha"", ""par?chh?""]",geolocations-indian-cities
city_1261142,Numaligarh,numaligarh,,26.62249,93.72225,7386,"[""num?ligarh""]",geolocations-indian-cities
city_1253898,Ukwa,ukwa,,21.97102,80.46625,7369,"[""ukw?""]",geolocations-indian-cities
city_1274172,Chinchinim,chinchinim,,15.21447,73.97555,7355,[],geolocations-indian-cities
city_1272864,Dharchula,dharchula,,29.84707,80.51951,7331,"[""dh?rchula""]",geolocations-indian-cities
city_1348581,Haripur,haripur,,22.93611,88.23194,7327,[],geolocations-indian-cities
city_1265577,Kunnattur,kunnattur,,12.34782,78.51046,7326,"[""kunnatt?r"", ""kunnatur""]",geolocations-indian-cities
city_1348742,Krishnapur,krishnapur,,22.67028,88.26944,7325,[],geolocations-indian-cities
city_1258715,Ramban,ramban,,33.24278,75.23513,7317,"[""r?mban""]",geolocations-indian-cities
city_1257479,Sanchi,sanchi,,23.48646,77.7378,7302,"[""s?nchi""]",geolocations-indian-cities
city_1271078,Gohand,gohand,,25.69871,79.54567,7286,"[""goh?nd""]",geolocations-indian-cities
city_1274055,Chittarkonda,chittarkonda,,18.12533,82.1089,7260,"[""chitrakonda""]",geolocations-indian-cities
city_1255811,Somvarpet,somvarpet,,12.59698,75.84957,7227,"[""somwarpett"", ""somv?rpet""]",geolocations-indian-cities
city_1266873,Kharsawan,kharsawan,,22.79093,85.83102,7216,"[""khars?w?n"", ""kharsawangarh""]",geolocations-indian-cities
city_1255283,Swamimalai,swamimalai,,10.95747,79.32931,7197,"[""sw?mimalai"", ""cuvaimalai""]",geolocations-indian-cities
city_1264331,Mahur,mahur,,25.18305,93.11342,7176,[],geolocations-indian-cities
city_1270961,Gopalpur,gopalpur,,19.25861,84.90517,7163,"[""gop?lpur-on-sea"", ""gopalpur-on-sea"", ""gop?lpur""]",geolocations-indian-cities
city_1278051,Babugarh,babugarh,,28.72353,77.84677,7156,"[""b?b?garh""]",geolocations-indian-cities
city_1270304,Harnai,harnai,,17.8134,73.09668,7144,"[""herni""]",geolocations-indian-cities
city_1262873,Mohpa,mohpa,,21.31012,78.82969,7140,[],geolocations-indian-cities
city_7117985,Banbasa,banbasa,,28.99132,80.07608,7138,"[""???????""]",geolocations-indian-cities
city_1262787,Moranha,moranha,,27.18735,94.91557,7136,"[""moranhat"", ""mor?n"", ""moran"", ""mor?nha""]",geolocations-indian-cities
city_1275334,Bomdila,bomdila,,27.26475,92.42472,7121,"[""bomdilla""]",geolocations-indian-cities
city_1255713,Sorab,sorab,,14.38144,75.09183,7088,[],geolocations-indian-cities
city_1270774,Guirim,guirim,,15.57552,73.80722,7057,[],geolocations-indian-cities
city_1255893,Sodpur,sodpur,,22.70428,88.39166,7037,"[""sudpur""]",geolocations-indian-cities
city_1269592,Jagannathpur,jagannathpur,,22.22115,85.63917,7020,[],geolocations-indian-cities
city_9977596,Inda Chhoi,inda chhoi,,29.64042,75.79041,7000,[],geolocations-indian-cities
city_1267083,Khamharia,khamharia,,20.976,82.25116,6998,[],geolocations-indian-cities
city_1279148,Akalgarh,akalgarh,,29.82074,75.89078,6993,"[""ak?lgarh""]",geolocations-indian-cities
city_1267454,Katpur,katpur,,21.05869,71.79457,6981,"[""kadpur"", ""kutpur"", ""jegri""]",geolocations-indian-cities
city_1264033,Malpur,malpur,,23.36035,73.46595,6971,"[""m?lpur""]",geolocations-indian-cities
city_1261911,Nanguneri,nanguneri,,8.49326,77.65806,6969,"[""n?nguneri""]",geolocations-indian-cities
city_1266028,Kotar,kotar,,24.69802,80.98073,6953,"[""kot?r""]",geolocations-indian-cities
city_1270914,Goregaon,goregaon,,18.15483,73.29147,6946,[],geolocations-indian-cities
city_1349355,Raypur,raypur,,22.41083,88.50944,6907,[],geolocations-indian-cities
city_1271771,Galiakot,galiakot,,23.51995,74.02028,6906,"[""gali?kot""]",geolocations-indian-cities
city_1268116,Kandra,kandra,,22.8517,86.05192,6902,"[""k?ndra""]",geolocations-indian-cities
city_1263621,Mansar,mansar,,21.39602,79.2635,6901,[],geolocations-indian-cities
city_1253719,Uppiliyapuram,uppiliyapuram,,11.26356,78.5139,6900,"[""uppiliapuram""]",geolocations-indian-cities
city_1270818,Gudari,gudari,,19.34762,83.78128,6895,"[""gud?ri""]",geolocations-indian-cities
city_1271093,Gogapur,gogapur,,23.55746,75.51665,6857,"[""gog?pur""]",geolocations-indian-cities
city_1279405,Abiramam,abiramam,,9.4423,78.4399,6837,"[""abir?mam""]",geolocations-indian-cities
city_1278103,Awantipur,awantipur,,33.91978,75.01515,6807,"[""wantipor"", ""wantipur"", ""awantipura"", ""wantip?r"", ""awant?pura"", ""awant?pur""]",geolocations-indian-cities
city_1268513,Kaladhungi,kaladhungi,,29.28351,79.351,6763,"[""k?l?dh?ngi""]",geolocations-indian-cities
city_1264850,Lohaghat,lohaghat,,29.40356,80.08965,6758,"[""lohagh?t""]",geolocations-indian-cities
city_1253694,Uri,uri,,34.08064,74.05088,6755,[],geolocations-indian-cities
city_1269652,Itaunja,itaunja,,27.08347,80.89672,6726,[],geolocations-indian-cities
city_1256450,Shivrajpur,shivrajpur,,22.42319,73.60865,6705,[],geolocations-indian-cities
city_1271575,Garhdiwala,garhdiwala,,31.74147,75.75567,6693,"[""gardh?w?la"", ""garhdiw?la"", ""gardhiwala"", ""garhd?w?la""]",geolocations-indian-cities
city_1257919,Sabathu,sabathu,,30.97494,76.99137,6691,"[""sab?thu"", ""subathu""]",geolocations-indian-cities
city_1266829,Khaur,khaur,,32.6027,74.80918,6690,"[""khour""]",geolocations-indian-cities
city_1271393,Ghumarwin,ghumarwin,,31.44166,76.71509,6690,"[""ghamarwin"", ""ghum?rw?n"", ""gham?rwin""]",geolocations-indian-cities
city_1253186,Vijayapuri,vijayapuri,,11.2453,77.50066,6651,[],geolocations-indian-cities
city_1263636,Manpur,manpur,,22.43151,75.62107,6636,"[""m?npur""]",geolocations-indian-cities
city_1275931,Bhim Tal,bhim tal,,29.34447,79.56336,6625,[],geolocations-indian-cities
city_1279045,Aldona,aldona,,15.59337,73.87482,6606,[],geolocations-indian-cities
city_1278953,Alur,alur,,12.97805,75.99094,6604,"[""al?r""]",geolocations-indian-cities
city_1271374,Ghansor,ghansor,,22.65976,79.95013,6597,[],geolocations-indian-cities
city_1276275,Bhagwantnagar,bhagwantnagar,,26.22383,80.7575,6596,[],geolocations-indian-cities
city_1278142,Auras,auras,,26.91414,80.50792,6591,"[""aur?s""]",geolocations-indian-cities
city_1255348,Surgana,surgana,,20.55956,73.63747,6566,"[""surg?na""]",geolocations-indian-cities
city_1274006,Cholapuram,cholapuram,,9.35193,77.56839,6557,[],geolocations-indian-cities
city_1253930,Ugu,ugu,,26.79681,80.32093,6518,[],geolocations-indian-cities
city_1261798,Narharpur,narharpur,,20.44892,81.62004,6500,[],geolocations-indian-cities
city_1261037,Oran,oran,,25.36882,80.7423,6495,[],geolocations-indian-cities
city_1273033,Dhali,dhali,,10.51049,77.18806,6494,[],geolocations-indian-cities
city_1274278,Chhuikhadan,chhuikhadan,,21.52316,80.99788,6485,"[""chhu?khad?n""]",geolocations-indian-cities
city_1272074,Elayirampannai,elayirampannai,,9.27033,77.82494,6473,"[""el?yirampannai""]",geolocations-indian-cities
city_1265646,Kumsi,kumsi,,14.05455,75.39992,6468,[],geolocations-indian-cities
city_1253024,Waghai,waghai,,20.77048,73.50074,6462,"[""wagh?i""]",geolocations-indian-cities
city_1263257,Mayakonda,mayakonda,,14.28894,76.08305,6445,"[""m?yakonda""]",geolocations-indian-cities
city_1261750,Narsingi,narsingi,,18.04468,78.42516,6445,"[""n?rsingi""]",geolocations-indian-cities
city_1264434,Maharajganj,maharajganj,,26.38126,81.27436,6442,"[""mah?r?jganj""]",geolocations-indian-cities
city_1259072,Radhakund,radhakund,,27.52432,77.49101,6420,"[""r?dh?kund"", ""radha kund"", ""r?dha kund""]",geolocations-indian-cities
city_1275722,Bighapur Khurd,bighapur khurd,,26.34734,80.65698,6409,"[""b?gh?pur khurd"", ""bigh?pur"", ""bighapur""]",geolocations-indian-cities
city_1259795,Phariha,phariha,,27.32166,78.47267,6380,"[""pharih?""]",geolocations-indian-cities
city_1256122,Sini,sini,,22.79325,85.94543,6375,[],geolocations-indian-cities
city_1278842,Ambasa,ambasa,,23.936,91.85436,6373,"[""ambassa"", ""?mb?sa""]",geolocations-indian-cities
city_1349247,Ula,ula,,22.7225,88.55556,6324,[],geolocations-indian-cities
city_1270118,Hesla,hesla,,24.06313,85.87905,6286,[],geolocations-indian-cities
city_1349090,Harindanga,harindanga,,22.03833,88.32139,6254,"[""harind?nga""]",geolocations-indian-cities
city_1348676,Sankarpur,sankarpur,,22.84839,88.45126,6244,[],geolocations-indian-cities
city_1271215,Gidam,gidam,,18.97431,81.39894,6228,"[""gidum"", ""g?dam""]",geolocations-indian-cities
city_1257908,Sabrum,sabrum,,23.00153,91.72427,6205,"[""sabroom"", ""sabr?m""]",geolocations-indian-cities
city_1270898,Gorur,gorur,,12.82297,76.06463,6192,[],geolocations-indian-cities
city_1258708,Ram Das,ram das,,31.96739,74.9087,6190,[],geolocations-indian-cities
city_1278223,Ateli Mandi,ateli mandi,,28.1008,76.2598,6176,"[""ateli""]",geolocations-indian-cities
city_1266144,Koradachcheri,koradachcheri,,10.77019,79.49158,6151,"[""korad?chcheri"", ""koradacheri""]",geolocations-indian-cities
city_1256126,Singtam,singtam,,27.23467,88.50168,6133,"[""singtam bazar"", ""singtom""]",geolocations-indian-cities
city_1264792,Londa,londa,,15.46907,74.51906,6131,"[""landa""]",geolocations-indian-cities
city_1262162,Nagrota,nagrota,,32.0571,76.09139,6125,[],geolocations-indian-cities
city_1257399,Sanguem,sanguem,,15.22901,74.15149,6119,[],geolocations-indian-cities
city_1259412,Ponnampet,ponnampet,,12.14473,75.94514,6117,[],geolocations-indian-cities
city_1266481,Kishanpur,kishanpur,,25.64232,81.0227,6104,[],geolocations-indian-cities
city_1263983,Mamit,mamit,,23.92703,92.48968,6104,[],geolocations-indian-cities
city_1271386,Ghanaur,ghanaur,,30.33092,76.61203,6091,[],geolocations-indian-cities
city_1466027,Vellanur,vellanur,,13.15804,80.10634,6078,"[""vell?n?r""]",geolocations-indian-cities
city_1277992,Badhni Kalan,badhni kalan,,30.6813,75.29087,6070,"[""badhni kal?n""]",geolocations-indian-cities
city_1270048,Hirapur Hamesha,hirapur hamesha,,21.55546,79.78581,6069,"[""h?r?pur hamesha"", ""h?r?pur"", ""hirapur""]",geolocations-indian-cities
city_1278308,Asarganj,asarganj,,25.15046,86.68639,6020,[],geolocations-indian-cities
city_1276520,Beliator,beliator,,23.32052,87.22081,6014,"[""beli?tor"", ""beliatore""]",geolocations-indian-cities
city_8199556,Artist Village,artist village,,19.03227,73.04276,6000,[],geolocations-indian-cities
city_1265896,Kovalam,kovalam,,8.36667,76.99667,6000,"[""???????"", ""kovilam""]",geolocations-indian-cities
city_1254609,Thenzawl,thenzawl,,23.31667,92.75,5963,[],geolocations-indian-cities
city_1258293,Ray,ray,,23.6843,85.05457,5949,[],geolocations-indian-cities
city_1271902,Fatehpur Chaurasi,fatehpur chaurasi,,26.78925,80.26547,5931,"[""fatehpur"", ""fatehpur chaur?si""]",geolocations-indian-cities
city_1261704,Nattarasankottai,nattarasankottai,,9.86905,78.55305,5920,"[""nattarasankotal"", ""n?ttarasankottai""]",geolocations-indian-cities
city_1276419,Beswan,beswan,,27.63792,77.88019,5897,"[""besw?n""]",geolocations-indian-cities
city_1256486,Shirgaon,shirgaon,,19.69589,72.71527,5844,"[""siri""]",geolocations-indian-cities
city_1257611,Saligao,saligao,,15.55359,73.79036,5804,[],geolocations-indian-cities
city_1254231,Topchanchi,topchanchi,,23.90381,86.19792,5789,"[""topch?nchi""]",geolocations-indian-cities
city_1257743,Sairang,sairang,,23.81034,92.65226,5760,[],geolocations-indian-cities
city_1275674,Bijrauni,bijrauni,,24.93296,77.64352,5743,"[""bijroni""]",geolocations-indian-cities
city_1275803,Bhuma,bhuma,,27.78333,74.93333,5743,[],geolocations-indian-cities
city_1266402,Kodigenahalli,kodigenahalli,,13.72136,77.38629,5727,"[""kodiganballi""]",geolocations-indian-cities
city_1259893,Peranamallur,peranamallur,,12.57052,79.43332,5723,"[""peranamall?r""]",geolocations-indian-cities
city_1273848,Colovale,colovale,,15.63522,73.82426,5723,"[""colvale""]",geolocations-indian-cities
city_1259094,Queula,queula,,15.39011,73.98557,5699,[],geolocations-indian-cities
city_1275826,Bhowali,bhowali,,29.38985,79.50481,5685,"[""bhow?li""]",geolocations-indian-cities
city_1271146,Goa Velha,goa velha,,15.44384,73.88572,5656,"[""senoji goa"", ""gamle goa"", ""antiga goa"", ""oud goa"", ""?????? ????"", ""pracinagova"", ""????? ? ????????? ???"", ""??????? ????"", ""dzveli goa"", ""stare goa"", ""purano gova"", ""praacina goraa"", ""kaw kea"", ""shhr qdym gwa"", ""???? ??????"", ""??? ???? ???"", ""stara goa"", ""???????????"", ""go'a vel'ha"", ""???? ???"", ""o-goa"", ""old goa"", ""khrami i monastiri goa"", ""olda goya"", ""??? ??????"", ""???? ????"", ""???? ????? ???????? ??????? ?????????"", ""\u00f3-goa"", ""????? ???"", ""purano goya"", ""velha goa"", ""????? ?????"", ""goa vieja"", ""???????"", ""palaiya kova""]",geolocations-indian-cities
city_1263324,Mattur,mattur,,11.32147,79.20245,5605,"[""m?tt?r""]",geolocations-indian-cities
city_1273304,Dehu,dehu,,18.71851,73.76635,5604,[],geolocations-indian-cities
city_1262909,Mohanpur,mohanpur,,28.25261,80.24498,5596,[],geolocations-indian-cities
city_1279056,Alappakkam,alappakkam,,11.59895,79.71893,5585,"[""alapakam"", ""?lapp?kkam""]",geolocations-indian-cities
city_1259102,Qazigund,qazigund,,33.63828,75.14261,5576,"[""q?zigund""]",geolocations-indian-cities
city_1274974,Carapur,carapur,,15.56588,73.98713,5575,[],geolocations-indian-cities
city_1259869,Pernem,pernem,,15.723,73.79511,5555,"[""cassabe-de-pernem"", ""cassab\u00e9-de-pernem""]",geolocations-indian-cities
city_1268271,Kamalpur,kamalpur,,24.19593,91.83438,5508,"[""ixq""]",geolocations-indian-cities
city_1268806,Jua,jua,,15.5307,73.95047,5470,[],geolocations-indian-cities
city_1277477,Bambolim,bambolim,,15.46361,73.8531,5441,[],geolocations-indian-cities
city_1260691,Palle,palle,,15.46667,74.08333,5427,"[""pale""]",geolocations-indian-cities
city_1261768,Naroda,naroda,,23.07041,72.65702,5366,"[""narora""]",geolocations-indian-cities
city_1273145,Desur,desur,,12.43727,79.48145,5312,"[""des?r""]",geolocations-indian-cities
city_1263370,Matheran,matheran,,18.98281,73.2652,5287,"[""m?ther?n""]",geolocations-indian-cities
city_1269119,Jawala Mukhi,jawala mukhi,,31.87456,76.32013,5281,"[""jawalanukhi"", ""jaw?la mukhi"", ""jwalamukhi""]",geolocations-indian-cities
city_1272156,Dusi,dusi,,12.77574,79.67892,5257,"[""d?si""]",geolocations-indian-cities
city_1270944,Gopinathpur,gopinathpur,,22.66301,86.075,5255,[],geolocations-indian-cities
city_1268849,Jogindarnagar,jogindarnagar,,31.98727,76.78906,5233,"[""joginder nagar""]",geolocations-indian-cities
city_1267605,Kasauli,kasauli,,30.89856,76.96587,5215,"[""ambala"", ""kosauli"", ""amb?la""]",geolocations-indian-cities
city_1258942,Raiwala Bara,raiwala bara,,30.01864,78.2293,5198,"[""r?iw?la"", ""raiwala"", ""r??w?la bara"", ""r?iw?la bara""]",geolocations-indian-cities
city_1269946,Hosanagara,hosanagara,,13.91387,75.06503,5187,[],geolocations-indian-cities
city_1278433,Aruvankad,aruvankad,,11.36315,76.7579,5175,"[""aruvankadu"", ""aravank?du"", ""aravanghat"", ""aravandadu"", ""aravankadu""]",geolocations-indian-cities
city_1272587,Diguvametta,diguvametta,,15.39507,78.8293,5166,[],geolocations-indian-cities
city_1266155,Koppa,koppa,,13.53044,75.36329,5124,[],geolocations-indian-cities
city_1256428,Sravana Belgola,sravana belgola,,12.85737,76.48886,5079,"[""shravan belgola"", ""shravanabelagola"", ""sr?vana belgola""]",geolocations-indian-cities
city_1253401,Varca,varca,,15.23237,73.94311,5079,[],geolocations-indian-cities
city_1348737,Bhandardaha,bhandardaha,,22.61476,88.1919,5079,"[""bhand?rdaha""]",geolocations-indian-cities
city_1257316,Sanvordem,sanvordem,,15.26269,74.11965,5051,"[""sanvarden""]",geolocations-indian-cities
city_1265969,Kotla,kotla,,32.25,76.03333,5000,[],geolocations-indian-cities
city_7283587,Avanoor,avanoor,,10.60826,76.1762,5000,[],geolocations-indian-cities
city_1262300,Nadaun,nadaun,,31.78303,76.3431,4838,"[""n?daun""]",geolocations-indian-cities
city_1254832,Tawang,tawang,,27.57417,91.92437,4831,"[""??????"", ""tawanga"", ""t'a-wan"", ""m\u00f6n tawang"", ""???"", ""tawang town"", ""mon tawang"", ""tavang"", ""tang shyo"", ""tawang shyo"", ""taraam"", ""tavanga"", ""ta'oyam"", ""tawanj"", ""t\u0092a-wan"", ""towang"", ""tavan nakaram"", ""????? ?????"", ""?????"", ""???????"", ""da wang zhen""]",geolocations-indian-cities
city_1268197,Kanadukattan,kanadukattan,,10.17209,78.77935,4813,"[""kanatukattan"", ""k?n?tuk?tt?n"", ""kanatu"", ""k?n?tu"", ""kanadukathan"", ""k?n?duk?tt?n""]",geolocations-indian-cities
city_1273172,Dera Gopipur,dera gopipur,,31.87919,76.21871,4735,"[""dera-gepipur""]",geolocations-indian-cities
city_1261806,Narendranagar,narendranagar,,30.16173,78.28712,4734,[],geolocations-indian-cities
city_1259039,Raha,raha,,26.23333,92.51667,4724,[],geolocations-indian-cities
city_1260769,Palasbari,palasbari,,26.12388,91.53974,4713,"[""pal?sb?ri"", ""mirza pahar""]",geolocations-indian-cities
city_1260038,Patuli,patuli,,23.55286,88.26473,4694,"[""p?tuli""]",geolocations-indian-cities
city_1264513,Magam,magam,,34.09256,74.59016,4690,"[""magham"", ""?????"", ""m?g?m""]",geolocations-indian-cities
city_1274824,Champawat,champawat,,29.33501,80.07783,4668,[],geolocations-indian-cities
city_1274743,Chandil,chandil,,22.95745,86.05331,4657,"[""ch?ndil""]",geolocations-indian-cities
city_1268693,Kadambur,kadambur,,8.99739,77.86191,4512,"[""kadamb?r""]",geolocations-indian-cities
city_1263865,Mandholi Kalan,mandholi kalan,,28.7085,75.68296,4500,"[""mandholi sheoran ki"", ""mandholi"", ""mandholi kal?n"", ""mandholi badi""]",geolocations-indian-cities
city_1257390,Sanivarsante,sanivarsante,,12.72824,75.88669,4432,[],geolocations-indian-cities
city_1261497,Neturhat,neturhat,,23.47457,84.2678,4424,"[""netarh?t"", ""neturh?t"", ""netarhat""]",geolocations-indian-cities
city_1256676,Sham Churasi,sham churasi,,31.50028,75.74917,4403,[],geolocations-indian-cities
city_1271059,Gokul,gokul,,27.43926,77.72019,4351,[],geolocations-indian-cities
city_1260537,Pandoh,pandoh,,31.66902,77.05359,4351,[],geolocations-indian-cities
city_1255633,Sringeri,sringeri,,13.41698,75.25271,4271,"[""shringeri"", ""???????"", ""srngeri"", ""??????????"", ""cirunkeri"", ""si lin ge ai li"", ""?????"", ""????????""]",geolocations-indian-cities
city_1265996,Kothapet,kothapet,,19.35176,79.48323,4266,"[""koth?pet"", ""kagaznagar""]",geolocations-indian-cities
city_1276697,Batoti,batoti,,33.11826,75.30889,4209,"[""batote""]",geolocations-indian-cities
city_1254608,Theog,theog,,31.12155,77.35838,4191,[],geolocations-indian-cities
city_1276788,Basar,basar,,27.99008,94.69451,4157,"[""b?s?r""]",geolocations-indian-cities
city_1273673,Daitari,daitari,,21.1,85.75,4146,[],geolocations-indian-cities
city_1260784,Palampur,palampur,,32.11453,76.55681,4131,"[""p?lampur"", ""patampar""]",geolocations-indian-cities
city_1260600,Panara,panara,,22.20568,78.55093,4096,"[""pan?ra""]",geolocations-indian-cities
city_1268408,Kalikapur,kalikapur,,22.61662,86.2881,4061,"[""k?lik?pur""]",geolocations-indian-cities
city_1439622,Gho Brahmanan de,gho brahmanan de,,32.5559,74.9539,4040,"[""gho brahmanan"", ""gho br?hman?n de"", ""gho manhasan"", ""gho br?hman?n"", ""gho manh?s?n""]",geolocations-indian-cities
city_1258484,Rangpo,rangpo,,27.17733,88.53358,4026,"[""rongphu"", ""rungpo""]",geolocations-indian-cities
city_1263152,Melukote,melukote,,12.66258,76.64861,4011,"[""melkote""]",geolocations-indian-cities
city_1270577,Gyalshing,gyalshing,,27.28952,88.25764,4000,"[""gezing"", ""gyalzing"", ""geyzing""]",geolocations-indian-cities
city_1273463,Darlawn,darlawn,,24.01336,92.92439,3962,[],geolocations-indian-cities
city_1431732,Jaurian,jaurian,,32.83255,74.57612,3952,[],geolocations-indian-cities
city_1274098,Chiria,chiria,,22.31093,85.27601,3945,[],geolocations-indian-cities
city_1257156,Sarka Ghat,sarka ghat,,31.69887,76.73529,3944,[],geolocations-indian-cities
city_1254647,Thanna Mandi,thanna mandi,,33.54204,74.381,3857,[],geolocations-indian-cities
city_1465868,Vengavasal,vengavasal,,12.89911,80.169,3778,[],geolocations-indian-cities
city_1271288,Ghoga,ghoga,,25.21738,87.1571,3766,[],geolocations-indian-cities
city_1272625,Digha,digha,,21.62776,87.51965,3667,"[""????""]",geolocations-indian-cities
city_1260488,Panhala,panhala,,16.8121,74.11007,3634,"[""panh?la""]",geolocations-indian-cities
city_7279751,Jorethang,jorethang,,27.10696,88.32332,3596,[],geolocations-indian-cities
city_1255405,Suntikoppa,suntikoppa,,12.45594,75.8297,3500,[],geolocations-indian-cities
city_9863201,Bhagirathpur,bhagirathpur,,26.2695,86.06346,3500,[],geolocations-indian-cities
city_1261173,North Vanlaiphai,north vanlaiphai,,23.13227,93.06532,3475,"[""vanlaiphai""]",geolocations-indian-cities
city_1442037,Borkhera,borkhera,,25.52115,75.64028,3440,[],geolocations-indian-cities
city_1273954,Chuari Khas,chuari khas,,32.43058,76.01428,3430,"[""chu?ri kh?s""]",geolocations-indian-cities
city_1270779,Guhagar,guhagar,,17.48415,73.19289,3425,"[""guh?gar""]",geolocations-indian-cities
city_1252783,Yarada,yarada,,17.65872,83.27419,3406,"[""y?r?da""]",geolocations-indian-cities
city_1273358,Dayal Bagh,dayal bagh,,27.22122,78.01095,3367,[],geolocations-indian-cities
city_1274886,Chakrata,chakrata,,30.70369,77.86386,3348,"[""chakr?ta""]",geolocations-indian-cities
city_1270952,Gopalur,gopalur,,16.6122,77.80728,3324,"[""gop?lur"", ""gopalour""]",geolocations-indian-cities
city_1257111,Sarubera,sarubera,,23.81813,85.99628,3310,[],geolocations-indian-cities
city_1278389,Arki,arki,,31.15196,76.96675,3293,[],geolocations-indian-cities
city_1277297,Banihal,banihal,,33.43647,75.19684,3278,"[""banih?l""]",geolocations-indian-cities
city_1268504,Kalaikunda,kalaikunda,,22.3393,87.22637,3232,"[""kala?kunda""]",geolocations-indian-cities
city_1266135,Korampallam,korampallam,,8.77506,78.09158,3228,[],geolocations-indian-cities
city_1260962,Pachmarhi,pachmarhi,,22.46791,78.43312,3228,"[""pa qi ma er xi qia en te te"", ""pacamari"", ""pancamadhi"", ""??????"", ""???????? ?????????"", ""pacamarhi"", ""????????"", ""pachmarh?"", ""?????????"", ""pacmar'hi"", ""pachmarhi cantt"", ""pachmarhi cantonment"", ""pacamari senanibasa"", ""?????"", ""pacamadhi""]",geolocations-indian-cities
city_1266141,Koradi,koradi,,21.24758,79.10575,3225,"[""koradih"", ""kor?di"", ""kor?dih""]",geolocations-indian-cities
city_1262632,Mugma,mugma,,23.77015,86.72746,3195,[],geolocations-indian-cities
city_1273473,Dariba,dariba,,24.94865,74.1342,3076,[],geolocations-indian-cities
city_1271813,Gagret,gagret,,31.65846,76.06144,3025,[],geolocations-indian-cities
city_6941535,Chowari,chowari,,32.4319,76.012,3000,[],geolocations-indian-cities
city_8436374,Govindapuram,govindapuram,,16.15477,80.10279,3000,[],geolocations-indian-cities
city_8015351,Nangilickondan,nangilickondan,,12.25539,79.47508,3000,[],geolocations-indian-cities
city_1273712,Dagshai,dagshai,,30.88431,77.05228,2994,"[""dagahai"", ""simla""]",geolocations-indian-cities
city_1260688,Pallevada,pallevada,,16.5779,81.29463,2955,"[""pallev?da""]",geolocations-indian-cities
city_1274547,Chatakonda,chatakonda,,17.55303,80.6477,2816,"[""ch?takonda""]",geolocations-indian-cities
city_1272453,Dugadda,dugadda,,29.80673,78.61109,2780,"[""dogadda"", ""garhwal""]",geolocations-indian-cities
city_1266392,Kodlipet,kodlipet,,12.80087,75.88662,2686,[],geolocations-indian-cities
city_1269945,Hosangadi,hosangadi,,13.69756,74.95427,2609,[],geolocations-indian-cities
city_1258003,Rudraprayag,rudraprayag,,30.28467,78.98354,2571,"[""rudrapray?g""]",geolocations-indian-cities
city_1266821,Khawhai,khawhai,,23.37807,93.12797,2537,[],geolocations-indian-cities
city_7303915,pedda nakkalapalem,pedda nakkalapalem,,15.8668,80.16202,2500,[],geolocations-indian-cities
city_1268754,Jutogh,jutogh,,31.1,77.11667,2467,"[""simla""]",geolocations-indian-cities
city_1272145,Dwarahat,dwarahat,,29.77785,79.42731,2443,"[""dw?r?h?t""]",geolocations-indian-cities
city_1265403,Kuttalam,kuttalam,,8.9303,77.26951,2440,"[""courtalam"", ""kurralam"", ""courtallam"", ""kutt?lam""]",geolocations-indian-cities
city_1268851,Jogighopa,jogighopa,,26.22646,90.57247,2415,"[""jog?ghopa""]",geolocations-indian-cities
city_12172723,Madhavkampa,madhavkampa,,23.19148,73.22759,2200,"[""madhavkampo""]",geolocations-indian-cities
city_1273119,Devaprayag,devaprayag,,30.14603,78.60272,2130,"[""devapray?g""]",geolocations-indian-cities
city_1271630,Ganguvada,ganguvada,,18.66667,84.11667,2065,"[""???????"", ""ganguv?da""]",geolocations-indian-cities
city_11496831,Sector,sector,,28.5708,77.3261,2000,[],geolocations-indian-cities
city_7283585,Edakkulam,edakkulam,,10.6102,76.18352,2000,"[""etakkulam"", ""????????""]",geolocations-indian-cities
city_7284334,Baga,baga,,15.56517,73.75517,2000,[],geolocations-indian-cities
city_1259617,Pipalkoti,pipalkoti,,30.42553,79.43066,2000,[],geolocations-indian-cities
city_1273727,Dadra,dadra,,20.32504,72.96618,2000,"[""dadar\u00e1"", ""d?dra"", ""dadara"", ""?????""]",geolocations-indian-cities
city_8604602,Paikpara,paikpara,,24.77121,87.92251,2000,[],geolocations-indian-cities
city_7290413,Pitampura,pitampura,,28.68964,77.13126,2000,"[""pitam pura"", ""p?t?mpura""]",geolocations-indian-cities
city_6620455,Auroville,auroville,,12.00549,79.80885,2000,"[""??????"", ""li ming zhi cun"", ""aurovil"", ""orovu~iru"", ""aurovil'"", ""orovila"", ""????????"", ""a?rorurbo"", ""????"", ""aurorurbo"", ""???????"", ""arovile"", ""arovil""]",geolocations-indian-cities
city_1260506,Pangala,pangala,,13.25,74.75,1948,"[""p?ng?la""]",geolocations-indian-cities
city_1266307,Kolanukonda,kolanukonda,,16.45392,80.61046,1947,[],geolocations-indian-cities
city_1270167,Hayuliang,hayuliang,,28.07301,96.54305,1834,"[""hayutang""]",geolocations-indian-cities
city_1277675,Bakreswar,bakreswar,,23.8832,87.37265,1739,"[""bakresvare""]",geolocations-indian-cities
city_1277681,Bakloh,bakloh,,32.47939,75.91874,1737,"[""bukloh"", ""??????"", ""balko"", ""???"", ""ba ke luo"", ""?????"", ""bakaloha""]",geolocations-indian-cities
city_1274491,Chaupal,chaupal,,30.94647,77.5884,1701,"[""chaup?l""]",geolocations-indian-cities
city_1163626,Thang,thang,,34.9274,76.79336,1622,[],geolocations-indian-cities
city_10770254,Akasahebpet,akasahebpet,,17.50455,82.56597,1500,[],geolocations-indian-cities
city_12129177,Harina Pashdal Bar,harina pashdal bar,,21.9021,87.7062,1500,[],geolocations-indian-cities
city_1257277,Sarahan,sarahan,,31.50988,77.79395,1495,"[""sar?han""]",geolocations-indian-cities
city_1263776,Mangan,mangan,,27.50965,88.52206,1464,"[""mangang"", ""mangen"", ""mongon"", ""mangan bazar""]",geolocations-indian-cities
city_6698412,Abhaneri,abhaneri,,27.00743,76.6076,1424,[],geolocations-indian-cities
city_1262768,Morjim,morjim,,15.63097,73.73903,1365,"[""mordzhim"", ""???????""]",geolocations-indian-cities
city_1277294,Banjar,banjar,,31.639,77.34055,1351,"[""banj?r""]",geolocations-indian-cities
city_1268802,Jubbal,jubbal,,31.10923,77.65085,1327,"[""jubbl"", ""deorha""]",geolocations-indian-cities
city_1277737,Baisi,baisi,,25.86302,87.74487,1319,[],geolocations-indian-cities
city_1265972,Kotkhai,kotkhai,,31.11728,77.53936,1253,"[""kot kh?i"", ""kot khai""]",geolocations-indian-cities
city_1265815,Kud,kud,,33.07246,75.28727,1242,"[""k?d""]",geolocations-indian-cities
city_7287889,Palackattumala,palackattumala,,9.74356,76.6294,1200,[],geolocations-indian-cities
city_1262029,Namchi,namchi,,27.16494,88.3638,1147,[],geolocations-indian-cities
city_1261588,Naya Bazar,naya bazar,,27.13082,88.23972,1035,"[""naya b?z?r""]",geolocations-indian-cities
city_11280421,Garha Brahman,garha brahman,,23.86873,77.35731,1013,[],geolocations-indian-cities
city_1267393,Kavalur,kavalur,,15.28829,75.9433,1010,"[""kaval?r""]",geolocations-indian-cities
city_11875611,Khliehriat,khliehriat,,25.35776,92.36643,0,[],geolocations-indian-cities
city_11185376,Hatsingimari,hatsingimari,,25.70986,89.90078,0,[],geolocations-indian-cities
city_11875588,Kamjong,kamjong,,24.85846,94.51549,0,[],geolocations-indian-cities
city_1255381,Surajpur,surajpur,,23.21347,82.86836,0,[],geolocations-indian-cities
city_7701509,Williamnagar,williamnagar,,25.4955,90.6168,0,[],geolocations-indian-cities
city_11169179,Hawai,hawai,,27.88677,96.8017,0,[],geolocations-indian-cities
city_11184668,Namsai,namsai,,27.66904,95.86395,0,[],geolocations-indian-cities
city_9199850,Dasarahalli,dasarahalli,,13.09904,77.83204,0,[],geolocations-indian-cities
city_11875594,Tengnoupal,tengnoupal,,24.3855,94.1472,0,[],geolocations-indian-cities
city_8993350,Neemuch,neemuch,,24.47639,74.86241,0,"[""nimuca"", ""nymwch"", ""nimaca"", ""nimac"", ""????"", ""?????"", ""nimach"", ""nei ai mu qi""]",geolocations-indian-cities
city_11875617,Pangin,pangin,,28.21022,94.98873,0,[],geolocations-indian-cities
city_8541672,Kagaznagar,kagaznagar,,19.33159,79.46605,0,"[""kagazn?g?r""]",geolocations-indian-cities
city_1268086,Kangpokpi,kangpokpi,,25.15273,93.97167,0,"[""k?ngpokpi""]",geolocations-indian-cities
city_11184230,Longleng,longleng,,26.48989,94.81772,0,[],geolocations-indian-cities
city_11875591,Pherzawl,pherzawl,,24.26227,93.18873,0,[],geolocations-indian-cities
city_9782274,Mushalpur,mushalpur,,26.5792,91.4261,0,[],geolocations-indian-cities
city_11184460,Resubelpara,resubelpara,,25.90404,90.60747,0,[],geolocations-indian-cities
city_12165957,Hnahthial,hnahthial,,22.91,92.76,0,[],geolocations-indian-cities
city_11875582,Jiribam,jiribam,,24.80427,93.12148,0,[],geolocations-indian-cities
city_12165954,Pakke Kessang,pakke kessang,,27.14665,93.24643,0,[],geolocations-indian-cities
city_10263259,Defence Colony,defence colony,,28.57144,77.23272,0,[],geolocations-indian-cities
city_8541454,Biswanath Chariali,biswanath chariali,,26.72577,93.14659,0,"[""bishnath"", ""bishn?th""]",geolocations-indian-cities
city_11875615,Hamren,hamren,,25.93354,92.61656,0,[],geolocations-indian-cities
city_11875608,Bhupalpally,bhupalpally,,18.21314,79.92729,0,[],geolocations-indian-cities
city_11875612,Shahdara,shahdara,,28.60311,77.13988,0,[],geolocations-indian-cities
city_8690167,"Kalimpong, Kruketi","kalimpong, kruketi",,27.05623,88.46207,0,[],geolocations-indian-cities
city_11875605,Garamur,garamur,,26.94891,94.17205,0,[],geolocations-indian-cities
city_1255531,Sukma,sukma,,18.39014,81.65941,0,"[""sunkon""]",geolocations-indian-cities
city_11875607,Bishramganj,bishramganj,,23.60582,91.34355,0,[],geolocations-indian-cities
city_11875592,Chandel,chandel,,24.32987,94.00379,0,[],geolocations-indian-cities
city_11875610,Ampati,ampati,,25.4623,89.93325,0,[],geolocations-indian-cities
city_1274033,Chittoor,chittoor,,13.21055,79.0956,0,"[""cittara"", ""chittor"", ""??????"", ""chitt?ru"", ""???????"", ""shytwr"", ""????????"", ""cittur"", ""chitturu"", ""citura"", ""????"", ""qi te tuo ao er"", ""chittur"", ""?????"", ""citturu"", ""chtwr"", ""cittura""]",geolocations-indian-cities
city_1263226,Medchal,medchal,,17.62972,78.48139,0,[],geolocations-indian-cities
city_1275539,Beed,beed,,18.98921,75.75634,0,"[""mahboobganj"", ""bida"", ""bira"", ""b?r"", ""bhir"", ""mahbubganj"", ""bir"", ""bidh"", ""???"", ""????"", ""bid""]",geolocations-indian-cities
city_1271422,George Town,george town,,13.0926,80.2801,0,[],geolocations-indian-cities
