id,name,normalized_name,state,district,region,latitude,longitude,altitude_m,popularity_score,accessibility,nearest_airport,nearest_railway_station,nearest_major_city,road_connectivity,budget_daily_low,budget_daily_high,midrange_daily_low,midrange_daily_high,luxury_daily_low,luxury_daily_high,trip_types,activities_available,best_seasons,ideal_for,minimum_days,ideal_days,maximum_days,food_scene,local_cuisine,description,source
1,Goa,goa,Goa,"North Goa, South Goa",West India,15.3,73.8,50,9,Easy,"{""name"": ""Dabolim Airport"", ""distance_km"": 22}","{""name"": ""Margao Railway Station"", ""distance_km"": 35}","{""name"": ""Bengaluru"", ""distance_km"": 600}",Excellent,1400,2800,3300,6600,10800,26100,"[""Beach"", ""Cultural"", ""Food"", ""Nightlife"", ""Wellness"", ""Photography""]","[""Beach hopping"", ""Water sports"", ""Temple and church visits"", ""Ayurveda spas"", ""Nightlife"", ""River cruise""]","[""Winter"", ""Post-Monsoon""]","[""Solo"", ""Couple"", ""Family_with_kids"", ""Family_with_elderly"", ""Friends""]",2.0,5.0,10,"Excellent seafood, Goan cuisine, beach shacks, many vegetarian and international options.","[""Goan fish curry rice"", ""Prawn balchao"", ""Pork vindaloo"", ""Bebinca"", ""Feni""]",,"india_tourism_dataset.json,holidify.csv"
2,Ladakh (Leh),ladakh (leh),Ladakh,"Leh, Kargil",North India,34.16,77.58,3505,9,Moderate,"{""name"": ""Kushok Bakula Rimpochee Airport (Leh)"", ""distance_km"": 5}","{""name"": ""Jammu Tawi"", ""distance_km"": 420}","{""name"": ""Srinagar"", ""distance_km"": 420}",Good but seasonal; highways via Manali and Srinagar close in peak winter.,1500,3400,3900,7700,10700,22500,"[""Adventure"", ""Nature"", ""Cultural"", ""Religious"", ""Photography"", ""Trekking""]","[""High-altitude trekking"", ""Motorbike touring"", ""River rafting (Zanskar)"", ""Monastery visits"", ""Camping"", ""4x4 road trips""]","[""Summer"", ""Early Autumn""]","[""Adventure_seekers"", ""Photographers"", ""Trekking_enthusiasts"", ""Couples"", ""Friends""]",4.0,7.0,14,"Local Tibetan and Ladakhi dishes, basic North Indian, limited Western options.","[""Momos"", ""Thukpa"", ""Butter tea"", ""Skyu"", ""Apricot products""]",,india_tourism_dataset.json
3,Jaipur,jaipur,Rajasthan,Jaipur,North India,26.9124,75.7873,431,9,Easy,"{""name"": ""Jaipur International Airport"", ""distance_km"": 12}","{""name"": ""Jaipur Junction"", ""distance_km"": 3}","{""name"": ""Delhi"", ""distance_km"": 280}",Excellent via national highways from Delhi and other cities.,1300,2600,2500,5600,8300,23700,"[""Heritage"", ""Cultural"", ""Photography"", ""Shopping"", ""Food""]","[""Fort tours"", ""Guided heritage walks"", ""Food walks"", ""Shopping in bazaars"", ""Light and sound shows""]","[""Winter"", ""Late Autumn""]","[""Families"", ""Couples"", ""History_buff"", ""First_time_India_traveller""]",2.0,3.0,4,"Strong Rajasthani cuisine, sweets, and street food; many vegetarian options.","[""Dal Baati Churma"", ""Ghewar"", ""Kachori"", ""Laal Maas (for non-vegetarians)""]",,"india_tourism_dataset.json,holidify.csv"
4,Varanasi (Kashi),varanasi (kashi),Uttar Pradesh,Varanasi,North India,25.3176,82.9739,81,9,Easy,"{""name"": ""Lal Bahadur Shastri Airport"", ""distance_km"": 26}","{""name"": ""Varanasi Junction / Kashi"", ""distance_km"": 2}","{""name"": ""Prayagraj"", ""distance_km"": 120}",Good highway connections to major UP cities.,1200,2400,2450,5000,6900,23800,"[""Religious"", ""Spiritual"", ""Cultural"", ""Photography""]","[""Sunrise boat ride"", ""Evening Ganga Aarti viewing"", ""Temple visits"", ""Old city walking tours"", ""Sarnath day trip""]","[""Winter"", ""Early Spring""]","[""Pilgrims"", ""Spiritual_seekers"", ""Photographers"", ""Culture_lovers""]",2.0,3.0,4,"Famous for vegetarian food, sweets, chaat and lassi; mostly budget-friendly.","[""Kachori-sabzi"", ""Banarasi paan"", ""Lassi"", ""Street chaat""]",,india_tourism_dataset.json
5,Agra,agra,Uttar Pradesh,Agra,North India,27.1767,78.0081,171,10,Easy,"{""name"": ""Agra Airport (Pandit Deen Dayal Upadhyay)"", ""distance_km"": 7}","{""name"": ""Agra Cantt"", ""distance_km"": 3}","{""name"": ""Delhi"", ""distance_km"": 220}",Excellent via Yamuna Expressway and national highways.,1400,2800,2800,5900,7000,24800,"[""Heritage"", ""Photography"", ""Short_break""]","[""Sunrise Taj Mahal visit"", ""Fort tours"", ""Yamuna riverside views"", ""Heritage walks""]","[""Winter"", ""Late Autumn""]","[""First_time_visitors"", ""Heritage_lovers"", ""Day_trip_from_Delhi""]",1.0,2.0,3,North Indian cuisine with many budget and mid-range restaurants.,"[""Petha sweets"", ""Mughlai dishes""]",,"india_tourism_dataset.json,holidify.csv"
6,Udaipur,udaipur,Rajasthan,Udaipur,West India,24.5854,73.7125,598,8,Moderate,"{""name"": ""Maharana Pratap Airport (Dabok)"", ""distance_km"": 22}","{""name"": ""Udaipur City"", ""distance_km"": 2}","{""name"": ""Ahmedabad"", ""distance_km"": 260}",Good highways from major Rajasthan and Gujarat cities.,1400,2700,2550,5700,8000,25300,"[""Heritage"", ""Romantic"", ""Photography""]","[""Boat rides"", ""Palace tours"", ""Sunset viewpoints"", ""Heritage walks""]","[""Winter"", ""Autumn""]","[""Couples"", ""Families"", ""Heritage_lovers""]",2.0,3.0,4,"Rajasthani and North Indian cuisine, lakeside cafes and rooftop restaurants.","[""Dal Baati Churma"", ""Mirchi vada"", ""Mawa kachori""]",,"india_tourism_dataset.json,holidify.csv"
7,Kerala Backwaters (Alappuzha & Kumarakom),kerala backwaters (alappuzha & kumarakom),Kerala,"Alappuzha, Kottayam",South India,9.4981,76.3388,1,9,Moderate,"{""name"": ""Cochin International Airport"", ""distance_km"": 83}","{""name"": ""Alappuzha / Kottayam"", ""distance_km"": 5}","{""name"": ""Kochi"", ""distance_km"": 60}",Good state highways from Kochi and Trivandrum.,1550,3200,3200,6800,8200,25300,"[""Nature"", ""Wellness"", ""Relaxation"", ""Family""]","[""Houseboat overnight stay"", ""Canoe rides"", ""Village walks"", ""Bird watching""]","[""Winter"", ""Post-Monsoon""]","[""Couples"", ""Families"", ""Relaxation_seekers""]",1.0,2.0,4,"Kerala cuisine with fresh fish and coconut-based dishes, often included in houseboat packages.","[""Karimeen pollichathu"", ""Meen curry"", ""Appam with stew""]",,india_tourism_dataset.json
8,Coorg (Kodagu),coorg (kodagu),Karnataka,Kodagu,South India,12.3375,75.8069,1150,7,Moderate,"{""name"": ""Kannur / Mangalore (via road)"", ""distance_km"": 120}","{""name"": ""Mysuru / Hassan (by road connections)"", ""distance_km"": 100}","{""name"": ""Bengaluru"", ""distance_km"": 260}",Good state highways; hilly roads but well-travelled.,1450,2800,2600,5200,7000,19400,"[""Nature"", ""Coffee_estates"", ""Family"", ""Short_break""]","[""Plantation walks"", ""Short treks"", ""Elephant interaction (check ethics)"", ""Scooter/jeep tours""]","[""Winter"", ""Post-Monsoon""]","[""Families"", ""Couples"", ""Nature_lovers""]",2.0,3.0,4,"Coorgi cuisine, South Indian meals, and homely food at homestays.","[""Pandi curry (pork)"", ""Kadumbuttu (rice dumplings)"", ""Noolputtu""]",,india_tourism_dataset.json
9,Ziro Valley,ziro valley,Arunachal Pradesh,Lower Subansiri,Northeast India,27.5947,93.8385,1500,5,Difficult,"{""name"": ""Lilabari (Assam) / Donyi Polo (Itanagar)"", ""distance_km"": 120}","{""name"": ""Naharlagun / North Lakhimpur (via road)"", ""distance_km"": 100}","{""name"": ""Itanagar"", ""distance_km"": 110}",Hilly roads; long travel time; improved but still slow.,1450,2800,2600,5000,4900,11200,"[""Culture"", ""Nature"", ""Offbeat"", ""Festival""]","[""Village walks"", ""Cultural immersion"", ""Short hikes"", ""Music festival attendance""]","[""Autumn (for festival)"", ""Winter (cool, dry)"", ""Spring""]","[""Offbeat_travellers"", ""Culture_seekers"", ""Backpackers""]",3.0,4.0,6,"Simple local food with rice, vegetables and meat; limited restaurant variety.","[""Local rice beer (for those who drink)"", ""Apatani smoked meat and vegetable dishes""]",,india_tourism_dataset.json
10,Mawlynnong & nearby (including Living Root Bridges region),mawlynnong & nearby (including living root bridges region),Meghalaya,East Khasi Hills,Northeast India,25.2016,91.9193,1500,6,Moderate,"{""name"": ""Shillong / Guwahati"", ""distance_km"": 90}","{""name"": ""Guwahati"", ""distance_km"": 120}","{""name"": ""Shillong"", ""distance_km"": 80}",Hilly but decent roads from Shillong and Guwahati.,1450,2800,2600,5000,4900,11200,"[""Nature"", ""Eco_tourism"", ""Offbeat"", ""Short_break""]","[""Village walks"", ""Short treks"", ""Viewpoint climbs"", ""Nature photography""]","[""Winter"", ""Autumn"", ""Spring""]","[""Families"", ""Nature_lovers"", ""Eco_travellers"", ""Road_trip_planners""]",1.0,2.0,3,"Simple local Khasi and basic Indian dishes, often in homestays.","[""Jadoh (rice and meat dish where available)"", ""Local snacks and tea""]",,india_tourism_dataset.json
11,Shimla,shimla,Himachal Pradesh,Shimla,North India,31.1048,77.1734,2200,8,Easy,"{""name"": ""Shimla Airport (Jubberhatti)"", ""distance_km"": 22}","{""name"": ""Kalka (for toy train) / Shimla"", ""distance_km"": 90}","{""name"": ""Chandigarh"", ""distance_km"": 115}",Good hill roads from Chandigarh and Delhi; frequent buses and taxis.,1450,2800,2600,5200,7000,19400,"[""Hill_station"", ""Family"", ""Short_break"", ""Heritage""]","[""Leisure walks on Mall Road"", ""Toy train ride"", ""Temple visits"", ""Short hikes"", ""Snow activities in season (Kufri)""]","[""Spring"", ""Summer"", ""Autumn"", ""Snowy winter (if roads clear)""]","[""Families"", ""Couples"", ""First_time_hill_station_visitors""]",2.0,3.0,4,"Plenty of North Indian and some Himachali food options, cafes along Mall Road.","[""Siddu (local bread)"", ""Madra"", ""Traditional Himachali thali""]",,"india_tourism_dataset.json,holidify.csv"
12,Dharamshala & McLeod Ganj,dharamshala & mcleod ganj,Himachal Pradesh,Kangra,North India,32.219,76.3234,1450,7,Moderate,"{""name"": ""Kangra (Gaggal) Airport"", ""distance_km"": 15}","{""name"": ""Pathankot (major)"", ""distance_km"": 90}","{""name"": ""Chandigarh"", ""distance_km"": 250}",Good but hilly; overnight buses from Delhi and Chandigarh.,1350,2700,2400,4700,6000,16400,"[""Spiritual"", ""Culture"", ""Trekking"", ""Hill_station"", ""Short_break""]","[""Monastery visits"", ""Short hikes"", ""Triund day/overnight trek"", ""Food and cafe hopping"", ""Tibetan culture walks""]","[""Spring"", ""Summer"", ""Autumn""]","[""Backpackers"", ""Spiritual_seekers"", ""Trekking_enthusiasts"", ""Caf\u00e9_culture_lovers""]",2.0,3.0,5,"Strong cafe culture with Tibetan, Israeli, Italian and Indian options.","[""Tibetan momos"", ""Thukpa"", ""Tingmo"", ""Local bakery items""]",,india_tourism_dataset.json
13,Manali,manali,Himachal Pradesh,Kullu,North India,32.2432,77.1892,2050,9,Moderate,"{""name"": ""Kullu\u2013Manali (Bhuntar) Airport"", ""distance_km"": 50}","{""name"": ""Joginder Nagar / Chandigarh (road connects)"", ""distance_km"": 140}","{""name"": ""Chandigarh"", ""distance_km"": 300}",Well-connected by overnight buses and taxis; mountain roads with hairpin bends.,1600,3200,2900,6400,7500,20500,"[""Hill_station"", ""Adventure"", ""Honeymoon"", ""Family"", ""Trekking""]","[""Paragliding (in Solang, seasonal, weather-based)"", ""River rafting (in Kullu region, seasonal)"", ""Skiing/snow play near Rohtang or Solang in season"", ""Short treks"", ""Cafe-hopping""]","[""Spring"", ""Summer"", ""Autumn"", ""For snow: late winter/early spring depending on snowfall""]","[""Adventure_seekers"", ""Families"", ""Honeymooners"", ""Road_trip_planners""]",3.0,4.0,6,"Many restaurants and cafes offering North Indian, Tibetan, and continental dishes.","[""Siddu"", ""Trout fish (where available)"", ""Local thali""]",,"india_tourism_dataset.json,holidify.csv"
14,Tawang,tawang,Arunachal Pradesh,Tawang,Northeast India,27.586,91.859,3048,6,Difficult,"{""name"": ""Tezpur / Guwahati (Assam, by road)"", ""distance_km"": 320}","{""name"": ""Rangiya / Guwahati"", ""distance_km"": 340}","{""name"": ""Guwahati"", ""distance_km"": 450}","Long, high mountain roads via Bomdila and Sela Pass; weather-dependent.",1550,3100,2800,5500,5400,12200,"[""Spiritual"", ""Mountain"", ""Photography"", ""Offbeat"", ""Border_region""]","[""Monastery visits"", ""High-mountain drives"", ""Short walks to lakes"", ""War memorial visits""]","[""Late Spring"", ""Summer"", ""Early Autumn""]","[""Offbeat_mountain_lovers"", ""Spiritual_travellers"", ""Photography_enthusiasts""]",5.0,6.0,8,Simple local and basic Indian food; limited variety in remote spots.,"[""Thukpa"", ""Momos"", ""Simple local stews""]",,india_tourism_dataset.json
15,Khajjiar,khajjiar,Himachal Pradesh,Chamba,North India,32.552,76.0615,1920,5,Moderate,"{""name"": ""Kangra (Gaggal) / Pathankot (via road)"", ""distance_km"": 120}","{""name"": ""Pathankot"", ""distance_km"": 95}","{""name"": ""Dalhousie"", ""distance_km"": 24}",Hill roads from Dalhousie/Chamba; narrow but motorable.,1350,2600,2400,4700,4600,10800,"[""Nature"", ""Offbeat"", ""Family"", ""Photography""]","[""Picnics"", ""Short walks"", ""Horse riding (seasonal)"", ""Zorbing and basic adventure games (seasonal)""]","[""Spring"", ""Summer"", ""Autumn""]","[""Families"", ""Couples"", ""Road_trippers_from_Dalhousie""]",1.0,1.0,2,Small eateries and stalls; more variety in Dalhousie.,"[""Simple North Indian and local hill dishes from dhabas""]",,india_tourism_dataset.json
16,Spiti Valley,spiti valley,Himachal Pradesh,Lahaul and Spiti,North India,32.22,78.33,3800,6,Difficult,"{""name"": ""Bhuntar (Kullu) / Shimla (via road)"", ""distance_km"": 250}","{""name"": ""Joginder Nagar / Shimla (via road)"", ""distance_km"": 240}","{""name"": ""Shimla"", ""distance_km"": 300}","Long, high-altitude roads via Kinnaur or Manali; seasonal closures in winter and early spring.",1600,3100,3100,5900,5800,12000,"[""Adventure"", ""High_altitude"", ""Photography"", ""Spiritual"", ""Offbeat""]","[""Road trips"", ""High-altitude village stays"", ""Monastery visits"", ""Trekking (short and multi-day)"", ""Stargazing""]","[""Summer"", ""Early Autumn""]","[""Adventure_seekers"", ""Photographers"", ""Long_road_trip_travellers"", ""Spiritual_explorers""]",5.0,7.0,12,Simple local and Indian food; limited menus; expect basic but filling meals.,"[""Momos"", ""Thukpa"", ""Butter tea"", ""Local breads and lentil dishes""]",,india_tourism_dataset.json
17,Nubra Valley,nubra valley,Ladakh,Leh,North India,34.67,77.58,3300,7,Moderate,"{""name"": ""Leh Kushok Bakula Rimpochee Airport"", ""distance_km"": 120}","{""name"": ""Jammu Tawi"", ""distance_km"": 520}","{""name"": ""Leh"", ""distance_km"": 120}",Mountain road over Khardung La or via new routes; subject to weather and permits.,1600,3300,3100,6200,7700,17700,"[""Adventure"", ""Nature"", ""Photography"", ""Offbeat"", ""Desert_landscape""]","[""Camel safaris"", ""Monastery visits"", ""Village walks"", ""Camping (seasonal)""]","[""Summer"", ""Early Autumn""]","[""Adventure_travellers"", ""Photographers"", ""Road_trippers""]",2.0,2.0,3,Simple local and Indian meals; many stays include meals.,"[""Momos"", ""Thukpa"", ""Simple local breads and stews""]",,india_tourism_dataset.json
18,Pangong Lake (Pangong Tso),pangong lake (pangong tso),Ladakh,Leh,North India,33.79,78.59,4350,8,Moderate,"{""name"": ""Leh Kushok Bakula Rimpochee Airport"", ""distance_km"": 150}","{""name"": ""Jammu Tawi"", ""distance_km"": 570}","{""name"": ""Leh"", ""distance_km"": 150}",Road from Leh via Chang La pass; high altitude and weather-dependent.,4000,7200,6200,10500,10000,18500,"[""Nature"", ""Photography"", ""High_altitude"", ""Camping""]","[""Lakeside walks"", ""Photography"", ""Simple camping or tent stays"", ""Short hikes around villages""]","[""Summer"", ""Early Autumn""]","[""Landscape_photographers"", ""Adventure_travellers"", ""Short_high_altitude_getaways_from_Leh""]",2.0,2.0,3,Simple meals provided by camps/homestays; limited menu and mostly Indian/Tibetan staples.,"[""Simple thukpa"", ""Momos"", ""Tea and basic homely meals""]",,india_tourism_dataset.json
19,Ooty (Udhagamandalam),ooty (udhagamandalam),Tamil Nadu,Nilgiris,South India,11.4064,76.6932,2240,8,Moderate,"{""name"": ""Coimbatore International Airport"", ""distance_km"": 90}","{""name"": ""Mettupalayam (for Nilgiri Mountain Railway) / Coimbatore"", ""distance_km"": 50}","{""name"": ""Coimbatore"", ""distance_km"": 90}","Good but winding ghat roads from Mettupalayam, Mysuru and Coimbatore.",1450,2800,2600,5700,7000,19400,"[""Hill_station"", ""Family"", ""Nature"", ""Short_break"", ""Heritage_rail""]","[""Boat rides"", ""Toy-train ride (Nilgiri Mountain Railway)"", ""Viewpoint visits"", ""Tea estate tours""]","[""Summer"", ""Winter"", ""Shoulder months""]","[""Families"", ""Couples"", ""First_time_hill_station_visitors_in_South""]",2.0,3.0,4,Mixed South Indian and multi-cuisine options; bakeries and small cafes.,"[""South Indian tiffin items"", ""Local bakery products"", ""Fresh hill vegetables-based dishes""]",,india_tourism_dataset.json
20,Munnar,munnar,Kerala,Idukki,South India,10.0889,77.0595,1600,7,Moderate,"{""name"": ""Cochin International Airport"", ""distance_km"": 110}","{""name"": ""Aluva / Ernakulam (by road from Kochi)"", ""distance_km"": 120}","{""name"": ""Kochi"", ""distance_km"": 120}",Curvy but good mountain roads from Kochi and other Kerala/Tamil Nadu towns.,1500,2900,2600,5800,7000,19400,"[""Nature"", ""Hill_station"", ""Tea_gardens"", ""Honeymoon"", ""Family""]","[""Plantation walks"", ""Viewpoint drives"", ""Short treks"", ""Boating at dams"", ""Wildlife sighting (Eravikulam)""]","[""Winter"", ""Post-monsoon"", ""Early Summer""]","[""Couples"", ""Families"", ""Nature_lovers"", ""Tea_enthusiasts""]",2.0,3.0,4,Kerala and multi-cuisine restaurants; many resorts offer buffet meals.,"[""Appam with stew"", ""Kerala meals on banana leaf"", ""Local fish curries (downhill areas)""]",,"india_tourism_dataset.json,holidify.csv"
21,Kanyakumari,kanyakumari,Tamil Nadu,Kanyakumari,South India,8.0883,77.5385,0,7,Easy,"{""name"": ""Trivandrum International Airport"", ""distance_km"": 90}","{""name"": ""Kanyakumari"", ""distance_km"": 1}","{""name"": ""Thiruvananthapuram"", ""distance_km"": 90}",Good highways from Kerala and Tamil Nadu; frequent buses and taxis.,1300,2500,2250,4500,4600,11500,"[""Coastal"", ""Pilgrimage"", ""Photography"", ""Short_break""]","[""Sunrise and sunset viewing"", ""Ferry ride to Vivekananda Rock"", ""Temple visits"", ""Coastal walks"", ""Photography""]","[""Winter"", ""Post-monsoon""]","[""Pilgrims"", ""Families"", ""Photography_enthusiasts"", ""Coastal_sightseers""]",1.0,2.0,3,South Indian vegetarian restaurants and a few multi-cuisine options around the beach and town.,"[""South Indian tiffin items"", ""Fresh coconut-based dishes"", ""Local fish preparations (outside temple zones)""]",,"india_tourism_dataset.json,holidify.csv"
22,"Rann of Kutch (White Desert, Dhordo)","rann of kutch (white desert, dhordo)",Gujarat,Kachchh,West India,23.7333,69.8833,15,7,Moderate,"{""name"": ""Bhuj Airport"", ""distance_km"": 80}","{""name"": ""Bhuj"", ""distance_km"": 80}","{""name"": ""Bhuj"", ""distance_km"": 80}",Good roads from Bhuj to Dhordo and White Desert tent city during festival season.[web:213],2300,4200,4500,8800,9000,26500,"[""Desert"", ""Cultural"", ""Photography"", ""Festival"", ""Adventure""]","[""Sunrise and sunset walks on the salt desert"", ""Cultural shows and folk performances"", ""Camel cart rides"", ""Shopping for local handicrafts""]","[""Winter (Rann Utsav period)""]","[""Festival_goers"", ""Photographers"", ""Couples"", ""Families_seeking_unique_experience""]",2.0,2.0,3,Buffet-style dining in tent city and local Gujarati thali options; vegetarian-heavy cuisine.[web:210],"[""Gujarati thali"", ""Local snacks like fafda, jalebi"", ""Millet-based village dishes""]",,india_tourism_dataset.json
23,Dhanushkodi (Ghost Town & Beach),dhanushkodi (ghost town & beach),Tamil Nadu,Ramanathapuram,South India,9.1531,79.442,0,4,Moderate,"{""name"": ""Madurai Airport"", ""distance_km"": 170}","{""name"": ""Rameswaram"", ""distance_km"": 20}","{""name"": ""Rameswaram"", ""distance_km"": 20}",Good road from Rameswaram to Dhanushkodi; last stretches previously by jeep are now motorable with restrictions in some zones.[web:214],1150,2400,2300,4700,4100,9700,"[""Coastal"", ""History"", ""Photography"", ""Offbeat"", ""Day_trip""]","[""Beach walks"", ""Exploring ruins (church, railway station remains)"", ""Jeep rides along sandy stretches (where allowed)"", ""Birdwatching""]","[""Winter"", ""Post-monsoon""]","[""History_buffs"", ""Offbeat_beach_seekers"", ""Photographers"", ""Road_trippers_from_Rameswaram""]",1.0,1.0,2,Few stalls and basic vendors near parking/beach; main dining options back in Rameswaram.[web:214],"[""Simple South Indian meals in Rameswaram"", ""Fresh seafood (where available and appropriate)""]",,india_tourism_dataset.json
24,Chitrakote Falls,chitrakote falls,Chhattisgarh,Bastar,Central India,18.978,81.7068,290,5,Moderate,"{""name"": ""Jagdalpur (limited) / Raipur"", ""distance_km"": 40}","{""name"": ""Jagdalpur"", ""distance_km"": 38}","{""name"": ""Jagdalpur"", ""distance_km"": 38}",Decent regional roads from Jagdalpur; conditions vary with season.,1150,2300,2200,4500,4000,9500,"[""Nature"", ""Waterfall"", ""Photography"", ""Offbeat""]","[""Waterfall viewing"", ""Boat rides (seasonal)"", ""Short walks and photography""]","[""Post-monsoon when flow is high but access is comfortable""]","[""Nature_lovers"", ""Waterfall_chasers"", ""Photographers""]",1.0,1.0,2,Basic eateries near falls; more options in Jagdalpur.,"[""Local tribal-inspired dishes (where available)"", ""Chhattisgarhi thalis""]",,india_tourism_dataset.json
25,Gokarna,gokarna,Karnataka,Uttara Kannada,South India,14.549,74.318,0,6,Moderate,"{""name"": ""Goa (Dabolim/MOPA) / Hubballi"", ""distance_km"": 140}","{""name"": ""Gokarna Road"", ""distance_km"": 10}","{""name"": ""Karwar"", ""distance_km"": 60}","Coastal highways and local roads connect Gokarna to Goa, Karwar and other Konkan towns.",1200,2500,2250,4400,3900,11400,"[""Beach"", ""Backpacker"", ""Pilgrimage"", ""Offbeat""]","[""Beach hopping and trekking along coast"", ""Swimming and sunbathing (conditions permitting)"", ""Temple visits"", ""Cafe hopping and yoga retreats""]","[""Post-monsoon to early summer (October\u2013March)""]","[""Backpackers"", ""Budget_beach_travellers"", ""Pilgrims_who_enjoy_beaches"", ""Yoga_retreat_participants""]",2.0,3.0,5,Mix of coastal Karnataka food and international backpacker menus at beach cafes.,"[""Local fish thali (for non-vegetarians)"", ""South Indian tiffin"", ""Simple coastal curries""]",,india_tourism_dataset.json
26,Pondicherry (Puducherry),pondicherry (puducherry),Puducherry,Puducherry,South India,11.9139,79.8145,15,7,Easy,"{""name"": ""Puducherry (limited) / Chennai"", ""distance_km"": 150}","{""name"": ""Puducherry"", ""distance_km"": 2}","{""name"": ""Chennai"", ""distance_km"": 150}",Good coastal highway from Chennai (ECR) and other Tamil Nadu cities.,1400,2700,2550,5600,5800,16300,"[""Beach"", ""Cultural"", ""Caf\u00e9_town"", ""Short_break""]","[""Cycling/walking in heritage streets"", ""Beachfront walks"", ""Caf\u00e9 and restaurant visits"", ""Ashram and Matrimandir (Auroville) visits""]","[""Winter"", ""Post-monsoon""]","[""Couples"", ""Friends"", ""Caf\u00e9_and_food_lovers"", ""Weekend_travellers_from_Chennai/Bengaluru""]",2.0,3.0,4,"Mix of French-influenced, continental and South Indian food; strong café and bakery culture.","[""Crepes and baked goods in cafes"", ""Fresh seafood at coastal restaurants"", ""South Indian meals and filter coffee""]",,india_tourism_dataset.json
27,Hampi,hampi,Karnataka,Vijayanagara,South India,15.335,76.46,467,8,Moderate,"{""name"": ""Jindal Vijayanagar Airport (Vidyanagar) / Hubballi"", ""distance_km"": 40}","{""name"": ""Hospet Junction"", ""distance_km"": 13}","{""name"": ""Hospet"", ""distance_km"": 13}",Good roads from Hospet and regional cities; frequent buses and taxis.,1250,2600,2400,5200,4600,13100,"[""Heritage"", ""UNESCO"", ""Backpacker"", ""Photography"", ""Short_trek""]","[""Heritage site touring by cycle, on foot or auto"", ""Short hikes to viewpoints"", ""Coracle rides in Tungabhadra (seasonal & local rules)"", ""Rock and boulder exploration""]","[""Winter"", ""Post-monsoon""]","[""History_lovers"", ""Backpackers"", ""Budget_travellers"", ""Photographers""]",2.0,3.0,4,Simple cafes and guesthouse restaurants with Indian and some global dishes.,"[""South Indian tiffin"", ""Simple local thalis""]",,india_tourism_dataset.json
28,Majuli Island,majuli island,Assam,Majuli,Northeast India,26.95,94.2,85,5,Moderate,"{""name"": ""Jorhat Airport"", ""distance_km"": 20}","{""name"": ""Jorhat Town / Mariani"", ""distance_km"": 25}","{""name"": ""Jorhat"", ""distance_km"": 20}","Road to ferry ghats near Jorhat, then ferry/boat to Majuli; schedules affected by river level.",1100,2200,2200,4500,4000,9500,"[""Culture"", ""Island"", ""Offbeat"", ""Spiritual"", ""Nature""]","[""Satra visits and performances"", ""Cycling around island roads"", ""Village and paddy-field walks"", ""Birdwatching""]","[""Winter"", ""Post-monsoon""]","[""Culture_seekers"", ""Slow_travelers"", ""Backpackers"", ""Photography_enthusiasts""]",2.0,3.0,4,Simple Assamese meals in homestays and small eateries.,"[""Assamese thali"", ""Fish curries"", ""Pitha (rice cakes)""]",,india_tourism_dataset.json
29,Araku Valley,araku valley,Andhra Pradesh,Alluri Sitharama Raju (Araku region),South India,18.3273,82.875,910,5,Moderate,"{""name"": ""Visakhapatnam Airport"", ""distance_km"": 110}","{""name"": ""Araku (via scenic Vizag-Araku railway)"", ""distance_km"": 0}","{""name"": ""Visakhapatnam"", ""distance_km"": 110}",Hill roads from Visakhapatnam with good views; buses and cabs available.,1100,2200,2200,4500,4000,9500,"[""Nature"", ""Tribal_culture"", ""Hill_station"", ""Short_break""]","[""Valley train ride"", ""Viewpoint visiting"", ""Coffee estate visits"", ""Museum and cultural experiences""]","[""Winter"", ""Post-monsoon""]","[""Families"", ""Train_journey_fans"", ""Nature_lovers"", ""Short_break_travellers_from_Visakhapatnam""]",1.0,2.0,3,Simple Andhra and tribal-influenced dishes; limited but sufficient restaurant options.,"[""Andhra-style meals"", ""Local bamboo chicken (where available)"", ""Valley-grown coffee""]",,india_tourism_dataset.json
30,Varkala,varkala,Kerala,Thiruvananthapuram,South India,8.7379,76.716,20,7,Moderate,"{""name"": ""Trivandrum International Airport"", ""distance_km"": 45}","{""name"": ""Varkala Sivagiri"", ""distance_km"": 3}","{""name"": ""Thiruvananthapuram"", ""distance_km"": 45}",Coastal and state highways connect Varkala to Thiruvananthapuram and Kollam.,1300,2500,2250,4900,4400,12400,"[""Beach"", ""Cliff_scenery"", ""Wellness"", ""Backpacker"", ""Short_break""]","[""Cliff-top walks"", ""Beach time and swimming (conditions permitting)"", ""Yoga and Ayurveda treatments"", ""Cafe and restaurant visits""]","[""Winter"", ""Post-monsoon""]","[""Backpackers"", ""Couples"", ""Wellness_travellers"", ""Budget_beach_holidayseekers""]",2.0,3.0,5,Strong cafe culture with Indian and international cuisine; many vegetarian and seafood options.,"[""Kerala fish curry (for non-vegetarians)"", ""Appam and stew"", ""Fresh coconut-based dishes""]",,"india_tourism_dataset.json,holidify.csv"
31,Havelock Island (Swaraj Dweep),havelock island (swaraj dweep),Andaman and Nicobar Islands,South Andaman,Island Territory,11.968,92.987,0,9,Moderate,"{""name"": ""Port Blair (Veer Savarkar International Airport)"", ""distance_km"": 60}","{""name"": ""None (island; access via ferry from Port Blair)"", ""distance_km"": null}","{""name"": ""Port Blair"", ""distance_km"": 60}","Internal island roads connect jetty, Radhanagar Beach and other points; main access is by ship/ferry from Port Blair.[web:216][web:217][web:222]",2300,5500,4400,10700,9300,28000,"[""Beach"", ""Honeymoon"", ""Diving"", ""Family"", ""Island""]","[""Beach walks and sunset at Radhanagar"", ""Snorkelling and scuba diving"", ""Sea walking and other water sports (Elephant Beach)"", ""Cycling or scooty rides""]","[""Winter"", ""Calm sea months from November to April""]","[""Honeymooners"", ""Families"", ""Water_sports_lovers"", ""Beach_relaxation_seekers""]",2.0,3.0,5,Resort and beachside restaurants with Indian and international menus; fresh seafood popular.[web:217],"[""Fresh grilled seafood"", ""Coconut-based curries"", ""Island-style Indian and continental dishes""]",,india_tourism_dataset.json
32,Neil Island (Shaheed Dweep),neil island (shaheed dweep),Andaman and Nicobar Islands,South Andaman,Island Territory,11.83,93.05,0,7,Moderate,"{""name"": ""Port Blair (via ferry)"", ""distance_km"": 40}","{""name"": ""None (island; ferry access only)"", ""distance_km"": null}","{""name"": ""Port Blair"", ""distance_km"": 40}",Compact island with simple internal roads; main access via government and private ferries from Port Blair and Havelock.[web:220][web:223],1800,3800,3400,7200,6500,16700,"[""Beach"", ""Relaxation"", ""Photography"", ""Snorkelling"", ""Short_break""]","[""Glass-bottom boat rides and snorkelling at Bharatpur.[web:220][web:223]"", ""Sunset viewing at Laxmanpur Beach.[web:220][web:223]"", ""Sunrise at Sitapur Beach and cycling around island.[web:220][web:223]"", ""Casual beach walks and photography""]","[""Winter"", ""Calm sea months November\u2013April""]","[""Couples"", ""Families"", ""Slow_travellers"", ""Budget_beach_lovers""]",1.0,2.0,3,Simple restaurants near beaches serving Indian and some Bengali and seafood dishes.[web:220][web:223],"[""Fresh fish curries"", ""Bengali-style dishes at Neil Kendra.[web:223]"", ""Coconut-based sweets and snacks""]",,india_tourism_dataset.json
33,Shillong,shillong,Meghalaya,East Khasi Hills,Northeast India,25.5788,91.8933,1495,7,Moderate,"{""name"": ""Shillong Airport (Umroi) / Guwahati"", ""distance_km"": 30}","{""name"": ""Guwahati (major railhead)"", ""distance_km"": 100}","{""name"": ""Guwahati"", ""distance_km"": 100}",Good hilly highway from Guwahati to Shillong with frequent shared cabs and buses.,1450,2800,2600,5700,5800,16300,"[""Hill_station"", ""City_break"", ""Music_culture"", ""Gateway_destination""]","[""City walks and cafes"", ""Market shopping"", ""Short drives to viewpoints and nearby falls""]","[""Winter"", ""Post-monsoon""]","[""Families"", ""Young_travellers"", ""Music_and_cafe_lovers"", ""Travellers_heading_to_Cherrapunji/Dawki""]",1.0,2.0,3,"Wide variety of North Indian, Chinese, fast food and some Khasi cuisine; many cafes.","[""Jadoh (rice and meat dish)"", ""Local pork preparations"", ""Street snacks at markets""]",,"india_tourism_dataset.json,holidify.csv"
34,Cherrapunji & Mawsmai Area (Sohra region),cherrapunji & mawsmai area (sohra region),Meghalaya,East Khasi Hills,Northeast India,25.27,91.73,1430,8,Moderate,"{""name"": ""Shillong Airport / Guwahati"", ""distance_km"": 60}","{""name"": ""Guwahati"", ""distance_km"": 150}","{""name"": ""Shillong"", ""distance_km"": 55}",Hill roads from Shillong with frequent taxis and tours; winding but well travelled.[web:221][web:224],1550,3200,2800,6000,5500,14500,"[""Waterfalls"", ""Caves"", ""Rain_destination"", ""Short_treks""]","[""Waterfall viewpoint visits"", ""Cave walks (easy sections at Mawsmai)"", ""Short hikes to viewpoints"", ""Monsoon rain experience (with care)""]","[""Post-monsoon and winter for clear views; monsoon for intense waterfall volume if prepared for rain.[web:224]""]","[""Waterfall_chasers"", ""Nature_lovers"", ""Monsoon_experience_seekers"", ""Photographers""]",1.0,2.0,3,Basic to mid-range eateries offering Indian and some local Khasi dishes.,"[""Jadoh and Khasi pork dishes"", ""Local teas and snacks""]",,india_tourism_dataset.json
35,Dawki & Shnongpdeng,dawki & shnongpdeng,Meghalaya,West Jaintia Hills,Northeast India,25.2,92.02,150,7,Moderate,"{""name"": ""Shillong Airport / Guwahati"", ""distance_km"": 90}","{""name"": ""Guwahati"", ""distance_km"": 170}","{""name"": ""Shillong"", ""distance_km"": 80}",Hill roads from Shillong via Pynursla/other routes; last stretch includes narrow winding roads to river bank.[web:221],1850,3800,3200,6200,5600,13200,"[""River"", ""Adventure"", ""Camping"", ""Photography""]","[""Crystal-clear river boating"", ""Kayaking, snorkelling and cliff jumping with operators"", ""Camping by riverside (seasonal)"", ""Short walks and suspension bridge views""]","[""Post-monsoon to winter when water is clearest (roughly November\u2013February).[web:221]""]","[""Adventure_seekers"", ""Friends_groups"", ""Campers"", ""Photographers""]",1.0,1.0,2,Simple local stalls and food at camps; more variety in Shillong.,"[""Simple rice and meat/fish thali from local eateries"", ""Local tea and snacks""]",,india_tourism_dataset.json
36,Krang Suri Falls,krang suri falls,Meghalaya,West Jaintia Hills,Northeast India,25.34,92.25,800,6,Moderate,"{""name"": ""Shillong Airport / Guwahati"", ""distance_km"": 90}","{""name"": ""Guwahati"", ""distance_km"": 180}","{""name"": ""Jowai"", ""distance_km"": 30}",Road from Jowai with last stretch on narrower hilly roads; walks and steps from parking to falls.[web:224],1300,2700,2400,4900,4200,9900,"[""Waterfall"", ""Swimming"", ""Day_trip"", ""Photography""]","[""Guided swimming in designated safe area (with life jackets where allowed).[web:224]"", ""Photography from walkways and viewpoints.[web:224]"", ""Picnics and relaxation near falls""]","[""Post-monsoon and winter for clearer water and safe access.[web:224]""]","[""Waterfall_chasers"", ""Photographers"", ""Friends_groups""]",1.0,1.0,1,Small stalls and basic eateries near parking; carry snacks and water.,"[""Simple rice plates and snacks from local eateries""]",,india_tourism_dataset.json
37,Rishikesh,rishikesh,Uttarakhand,Dehradun,North India,30.0869,78.2676,372,9,Easy,"{""name"": ""Dehradun (Jolly Grant) Airport"", ""distance_km"": 20}","{""name"": ""Rishikesh / Haridwar (major)"", ""distance_km"": 0}","{""name"": ""Haridwar"", ""distance_km"": 25}","Good roads from Haridwar, Dehradun and Delhi; frequent buses and shared vehicles.",1350,2900,2600,5700,5200,17000,"[""Spiritual"", ""Adventure"", ""Yoga"", ""Weekend_getaway""]","[""Ganga Aarti participation"", ""Yoga and meditation courses"", ""River rafting and camping (seasonal)"", ""Cafe hopping with Ganga views""]","[""Winter"", ""Spring"", ""Post-monsoon""]","[""Backpackers"", ""Spiritual_seekers"", ""Adventure_travellers"", ""Wellness_tourists""]",2.0,3.0,5,Vegetarian-heavy with many cafes offering global health foods and traditional Indian meals.,"[""Local thali"", ""Street-side chaat"", ""Cafe-style healthy bowls""]",,"india_tourism_dataset.json,holidify.csv"
38,Haridwar,haridwar,Uttarakhand,Haridwar,North India,29.9457,78.1642,314,8,Easy,"{""name"": ""Dehradun (Jolly Grant) Airport"", ""distance_km"": 35}","{""name"": ""Haridwar Junction"", ""distance_km"": 0}","{""name"": ""Rishikesh"", ""distance_km"": 25}",Excellent road links from Delhi and other North Indian cities; frequent buses and trains.,850,1800,1650,3800,3600,10400,"[""Pilgrimage"", ""Spiritual"", ""Gateway_destination""]","[""Taking dips in Ganga at designated ghats"", ""Attending evening Aarti"", ""Temple visits"", ""Shopping for religious items and sweets""]","[""Winter"", ""Post-monsoon""]","[""Pilgrims"", ""Families_on_religious_trips"", ""First_time_Ganga_visitors""]",1.0,2.0,3,"Largely vegetarian with street snacks, sweets and North Indian meals.","[""Kachori and puri-sabzi"", ""Local sweets like peda and jalebi""]",,india_tourism_dataset.json
39,Varanasi (Kashi),varanasi (kashi),Uttar Pradesh,Varanasi,North India,25.3176,82.9739,80,10,Easy,"{""name"": ""Lal Bahadur Shastri International Airport, Varanasi"", ""distance_km"": 25}","{""name"": ""Varanasi Junction / Banaras"", ""distance_km"": 0}","{""name"": ""Prayagraj"", ""distance_km"": 120}",Good highway and rail links from major North Indian cities; city traffic can be congested near old town.,1150,2800,2500,5500,5100,16000,"[""Pilgrimage"", ""Spiritual"", ""Heritage"", ""Photography""]","[""Sunrise/sunset boat rides"", ""Evening Aarti at main ghats"", ""Temple darshan"", ""Heritage and food walks""]","[""Winter"", ""Post-monsoon""]","[""Spiritual_seekers"", ""Photographers"", ""Culture_lovers"", ""First_time_India_travellers""]",2.0,3.0,5,"Street food (chaat, kachori, lassi), mithai shops and sit-down restaurants offering North Indian and some international options.","[""Kachori-sabzi breakfast"", ""Banarasi paan"", ""Lassi and local sweets""]",,india_tourism_dataset.json
40,Amritsar,amritsar,Punjab,Amritsar,North India,31.634,74.8723,234,9,Easy,"{""name"": ""Sri Guru Ram Dass Jee International Airport, Amritsar"", ""distance_km"": 11}","{""name"": ""Amritsar Junction"", ""distance_km"": 0}","{""name"": ""Lahore (Pakistan) / Jalandhar (India)"", ""distance_km"": 80}","Well-connected by highways and trains from Delhi, Chandigarh and other Punjab cities.",1150,2700,2400,5400,5000,15700,"[""Spiritual"", ""History"", ""Food"", ""Weekend_getaway""]","[""Golden Temple darshan and langar"", ""Evening border flag ceremony visit"", ""Heritage and food walks in old city""]","[""Winter"", ""Post-monsoon""]","[""Families"", ""Pilgrims"", ""Food_lovers"", ""First_time_North_India_visitors""]",2.0,2.0,3,Rich Punjabi cuisine from dhabas to sit-down restaurants; vegetarian and non-vegetarian options.,"[""Amritsari kulcha"", ""Chole bhature"", ""Lassi"", ""Amritsari fish (non-veg)""]",,"india_tourism_dataset.json,holidify.csv"
41,Kanatal,kanatal,Uttarakhand,Tehri Garhwal,North India,30.45,78.32,2600,5,Moderate,"{""name"": ""Dehradun (Jolly Grant) Airport"", ""distance_km"": 80}","{""name"": ""Rishikesh / Dehradun"", ""distance_km"": 75}","{""name"": ""Mussoorie"", ""distance_km"": 40}","Hilly road from Chamba–Mussoorie side with moderate traffic; accessible by car, taxi and limited buses.[web:228][web:232]",1450,2900,2600,5700,5200,20100,"[""Offbeat_hill"", ""Nature"", ""Short_break"", ""Workation""]","[""Easy hikes and village walks"", ""Camping and bonfires (in season)"", ""Short drives to viewpoints""]","[""Spring"", ""Summer"", ""Autumn"", ""Snow spells in winter (road permitting).[web:228]""]","[""Couples"", ""Remote_workers"", ""Nature_lovers"", ""Families_seeking_quiet""]",2.0,3.0,5,Mostly in-house meals at stays and a few dhabas; simple North Indian and Garhwali food.,"[""Garhwali dal and mandua-based dishes"", ""Simple homely thalis""]",,india_tourism_dataset.json
42,Binsar,binsar,Uttarakhand,Almora,North India,29.7,79.77,2400,6,Moderate,"{""name"": ""Pantnagar Airport"", ""distance_km"": 140}","{""name"": ""Kathgodam"", ""distance_km"": 120}","{""name"": ""Almora"", ""distance_km"": 30}",Mountain roads from Almora side; last stretch into Binsar Wildlife Sanctuary has controlled vehicle entry.[web:232],1800,3500,3100,6500,5900,13000,"[""Offbeat_hill"", ""Wildlife"", ""Birding"", ""Workation""]","[""Short treks and forest walks"", ""Birdwatching"", ""Sunrise/sunset mountain viewing""]","[""Autumn"", ""Winter (for clear views)"", ""Spring (for blooms).[web:232]""]","[""Birders"", ""Writers_and_remote_workers"", ""Nature_lovers"", ""Families_seeking_quiet""]",2.0,3.0,5,Mostly in-house food at lodges/homestays; Kumaoni dishes plus simple North Indian.,"[""Bhatt ki churkani"", ""Aloo ke gutke and simple Kumaoni thali""]",,india_tourism_dataset.json
43,Munsiyari,munsiyari,Uttarakhand,Pithoragarh,North India,30.07,80.24,2200,6,Difficult,"{""name"": ""Pantnagar (via long road journey)"", ""distance_km"": 320}","{""name"": ""Kathgodam / Tanakpur"", ""distance_km"": 280}","{""name"": ""Pithoragarh"", ""distance_km"": 130}","Long, winding mountain roads via Almora–Thal or other Kumaon routes; scenic but time-consuming.[web:229][web:232]",1500,2900,2600,5700,5200,19900,"[""Offbeat_hill"", ""Trekking_base"", ""Mountain_views"", ""Adventure""]","[""Day hikes and multi-day treks"", ""Village walks"", ""Birding and photography""]","[""Spring"", ""Summer"", ""Autumn (for clear mountain views).""]","[""Trekkers"", ""Mountain_photographers"", ""Offbeat_seekers""]",3.0,4.0,7,Local eateries and in-house kitchens; Kumaoni and North Indian dishes.,"[""Kumaoni dal\u2013bhaat with seasonal greens"", ""Local bhatt-based dishes""]",,india_tourism_dataset.json
44,Chakrata,chakrata,Uttarakhand,Dehradun,North India,30.7,77.87,2100,5,Moderate,"{""name"": ""Dehradun (Jolly Grant) Airport"", ""distance_km"": 115}","{""name"": ""Dehradun"", ""distance_km"": 90}","{""name"": ""Dehradun"", ""distance_km"": 90}",7–8 hour drive from Delhi via Dehradun and Vikasnagar; last sections are hilly with some narrow curves.[web:232],1450,2800,2600,5200,4700,15800,"[""Offbeat_hill"", ""Nature"", ""Weekend_getaway"", ""Light_adventure""]","[""Nature walks and birding at Deoban"", ""Short treks to waterfalls and viewpoints"", ""Camping and bonfires (in season)""]","[""Spring"", ""Summer"", ""Autumn""]","[""Weekend_travellers_from_Delhi"", ""Families"", ""Birders_and_nature_lovers""]",2.0,3.0,4,Local dhabas and in-house kitchens serving simple Indian food.,"[""Simple hill thali and fresh seasonal vegetables""]",,india_tourism_dataset.json
45,Kanha National Park,kanha national park,Madhya Pradesh,Mandla / Balaghat,Central India,22.33,80.61,600,8,Moderate,"{""name"": ""Jabalpur Airport"", ""distance_km"": 165}","{""name"": ""Gondia / Jabalpur"", ""distance_km"": 145}","{""name"": ""Jabalpur"", ""distance_km"": 165}","Good forest highways from Jabalpur, Nagpur and Raipur to resort zones like Kisli, Mukki, Kanha.[web:230]",3900,7300,7100,13000,11900,30500,"[""Wildlife"", ""Tiger_safari"", ""Nature"", ""Photography""]","[""Morning and evening jeep safaris (permit-based)"", ""Nature walks in buffer zones (where allowed)"", ""Village and tribal-culture visits""]","[""October\u2013June with peak sightings often Feb\u2013May.[web:230]""]","[""Wildlife_photographers"", ""Families_with_interest_in_nature"", ""First_time_tiger_safari_travellers""]",2.0,3.0,5,Mostly in-lodge buffets or set menus with Indian and some continental dishes.,"[""Simple MP thali at lodges or dhabas""]",,india_tourism_dataset.json
46,Ranthambore National Park,ranthambore national park,Rajasthan,Sawai Madhopur,North India,26.02,76.5,350,9,Easy,"{""name"": ""Jaipur International Airport"", ""distance_km"": 160}","{""name"": ""Sawai Madhopur"", ""distance_km"": 10}","{""name"": ""Jaipur"", ""distance_km"": 170}","Good highway from Jaipur, Delhi side; regular trains to Sawai Madhopur then short drive to resort belt.[web:230]",3800,7100,6900,13700,12700,35300,"[""Wildlife"", ""Tiger_safari"", ""Heritage"", ""Short_break""]","[""Jeep/canter safaris"", ""Fort and temple visits (as per rules)"", ""Village walks and handicraft shopping""]","[""October\u2013April; hot months can be excellent for sightings near water.[web:230]""]","[""First_time_safari_goers"", ""Golden_Triangle_travellers"", ""Wildlife_photographers""]",2.0,3.0,4,Primarily resort restaurants with Rajasthani and North Indian menus.,"[""Dal baati churma"", ""Local kadhi and sabzis""]",,india_tourism_dataset.json
47,Bandhavgarh National Park,bandhavgarh national park,Madhya Pradesh,Umaria,Central India,23.69,81.0,620,8,Moderate,"{""name"": ""Jabalpur Airport"", ""distance_km"": 170}","{""name"": ""Umaria / Katni"", ""distance_km"": 35}","{""name"": ""Jabalpur"", ""distance_km"": 170}","Forest and state highways from Jabalpur, Katni and Umaria to Tala and other tourism zones.[web:230][web:233]",3900,7300,7100,13000,11900,28500,"[""Wildlife"", ""Tiger_safari"", ""Photography""]","[""Jeep safaris"", ""Nature walks in buffer (where permitted)"", ""Village experiences""]","[""October\u2013June; hottest months increase chances at water holes.[web:230]""]","[""Serious_wildlife_photographers"", ""Repeat_safari_travellers"", ""Nature_lovers""]",2.0,3.0,5,Lodge-based dining with Indian and some continental dishes.,"[""Simple village-style MP thalis""]",,india_tourism_dataset.json
48,Tadoba Andhari Tiger Reserve,tadoba andhari tiger reserve,Maharashtra,Chandrapur,West India,20.26,79.37,220,8,Moderate,"{""name"": ""Nagpur Airport"", ""distance_km"": 140}","{""name"": ""Chandrapur / Nagpur"", ""distance_km"": 45}","{""name"": ""Nagpur"", ""distance_km"": 140}",Good highways from Nagpur to Moharli and other gates; ~2–3 hour drive from city.[web:230],3900,7300,7100,13000,11900,28500,"[""Wildlife"", ""Tiger_safari"", ""Photography""]","[""Jeep safaris"", ""Boat safaris in some buffer waterbodies (subject to rules)"", ""Night drives in certain buffer zones (if permitted)""]","[""October\u2013June; best views often in dry months when animals visit water.[web:230]""]","[""Quick_safari_from_Nagpur"", ""Wildlife_photographers"", ""Families_who_enjoy_wildlife""]",2.0,3.0,4,In-resort dining with Maharashtrian and North Indian food.,"[""Spicy Maharashtrian sabzis and bhakri""]",,india_tourism_dataset.json
49,Lakshadweep (Agatti–Bangaram–Kadmat circuit),lakshadweep (agatti–bangaram–kadmat circuit),Lakshadweep,Union Territory Islands,Island Territory,10.83,72.19,0,7,Difficult,"{""name"": ""Agatti Airport"", ""distance_km"": 0}","{""name"": ""None (island chain; access via flights/ships from Kochi)"", ""distance_km"": null}","{""name"": ""Kochi (main mainland gateway)"", ""distance_km"": 460}",Internal island roads and walking paths only; inter-island travel by boats and ships arranged through administration/tour operators.[web:231][web:234],4900,10700,9200,18000,15500,33000,"[""Island"", ""Beach"", ""Diving"", ""Honeymoon"", ""Offbeat""]","[""Snorkelling, scuba diving and kayaking in lagoons"", ""Lagoon boat rides and reef walks"", ""Beach relaxation and low-key cycling/walks""]","[""Dry, calm-sea months from October\u2013March; some itineraries also run through April.[web:231][web:234]""]","[""Honeymooners"", ""Divers_and_snorkellers"", ""Quiet_beach_seekers""]",4.0,5.0,7,"Resort and camp kitchens serving South Indian, seafood and simple continental dishes.[web:231]","[""Fresh fish fries and curries"", ""Coconut-rich island dishes"", ""Traditional Malabari-influenced snacks""]",,india_tourism_dataset.json
50,Kalpeni Island (Lakshadweep),kalpeni island (lakshadweep),Lakshadweep,Union Territory Islands,Island Territory,10.07,73.65,0,5,Difficult,"{""name"": ""Agatti Airport (via ship/boat connection)"", ""distance_km"": 150}","{""name"": ""None; access via Kochi then ship/boat"", ""distance_km"": null}","{""name"": ""Kochi (mainland gateway)"", ""distance_km"": 380}",Small internal roads within island; access via ships and boats as part of Lakshadweep itineraries.[web:231][web:234],3900,8600,7100,13500,12200,25500,"[""Island"", ""Water_sports"", ""Offbeat"", ""Beach""]","[""Kayaking, sailing and reef walks"", ""Snorkelling and basic diving experiences (where offered)"", ""Beach walks and sunrise/sunset watching""]","[""October\u2013March when seas are calmer and lagoons easily accessible.[web:231][web:234]""]","[""Families_with_kids"", ""Soft_adventure"", ""Offbeat_island_lovers""]",2.0,2.0,4,"Set meals within packages, featuring South Indian staples and fresh seafood.[web:231]","[""Island fish curries with coconut"", ""Local snacks served at tourist huts""]",,india_tourism_dataset.json
51,Jaisalmer (Thar Desert & Fort Town),jaisalmer (thar desert & fort town),Rajasthan,Jaisalmer,West India,26.9157,70.9083,225,9,Moderate,"{""name"": ""Jaisalmer Airport (seasonal flights) / Jodhpur Airport"", ""distance_km"": 15}","{""name"": ""Jaisalmer Junction"", ""distance_km"": 2}","{""name"": ""Jodhpur"", ""distance_km"": 280}","Good highways from Jodhpur and Bikaner; buses and cabs available, desert stretches beyond town by road/jeep.[web:238][web:241]",1650,3500,3000,6500,6300,21200,"[""Desert"", ""Heritage"", ""Photography"", ""Festival""]","[""Fort and haveli walks"", ""Camel/jeep safaris with dune sunset"", ""Overnight desert camping"", ""Shopping for textiles and handicrafts""]","[""Winter and post-monsoon (October\u2013March).""]","[""Couples"", ""Friends_groups"", ""Photography_enthusiasts"", ""Culture_lovers""]",2.0,3.0,4,"Rajasthani thalis, local snacks and rooftop restaurants with fort views.","[""Dal baati churma"", ""Ker sangri"", ""Gatte ki sabzi""]",,india_tourism_dataset.json
52,Kutch Interior Circuit (Bhuj–Mandvi–Villages),kutch interior circuit (bhuj–mandvi–villages),Gujarat,Kachchh,West India,23.25,69.67,60,6,Moderate,"{""name"": ""Bhuj Airport"", ""distance_km"": 5}","{""name"": ""Bhuj"", ""distance_km"": 5}","{""name"": ""Bhuj"", ""distance_km"": 0}","Good roads from Bhuj to Mandvi, Kala Dungar and craft villages like Hodka, Nirona and Bhujodi.[web:210]",1750,3800,3500,6900,6400,14600,"[""Cultural"", ""Desert_coastal"", ""Handicrafts"", ""Road_trip""]","[""Handicraft village visits and shopping"", ""Beach walks at Mandvi"", ""Short hikes/drives to viewpoints"", ""Local food exploration""]","[""Winter and Rann Utsav period (October\u2013March).""]","[""Handicraft_shoppers"", ""Culture_lovers"", ""Road_trippers""]",3.0,4.0,6,"Gujarati thalis, snacks and local coastal dishes; simple village meals in homestays.","[""Gujarati thali"", ""Kutchi Dabeli"", ""Local sweets like mawa-based desserts""]",,india_tourism_dataset.json
53,Coorg (Kodagu),coorg (kodagu),Karnataka,Kodagu,South India,12.42,75.74,1150,8,Moderate,"{""name"": ""Mangaluru / Kannur (regional) / Bengaluru (farther)"", ""distance_km"": 140}","{""name"": ""Mysuru / Hassan"", ""distance_km"": 95}","{""name"": ""Mysuru"", ""distance_km"": 115}","Hill roads from Mysuru, Mangaluru and Bengaluru with frequent buses and cabs; main towns are Madikeri and Virajpet.[web:239][web:242]",1650,3700,3300,7200,6600,20700,"[""Coffee_estates"", ""Hill_station"", ""Nature"", ""Family"", ""Honeymoon""]","[""Coffee estate tours and tastings"", ""Plantation walks and birding"", ""Short treks and viewpoints"", ""River activities near Dubare (seasonal, regulated)""]","[""Post-monsoon to winter (October\u2013February) for clear views; monsoon for lush greenery if okay with rain.[web:240]""]","[""Coffee_lovers"", ""Families"", ""Couples"", ""Nature_enthusiasts""]",2.0,3.0,5,Kodava cuisine in some homestays plus Karnataka and multi-cuisine options; strong filter coffee culture.,"[""Pandi (pork) curry for non-vegetarians"", ""Akki roti and Kadambuttu (rice-based dishes)"", ""Traditional Coorg-style chicken and bamboo shoot preparations""]",,india_tourism_dataset.json
54,Wayanad,wayanad,Kerala,Wayanad,South India,11.61,76.08,900,7,Moderate,"{""name"": ""Calicut International Airport (Kozhikode)"", ""distance_km"": 100}","{""name"": ""Kozhikode"", ""distance_km"": 85}","{""name"": ""Kozhikode"", ""distance_km"": 85}","Ghat roads from Kozhikode, Mysuru and Kannur; well-used by buses and private vehicles.[web:240]",1650,3700,3300,7200,6600,20700,"[""Hill_station"", ""Plantations"", ""Wildlife"", ""Waterfalls"", ""Family""]","[""Estate stays and walks"", ""Short treks and view points"", ""Waterfall visits (seasonal, with caution)"", ""Wildlife safaris in nearby Wayanad forests (regulations apply)""]","[""Post-monsoon to winter (October\u2013February) and early monsoon for greenery.[web:240]""]","[""Families"", ""Couples"", ""Nature_lovers"", ""Road_trippers_from_Kerala/Karnataka""]",2.0,3.0,5,"Kerala meals, Malabar cuisine and resort buffets; many places offer both veg and non-veg options.","[""Kerala meals on banana leaf"", ""Malabar biryani"", ""Fish curries and appam\u2013stew""]",,india_tourism_dataset.json
55,Tamhini Ghat & Mulshi,tamhini ghat & mulshi,Maharashtra,Pune / Raigad,West India,18.52,73.4,700,6,Moderate,"{""name"": ""Pune Airport"", ""distance_km"": 60}","{""name"": ""Pune Junction"", ""distance_km"": 50}","{""name"": ""Pune"", ""distance_km"": 50}",Scenic but winding Ghat road connecting Pune–Mulshi–Tamhini–Konkan; popular monsoon drive route.[web:243],1550,3500,3100,6600,6100,16700,"[""Monsoon_drive"", ""Waterfalls"", ""Nature"", ""Weekend_getaway""]","[""Monsoon road trip and photography"", ""Short roadside walks"", ""Picnics at safe designated points""]","[""Mid-monsoon (July\u2013September) for greenery and waterfalls.[web:243]""]","[""Road_trip_lovers"", ""Monsoon_photographers"", ""Friends_and_couples_from_Pune/Mumbai""]",1.0,1.0,2,Roadside dhabas and resorts serving Maharashtrian and multi-cuisine meals.,"[""Maharashtrian veg and non-veg thalis"", ""Bhakri with thecha and pitla""]",,india_tourism_dataset.json
56,Mahabaleshwar & Panchgani,mahabaleshwar & panchgani,Maharashtra,Satara,West India,17.92,73.66,1350,8,Moderate,"{""name"": ""Pune Airport"", ""distance_km"": 120}","{""name"": ""Wathar / Pune (main hub)"", ""distance_km"": 60}","{""name"": ""Pune"", ""distance_km"": 120}",Good hill roads from Pune and Mumbai; many buses and cabs; some curves and fog in monsoon.,1650,3700,3300,7700,7100,20700,"[""Hill_station"", ""Family"", ""Monsoon"", ""Short_break""]","[""Viewpoint drives"", ""Boat rides"", ""Horse riding at Venna/Table Land"", ""Monsoon waterfall spotting on roadside""]","[""Strawberry and winter season (November\u2013February); monsoon for foggy, green landscapes.[web:243]""]","[""Families"", ""Couples"", ""Weekend_getaway_seekers_from_Mumbai/Pune""]",2.0,3.0,4,"Vegetarian and non-vegetarian restaurants, chaat and dessert outlets; strawberry and cream is a signature.","[""Strawberries with cream"", ""Maharashtrian thali"", ""Corn-based monsoon snacks""]",,india_tourism_dataset.json
57,Chikmagalur,chikmagalur,Karnataka,Chikkamagaluru,South India,13.32,75.77,1090,7,Moderate,"{""name"": ""Mangaluru / Bengaluru"", ""distance_km"": 150}","{""name"": ""Kaduru / Birur"", ""distance_km"": 40}","{""name"": ""Bengaluru"", ""distance_km"": 240}",Good highways from Bengaluru and Mangaluru; last stretches into hill estates via narrow roads.[web:240],1650,3700,3300,7200,6600,20700,"[""Coffee_estates"", ""Hill_station"", ""Trekking"", ""Monsoon""]","[""Trekking to viewpoints (weather permitting)"", ""Estate walks and coffee experiences"", ""Jeep rides to falls or peaks"", ""Monsoon drives and photography""]","[""Post-monsoon to winter for trekking; early monsoon for lush scenery.[web:240]""]","[""Trekkers"", ""Coffee_and_nature_lovers"", ""Friends_and_couples_from_Bengaluru""]",2.0,3.0,5,Homely Karnataka food in stays plus small restaurants in town; excellent filter coffee.,"[""Karnataka vegetarian meals"", ""Local chicken and mutton dishes in non-veg eateries"", ""Fresh coffee at estate stays""]",,india_tourism_dataset.json
58,Amboli Ghat,amboli ghat,Maharashtra,Sindhudurg,West India,15.96,74.0,690,5,Moderate,"{""name"": ""Belagavi / Goa (MOPA/Dabolim)"", ""distance_km"": 80}","{""name"": ""Sawantwadi Road"", ""distance_km"": 30}","{""name"": ""Belagavi"", ""distance_km"": 80}",Ghat road connecting Belagavi region with Konkan via Amboli; popular monsoon route with buses and cars.[web:243],1450,3100,2700,5900,5400,16200,"[""Monsoon"", ""Waterfalls"", ""Nature"", ""Herping_macro_photography""]","[""Monsoon walks near viewpoints and falls"", ""Nature photography"", ""Specialist herping tours (with certified guides)""]","[""Monsoon months (June\u2013September) for full waterfalls and mist; shoulder months for calmer weather.[web:243]""]","[""Monsoon_chasers"", ""Macro_and_herp_photographers"", ""Short_break_travellers_from_Belagavi/Goa""]",1.0,2.0,3,Simple Maharashtrian and Konkan dishes in local eateries.,"[""Kombdi vade and fish fry (for non-vegetarians)"", ""Simple Maharashtrian veg thali""]",,india_tourism_dataset.json
59,Agumbe & Western Ghats Rainforest Belt,agumbe & western ghats rainforest belt,Karnataka,Shivamogga / Udupi region,South India,13.5,75.08,650,5,Moderate,"{""name"": ""Mangaluru Airport"", ""distance_km"": 100}","{""name"": ""Udupi / Shivamogga"", ""distance_km"": 55}","{""name"": ""Mangaluru"", ""distance_km"": 100}",Hairpin Ghat roads from Udupi/Mangaluru side and interior Karnataka; buses and cabs available.[web:240],1650,3700,3300,6700,6100,16700,"[""Rainforest"", ""Monsoon"", ""Herping_macro"", ""Offbeat""]","[""Forest treks with guides (permits as required)"", ""Monsoon and post-monsoon herping and macro photography"", ""Village homestay experiences""]","[""Monsoon and immediately after (June\u2013October) for rainforest atmosphere; winter for drier treks.[web:240]""]","[""Nature_research_and_herp_fans"", ""Serious_monson_chasers"", ""Offbeat_travellers""]",2.0,3.0,5,Simple home-style Karnataka and coastal-influenced meals at homestays.,"[""Local rice and sambar meals"", ""Coastal-style fish (in non-veg homes)""]",,india_tourism_dataset.json
60,Kudremukh & Surrounding Ghats,kudremukh & surrounding ghats,Karnataka,Chikkamagaluru,South India,13.13,75.25,1600,6,Moderate,"{""name"": ""Mangaluru Airport"", ""distance_km"": 100}","{""name"": ""Mangalore Junction"", ""distance_km"": 95}","{""name"": ""Mangaluru"", ""distance_km"": 100}","Ghat roads from Mangaluru, Chikmagalur and Sringeri with forest check-posts and regulated access to national park area.[web:240]",1650,3700,3300,7200,6600,14700,"[""Trekking"", ""Rainforest"", ""Offbeat"", ""Nature""]","[""Full-day guided treks to Kudremukh peak (with permits)"", ""Shorter hikes and stream visits"", ""Birding and nature walks""]","[""Post-monsoon (October\u2013February) for clear views; monsoon for dramatic clouds but restricted trekking windows.[web:240]""]","[""Fit_trekkers"", ""Nature_photographers"", ""Small_friend_groups""]",2.0,2.0,4,"Simple, hearty home-cooked Karnataka meals at homestays.","[""Simple rice\u2013sambar meals"", ""Local vegetable preparations""]",,india_tourism_dataset.json
61,Havelock Island (Swaraj Dweep),havelock island (swaraj dweep),Andaman and Nicobar Islands,South Andaman,Island Territory,11.97,92.99,0,9,Moderate,"{""name"": ""Port Blair (Veer Savarkar International Airport)"", ""distance_km"": 57}","{""name"": ""None (islands accessible only by air/sea)"", ""distance_km"": null}","{""name"": ""Port Blair"", ""distance_km"": 57}","Internal island roads for local travel by cabs, autos, bikes and cycles; main access is ferry from Port Blair.[web:244][web:245][web:246][web:247][web:250]",4600,10700,8900,18300,16000,38500,"[""Island"", ""Beach"", ""Diving"", ""Honeymoon"", ""Family""]","[""Scuba diving and snorkelling"", ""Sea walks and glass-bottom boat rides"", ""Kayaking and stand-up paddling"", ""Beach walks and cycling""]","[""November\u2013April with calm seas and good visibility; shoulder months around October and early May can also work.[web:244][web:245][web:250]""]","[""Honeymooners"", ""Families"", ""Divers_and_snorkellers"", ""Beach_relaxation""]",2.0,3.0,5,Seafood-centric menus plus Indian and some continental cafes; resort dining is common.[web:244][web:245],"[""Fresh grilled fish and seafood"", ""Coconut-based curries"", ""Island-style tandoori fish""]",,india_tourism_dataset.json
62,Neil Island (Shaheed Dweep),neil island (shaheed dweep),Andaman and Nicobar Islands,South Andaman,Island Territory,11.84,93.05,0,8,Moderate,"{""name"": ""Port Blair Airport (via ferry)"", ""distance_km"": 42}","{""name"": ""None"", ""distance_km"": null}","{""name"": ""Port Blair"", ""distance_km"": 42}",Small internal network of roads and village lanes; accessed via ferries from Port Blair and Havelock.[web:220][web:244][web:245][web:247][web:250],3400,8100,7100,14000,11900,28000,"[""Island"", ""Beach"", ""Diving"", ""Offbeat"", ""Honeymoon""]","[""Snorkelling and boat trips"", ""Easy cycling around island"", ""Scuba diving for beginners"", ""Beach-hopping and sunset watching""]","[""November\u2013April for clear seas; can be combined with Havelock in a single itinerary.[web:220][web:245][web:250]""]","[""Couples"", ""Slow_travellers"", ""Snorkelling_beginners"", ""Quiet_beach_seekers""]",1.0,2.0,3,Simple island cafes and resort restaurants; seafood and Indian staples dominate.[web:220][web:244],"[""Fresh fried fish at small shacks"", ""Coconut water and simple island curries""]",,india_tourism_dataset.json
63,Port Blair & Nearby Islands,port blair & nearby islands,Andaman and Nicobar Islands,South Andaman,Island Territory,11.67,92.75,0,8,Easy,"{""name"": ""Veer Savarkar International Airport, Port Blair"", ""distance_km"": 3}","{""name"": ""None"", ""distance_km"": null}","{""name"": ""Chennai / Kolkata (mainland gateways by air)"", ""distance_km"": 1300}","Town roads with taxis, autos and rented two-wheelers; primary gateway by flights and ships from mainland.[web:244][web:245][web:247]",2600,6300,5400,12500,11200,26500,"[""Gateway_city"", ""History"", ""Island"", ""Family""]","[""Historical tours"", ""Short island-hopping by boat"", ""Local food and market walks"", ""Intro glass-bottom or snorkelling excursions""]","[""October\u2013April aligning with Andaman high season.[web:244][web:245]""]","[""History_buffs"", ""Families"", ""First_time_Andaman_visitors""]",1.0,2.0,3,"Mix of South Indian, North Indian and seafood restaurants plus bakeries and cafes.[web:244]","[""Seafood thalis"", ""South Indian breakfasts"", ""Local-style fish curries""]",,india_tourism_dataset.json
64,Darjeeling,darjeeling,West Bengal,Darjeeling,East India,27.04,88.26,2045,9,Moderate,"{""name"": ""Bagdogra Airport (Siliguri)"", ""distance_km"": 70}","{""name"": ""New Jalpaiguri (NJP)"", ""distance_km"": 75}","{""name"": ""Siliguri"", ""distance_km"": 65}",Hill roads and shared jeeps from Siliguri/NJP/Bagdogra; iconic Darjeeling Himalayan Railway operates on a narrow-gauge route.[web:248][web:251],1750,3900,3500,7800,7100,20700,"[""Hill_station"", ""Tea_gardens"", ""Heritage"", ""Family"", ""Honeymoon""]","[""Toy train joyrides"", ""Tea estate tours"", ""Short walks and viewpoints"", ""Monastery visits""]","[""March\u2013June and October\u2013November for views and pleasant weather.[web:248][web:251]""]","[""Families"", ""Couples"", ""Tea_and_heritage_lovers""]",2.0,3.0,5,"North Indian, Tibetan, Nepali and continental cafes and bakeries.","[""Momos and thukpa"", ""Darjeeling tea at source"", ""Local Nepali dishes""]",,"india_tourism_dataset.json,holidify.csv"
65,Gangtok & East Sikkim,gangtok & east sikkim,Sikkim,East Sikkim,North East India,27.33,88.61,1650,8,Moderate,"{""name"": ""Pakyong (limited operations) / Bagdogra"", ""distance_km"": 125}","{""name"": ""New Jalpaiguri (NJP)"", ""distance_km"": 120}","{""name"": ""Siliguri"", ""distance_km"": 115}",Mountain roads from Siliguri/NJP via Teesta valley; shared cabs and private taxis common.[web:248][web:251],1750,4200,3700,8400,7600,23900,"[""Hill_station"", ""Culture"", ""Monasteries"", ""Family""]","[""City walks and cafe-hopping"", ""Day trips to Tsomgo Lake and Nathu La (if open)"", ""Monastery and viewpoint visits""]","[""March\u2013June and October\u2013December for clear views and comfortable temperatures.[web:248][web:251]""]","[""Families"", ""First_time_Sikkim_travellers"", ""Monastery_and_culture_lovers""]",2.0,3.0,5,"Combination of Tibetan, Nepali and Indian dishes plus modern cafes.","[""Thukpa and momos"", ""Gundruk-based dishes"", ""Local teas and bakery items""]",,india_tourism_dataset.json
66,North Sikkim (Lachung–Lachen Belt),north sikkim (lachung–lachen belt),Sikkim,North Sikkim,North East India,27.7,88.71,2700,7,Difficult,"{""name"": ""Bagdogra / Pakyong (via Gangtok)"", ""distance_km"": 200}","{""name"": ""New Jalpaiguri (via Gangtok)"", ""distance_km"": 210}","{""name"": ""Gangtok"", ""distance_km"": 120}",Narrow mountain roads from Gangtok with landslide-prone sections; only authorised vehicles with permits allowed for tourists.[web:248][web:251],2500,5300,4600,8500,7700,16500,"[""High_mountain"", ""Valley_scenery"", ""Snow_views"", ""Offbeat""]","[""Scenic drives and short walks"", ""Valley and snowfield photography"", ""Local homestay experiences""]","[""Spring (April\u2013June) for blooms; autumn and early winter for clearer views.[web:248][web:251]""]","[""Scenery_seekers"", ""Snow_and_high_altitude_lovers"", ""Photographers""]",2.0,3.0,4,Simple set meals at lodges/homestays; mostly Indian and local hill dishes.,"[""Thukpa and momos"", ""Simple rice and curry sets at homestays""]",,india_tourism_dataset.json
67,Meghalaya (Shillong–Cherrapunji–Mawlynnong circuit),meghalaya (shillong–cherrapunji–mawlynnong circuit),Meghalaya,East Khasi Hills and surroundings,North East India,25.58,91.88,1500,8,Moderate,"{""name"": ""Shillong (Umroi, limited) / Guwahati"", ""distance_km"": 120}","{""name"": ""Guwahati"", ""distance_km"": 100}","{""name"": ""Guwahati"", ""distance_km"": 100}",Good highways from Guwahati to Shillong and on to Sohra (Cherrapunji) and Dawki; shared cabs and taxis widely used.[web:248][web:251],1750,4300,3800,8600,7800,21000,"[""Waterfalls"", ""Caves"", ""Living_root_bridges"", ""Family"", ""Adventure""]","[""Waterfall viewing and short hikes"", ""Root-bridge treks (moderate difficulty)"", ""Boating on Umngot River at Dawki (seasonal clarity)"", ""Cave exploration with local guides""]","[""October\u2013April; post-monsoon brings full waterfalls with safer access, winter offers clearer skies.[web:248][web:251]""]","[""Waterfall_and_nature_lovers"", ""Active_travellers"", ""Families_with_older_kids""]",3.0,4.0,6,"Mix of Khasi cuisine, North Indian and cafe food; pork and local specialties for non-vegetarians.","[""Jadoh (rice and meat dish)"", ""Smoked meats and local chutneys"", ""Shillong street and cafe food""]",,india_tourism_dataset.json
68,Kaziranga National Park & Assam Tea Belt,kaziranga national park & assam tea belt,Assam,Golaghat / Nagaon / Sonitpur,North East India,26.58,93.17,80,8,Moderate,"{""name"": ""Guwahati Airport / Jorhat Airport"", ""distance_km"": 200}","{""name"": ""Furkating / Guwahati"", ""distance_km"": 75}","{""name"": ""Guwahati"", ""distance_km"": 200}",NH27 and other highways link Guwahati and upper Assam to Kaziranga; good road conditions outside flood events.[web:248][web:251][web:249][web:252],4000,7500,7100,13500,11900,25500,"[""Wildlife"", ""Tea_estates"", ""Family"", ""Photography""]","[""Morning and afternoon safaris in different ranges"", ""Birding"", ""Village and tea-garden visits""]","[""November\u2013April, with pleasant winter temperatures and good sightings.[web:248][web:251]""]","[""Wildlife_enthusiasts"", ""Families"", ""Tea_and_nature_lovers""]",2.0,3.0,4,Lodge buffets with Assamese and Indian dishes; simple fare in nearby towns.,"[""Assamese thali with fish or meat"", ""Pitha and local sweets"", ""Freshly brewed Assam tea""]",,india_tourism_dataset.json
69,Khajuraho & Panna National Park,khajuraho & panna national park,Madhya Pradesh,Chhatarpur / Panna,Central India,24.85,79.93,230,7,Moderate,"{""name"": ""Khajuraho Airport"", ""distance_km"": 5}","{""name"": ""Khajuraho / Satna"", ""distance_km"": 5}","{""name"": ""Satna / Jhansi"", ""distance_km"": 120}","Highways connect Khajuraho with Jhansi, Satna and Panna; local roads lead to Panna National Park gates.",1850,4400,3900,8700,8100,21500,"[""Heritage"", ""Wildlife"", ""Photography"", ""Short_break""]","[""Temple sightseeing and guided tours"", ""Jeep safaris in Panna"", ""Ken River boat rides (where allowed)"", ""Village and craft visits""]","[""October\u2013March for comfortable sightseeing and safaris; shoulder months for warmer but quieter travel.""]","[""History_and_architecture_lovers"", ""Wildlife_and_birders"", ""Photographers""]",2.0,3.0,4,Indian restaurants and hotel dining; simple options near park gate.,"[""Simple MP-style thalis"", ""Local sweets from small shops""]",,india_tourism_dataset.json
70,Orchha & Nearby Betwa Landscapes,orchha & nearby betwa landscapes,Madhya Pradesh,Niwari,Central India,25.35,78.64,214,6,Moderate,"{""name"": ""Gwalior Airport / Khajuraho (farther)"", ""distance_km"": 120}","{""name"": ""Jhansi Junction"", ""distance_km"": 18}","{""name"": ""Jhansi"", ""distance_km"": 18}","Short drive from Jhansi via good roads; well linked to Gwalior, Khajuraho and other Bundelkhand routes.",1450,3800,3300,7400,6600,17000,"[""Heritage"", ""Riverside"", ""Photography"", ""Short_break""]","[""Fort and temple sightseeing"", ""Sunset photography near chhatris"", ""Short walks and easy cycling"", ""Seasonal light adventure on river""]","[""October\u2013March for pleasant days and comfortable walks.""]","[""History_buffs"", ""Photographers"", ""Slow_travellers""]",1.0,2.0,3,"Simple local restaurants and hotel dining, mainly Indian cuisine.","[""Street-side chai and snacks by the market"", ""Simple veg thali at dhabas""]",,india_tourism_dataset.json
71,Gokarna,gokarna,Karnataka,Uttara Kannada,South India,14.55,74.32,0,8,Moderate,"{""name"": ""Dabolim / MOPA (Goa) Airport"", ""distance_km"": 145}","{""name"": ""Gokarna Road"", ""distance_km"": 10}","{""name"": ""Goa (Panaji)"", ""distance_km"": 150}","Well-connected by coastal highways and buses from Goa, Mangaluru and Bengaluru; last stretch to beaches by auto/taxi or on foot.[web:254][web:256]",1350,3400,2900,6600,6000,16900,"[""Beach"", ""Spiritual"", ""Backpacker"", ""Slow_travel""]","[""Beach-hopping and short coastal treks"", ""Yoga and meditation stays"", ""Cafe-hopping and simple nightlife""]","[""November\u2013March for pleasant weather and calmer seas.[web:254][web:259]""]","[""Solo_travellers"", ""Budget_groups"", ""Yoga_seekers"", ""Quiet_beach_lovers""]",2.0,3.0,5,"Mix of coastal Karnataka, North Indian and continental cafes with many vegetarian-friendly options.[web:254]","[""Fish thali at local eateries"", ""Mangalorean-style curries"", ""Fresh tender coconut on the beach""]",,india_tourism_dataset.json
72,Almora & Kasar Devi Belt,almora & kasar devi belt,Uttarakhand,Almora,North India,29.62,79.67,1650,7,Moderate,"{""name"": ""Pantnagar Airport"", ""distance_km"": 120}","{""name"": ""Kathgodam"", ""distance_km"": 90}","{""name"": ""Haldwani"", ""distance_km"": 95}",Hill roads from Kathgodam/Haldwani with regular buses and shared cabs; Almora is a key hub for nearby valleys like Binsar and Kasar Devi.[web:256],1300,3150,2650,6050,5400,14200,"[""Hill_town"", ""Culture"", ""Slow_travel"", ""Spiritual""]","[""Town and bazaar walks"", ""Ridge walks around Kasar Devi"", ""Short drives to viewpoints and Binsar gate""]","[""October\u2013April for crisp views; monsoon for lush valleys if okay with cloud.[web:256][web:259]""]","[""Writers_and_remote_workers"", ""Spiritual_seekers"", ""Budget_backpackers""]",2.0,3.0,6,Simple Kumaoni and North Indian food plus traveller cafes on ridge serving basics and coffee.[web:256],"[""Bhatt ki churkani and other Kumaoni dals"", ""Bal mithai and singauri"", ""Simple homely thalis""]",,india_tourism_dataset.json
73,Tawang,tawang,Arunachal Pradesh,Tawang,North East India,27.59,91.86,3050,7,Difficult,"{""name"": ""Tezpur / Guwahati (then road via Bhalukpong\u2013Bomdila)"", ""distance_km"": 320}","{""name"": ""Tezpur / Rangapara / Guwahati"", ""distance_km"": 320}","{""name"": ""Guwahati"", ""distance_km"": 470}","Long, winding Himalayan roads via Sela Pass; travel usually broken into stages (Guwahati–Bomdila/Dirang–Tawang).[web:256][web:259]",2000,4500,3900,8000,7100,18100,"[""High_altitude"", ""Monasteries"", ""Snow_views"", ""Road_trip""]","[""Monastery and cultural visits"", ""Scenic drives to lakes and passes"", ""Snow-play in season""]","[""March\u2013May and October\u2013November for clear skies; January for snow for those prepared for cold.[web:256][web:259]""]","[""Adventure_road_trippers"", ""Buddhist_culture_lovers"", ""Snow_and_high_mountain_fans""]",4.0,5.0,7,"Simple Tibetan, North Indian and local Arunachali dishes; mostly homely meals.[web:256]","[""Thukpa and momos"", ""Local butter tea and simple stews""]",,india_tourism_dataset.json
74,Spiti Valley,spiti valley,Himachal Pradesh,Lahaul and Spiti,North India,32.25,78.0,3800,8,Difficult,"{""name"": ""Kullu (Bhuntar) / Chandigarh"", ""distance_km"": 250}","{""name"": ""Chandigarh / Shimla (narrow gauge nearby)"", ""distance_km"": 320}","{""name"": ""Shimla / Manali (access towns)"", ""distance_km"": 200}",Seasonal high mountain roads via Shimla–Kinnaur or Manali–Rohtang–Kunzum; often open only from late spring to early autumn.[web:256][web:259],1650,3900,3300,7300,6300,17100,"[""High_altitude"", ""Road_trip"", ""Culture"", ""Adventure""]","[""Multi-day road trips"", ""Monastery visits and village walks"", ""Short treks and high-point drives""]","[""June\u2013September for full circuit access; May and October in lower sections depending on snow.[web:256][web:259]""]","[""Experienced_road_travellers"", ""Landscape_photographers"", ""Culture_seekers""]",6.0,7.0,12,Simple Indian and Tibetan dishes; supplies more limited than mainstream hill stations.,"[""Thukpa and momos"", ""Butter tea and local breads""]",,india_tourism_dataset.json
75,Jibhi & Tirthan Valley,jibhi & tirthan valley,Himachal Pradesh,Kullu,North India,31.61,77.3,1600,8,Moderate,"{""name"": ""Kullu (Bhuntar) Airport"", ""distance_km"": 50}","{""name"": ""Chandigarh"", ""distance_km"": 250}","{""name"": ""Chandigarh"", ""distance_km"": 250}","Road from Aut tunnel on Chandigarh–Manali highway into Tirthan and Jibhi region; regular buses to Aut, then local taxis.[web:257]",1450,3400,2800,6100,5500,13300,"[""Offbeat_hill"", ""Riverside"", ""Backpacking"", ""Slow_travel""]","[""Village and forest walks"", ""Short treks to waterfalls and viewpoints"", ""Riverside camping and bonfires (in season)""]","[""March\u2013June and September\u2013November for pleasant weather; winter for snow in higher reaches.[web:257]""]","[""Backpackers"", ""Couples"", ""Remote_workers""]",2.0,3.0,7,Homely Himachali food and simple cafes serving Indian and continental dishes.,"[""Siddu and other Himachali dishes"", ""Local rajma (kidney beans) preparations""]",,india_tourism_dataset.json
76,Chitkul & Baspa Valley,chitkul & baspa valley,Himachal Pradesh,Kinnaur,North India,31.35,78.43,3450,7,Difficult,"{""name"": ""Shimla / Kullu (Bhuntar)"", ""distance_km"": 250}","{""name"": ""Shimla (narrow gauge) / Kalka"", ""distance_km"": 240}","{""name"": ""Shimla"", ""distance_km"": 230}",Long Himalayan drive via Shimla–Rampur–Sangla–Chitkul; roads narrow and landslide-prone in sections.[web:257],1650,3700,3200,6400,5700,21800,"[""High_mountain_village"", ""Offbeat"", ""Road_trip"", ""Photography""]","[""Village walks and riverside strolls"", ""Short hikes to meadows"", ""Photography of peaks and traditional houses""]","[""May\u2013October (excluding peak monsoon) for access and green or post-monsoon views.[web:257][web:259]""]","[""Scenery_lovers"", ""Photographers"", ""Quiet_seekers""]",2.0,2.0,4,Basic Himachali/North Indian set meals at lodges and dhabas.,"[""Rajma-chawal with local beans"", ""Simple homely curries""]",,india_tourism_dataset.json
77,Miyar Valley,miyar valley,Himachal Pradesh,Lahaul and Pangi region,North India,32.87,76.95,3600,5,Difficult,"{""name"": ""Kullu (Bhuntar) / Leh (farther)"", ""distance_km"": 250}","{""name"": ""Joginder Nagar / Chandigarh"", ""distance_km"": 300}","{""name"": ""Manali (gateway)"", ""distance_km"": 180}","Accessed via Manali–Rohtang/Atal Tunnel into Lahaul and then side roads/jeep tracks; limited public transport, often arranged via trek operators.[web:260]",1950,4700,3800,7600,6700,15500,"[""Trekking"", ""High_altitude_valley"", ""Offbeat"", ""Adventure""]","[""Multi-day treks and camping"", ""High-altitude photography"", ""Exploration of side valleys with guides""]","[""July\u2013September for trekking and open-valley access.[web:260]""]","[""Experienced_trekkers"", ""Expedition_photographers"", ""Offbeat_explorers""]",5.0,7.0,10,Basic; trek kitchens and homestay meals based on local staples.,"[""Simple lentil\u2013rice meals"", ""Local breads when available""]",,india_tourism_dataset.json
78,Keoladeo National Park (Bharatpur Bird Sanctuary),keoladeo national park (bharatpur bird sanctuary),Rajasthan,Bharatpur,North India,27.16,77.52,180,9,Easy,"{""name"": ""Agra Airport / Delhi Airport (farther)"", ""distance_km"": 55}","{""name"": ""Bharatpur Junction"", ""distance_km"": 5}","{""name"": ""Agra"", ""distance_km"": 55}","Just off the Delhi–Agra–Jaipur Golden Triangle highways; easy access by car, bus and train.[web:258][web:261]",1650,4000,3500,7700,6900,17400,"[""Birding"", ""Wetland"", ""Photography"", ""Short_break""]","[""Birdwatching by cycle, on foot or cycle-rickshaw"", ""Guided naturalist tours"", ""Nature photography""]","[""October\u2013March for winter migrants, with peak diversity in mid-winter.[web:258][web:261]""]","[""Birders"", ""Families"", ""Photographers"", ""School_groups""]",1.0,2.0,3,Hotel restaurants and local dhabas; simple North Indian and Rajasthani fare.,"[""Rajasthani-style thali at dhabas"", ""Local sweets from town""]",,india_tourism_dataset.json
79,Ranganathittu Bird Sanctuary,ranganathittu bird sanctuary,Karnataka,Mandya,South India,12.42,76.65,695,7,Easy,"{""name"": ""Mysuru / Bengaluru"", ""distance_km"": 20}","{""name"": ""Srirangapatna / Mysuru"", ""distance_km"": 5}","{""name"": ""Mysuru"", ""distance_km"": 15}",Just off the Mysuru–Bengaluru highway; easy stop on road trips or day trips from Mysuru.[web:261],700,1600,1100,2400,1600,3100,"[""Birding"", ""Wetland"", ""Day_trip"", ""Family""]","[""Boat safaris with guides"", ""Birdwatching from banks"", ""Short walks and picnics""]","[""December\u2013March for peak nesting and bird activity.[web:261]""]","[""Beginner_birders"", ""Families_with_kids"", ""Road_trippers""]",0.5,0.5,1,Basic snacks and nearby eateries; most visitors eat in Mysuru or along highway.,"[""Mysuru-style meals in city after visit""]",,india_tourism_dataset.json
80,Nal Sarovar Bird Sanctuary,nal sarovar bird sanctuary,Gujarat,Ahmedabad / Surendranagar,West India,22.8,72.05,60,7,Easy,"{""name"": ""Ahmedabad Airport"", ""distance_km"": 65}","{""name"": ""Ahmedabad / Viramgam"", ""distance_km"": 40}","{""name"": ""Ahmedabad"", ""distance_km"": 60}",Connected by good roads from Ahmedabad; popular as a winter day trip by car or taxi.[web:261],1050,2300,1500,3000,2100,3900,"[""Wetland"", ""Birding"", ""Day_trip"", ""Photography""]","[""Boat rides with local boatmen"", ""Birdwatching and photography"", ""Short walks on islets where allowed""]","[""November\u2013February when migratory birds peak and temperatures are pleasant.[web:261]""]","[""Birdwatchers"", ""Families_from_Ahmedabad"", ""Photographers""]",0.5,0.5,1,Snack stalls and small eateries; most visitors plan main meals in Ahmedabad or highway dhabas.,"[""Gujarati snacks and tea at local stalls""]",,india_tourism_dataset.json
81,Great Rann of Kutch (White Desert),great rann of kutch (white desert),Gujarat,Kutch,West India,24.09,70.64,15,9,Moderate,"{""name"": ""Bhuj Airport"", ""distance_km"": 80}","{""name"": ""Bhuj"", ""distance_km"": 80}","{""name"": ""Bhuj"", ""distance_km"": 80}",Good roads from Bhuj to Dhordo and beyond; desert roads are mostly paved with final stretches controlled by border/security checkposts.[web:262][web:264][web:236][web:210][web:267],2600,5400,4800,10200,9300,27500,"[""Desert"", ""Festival"", ""Culture"", ""Photography""]","[""Sunset/sunrise walks on salt flats"", ""Cultural performances and handicraft bazaars (during festival)"", ""Camel carts and simple desert activities"", ""Short trips to Mandvi coast and local villages""]","[""November\u2013February, coinciding with Rann Utsav and cooler desert weather; full-moon nights are especially striking.[web:264][web:236][web:210][web:267]""]","[""Culture_and_festival_lovers"", ""Landscape_photographers"", ""Families"", ""Couples""]",2.0,3.0,4,"Gujarati thalis and snacks in camps and local eateries, with simple vegetarian-heavy menus.[web:210][web:236]","[""Gujarati thali with local farsan"", ""Kutch dabeli and snacks"", ""Traditional bajra rotla with ghee""]",,india_tourism_dataset.json
82,Jaisalmer & Thar Desert Dunes,jaisalmer & thar desert dunes,Rajasthan,Jaisalmer,West India,26.91,70.91,225,9,Moderate,"{""name"": ""Jaisalmer Airport (seasonal flights) / Jodhpur"", ""distance_km"": 15}","{""name"": ""Jaisalmer"", ""distance_km"": 2}","{""name"": ""Jodhpur"", ""distance_km"": 280}","Highways link Jaisalmer with Jodhpur, Jaipur and other Rajasthan cities; dunes accessed by smaller roads towards Sam and Khuri.[web:266]",1750,4200,3700,8100,7600,25000,"[""Desert"", ""Heritage"", ""Festival"", ""Photography""]","[""Camel and jeep safaris in dunes"", ""Overnight desert camping"", ""Fort and old-town heritage walks""]","[""October\u2013March for cool desert evenings and comfortable fort exploration.[web:266]""]","[""First_time_desert_visitors"", ""Couples"", ""Families"", ""History_lovers""]",2.0,3.0,4,"Rajasthani and North Indian food, with many rooftop eateries overlooking fort and town.","[""Dal baati churma"", ""Ker sangri"", ""Local sweets like ghevar and mawa""]",,india_tourism_dataset.json
83,Maravanthe & Karnataka Offbeat Coast,maravanthe & karnataka offbeat coast,Karnataka,Udupi,South India,13.63,74.69,5,6,Moderate,"{""name"": ""Mangaluru Airport"", ""distance_km"": 110}","{""name"": ""Kundapura / Byndoor"", ""distance_km"": 25}","{""name"": ""Udupi / Mangaluru"", ""distance_km"": 55}","NH66 coastal highway runs beside Maravanthe with the sea on one side and river/backwaters on the other, making it an iconic self-drive stretch.[web:265]",1550,3800,3200,7200,6300,14000,"[""Coastal_drive"", ""Offbeat_beach"", ""Slow_travel""]","[""Scenic drives and photo stops"", ""Beach walks and simple village visits"", ""Backwater and boat experiences in nearby areas""]","[""November\u2013March for calmer seas and comfortable coastal weather.[web:265]""]","[""Road_trippers"", ""Quiet_beach_lovers"", ""Couples""]",1.0,2.0,4,"Coastal Karnataka food with fish curries, ghee roast and simple vegetarian thalis in local eateries.[web:265]","[""Fish gassi with neer dosa"", ""Udupi-style vegetarian meals""]",,india_tourism_dataset.json
84,Astaranga & Ramachandi Beaches (Odisha Quiet Coast),astaranga & ramachandi beaches (odisha quiet coast),Odisha,Puri,East India,19.9,86.08,3,6,Moderate,"{""name"": ""Bhubaneswar Airport"", ""distance_km"": 70}","{""name"": ""Puri / Bhubaneswar"", ""distance_km"": 45}","{""name"": ""Puri"", ""distance_km"": 40}",Reachable by coastal roads branching from Puri–Konark–Bhubaneswar circuit; suited to taxis and self-drives.[web:265][web:268],1500,3550,2950,6600,5800,21000,"[""Offbeat_beach"", ""Sunset"", ""Culture_combo""]","[""Quiet beach walks and photography"", ""Watching fishing boats and village life"", ""Combining with temple and heritage visits nearby""]","[""November\u2013February for mild weather and calm sea views.[web:265][web:268]""]","[""Sunset_chasers"", ""Quiet_beach_seekers"", ""Culture_plus_sea_travellers""]",1.0,1.0,3,Local seafood shacks and dhabas; better variety in Puri and Bhubaneswar.[web:268],"[""Fresh fish curries from local shacks"", ""Odia sweets from nearby towns""]",,india_tourism_dataset.json
85,Unakoti & North Tripura Heritage Belt,unakoti & north tripura heritage belt,Tripura,Unakoti / North Tripura,North East India,24.37,92.05,180,6,Moderate,"{""name"": ""Agartala Airport (Maharaja Bir Bikram)"", ""distance_km"": 165}","{""name"": ""Kailashahar / Kumarghat (broad-gauge access)"", ""distance_km"": 10}","{""name"": ""Agartala"", ""distance_km"": 165}",Hilly roads from Agartala via Kailashahar/Kumarghat; improving connectivity as part of North East circuits.[web:269],1400,3150,2650,5800,5100,12000,"[""Heritage"", ""Rock_sculpture"", ""Offbeat""]","[""Heritage walks around sculptures"", ""Short hikes and photography"", ""Village visits as part of North East circuits""]","[""November\u2013March for comfortable temperatures and clearer skies.[web:269]""]","[""Heritage_enthusiasts"", ""Offbeat_travellers"", ""Photographers""]",1.0,1.0,2,Local eateries with simple Bengali and Tripuri-style meals; limited variety.,"[""Simple fish and rice plates at local eateries"", ""Regional snacks available in small shops""]",,india_tourism_dataset.json
86,Mamallapuram (Mahabalipuram) & Coromandel Heritage Coast,mamallapuram (mahabalipuram) & coromandel heritage coast,Tamil Nadu,Chengalpattu,South India,12.62,80.19,12,9,Easy,"{""name"": ""Chennai International Airport"", ""distance_km"": 55}","{""name"": ""Chengalpattu / Chennai"", ""distance_km"": 30}","{""name"": ""Chennai"", ""distance_km"": 50}",Excellent roads along East Coast Road (ECR) and GST corridors; frequent buses and taxis from Chennai and Puducherry.[web:266][web:269],1550,3600,3100,7000,6400,20700,"[""Heritage"", ""Beach"", ""Family"", ""Weekend""]","[""Heritage walks among rock-cut temples"", ""Beach time on Coromandel coast"", ""Short drives to DakshinaChitra and nearby attractions""]","[""November\u2013February for pleasant coastal weather; evenings are comfortable much of the year.[web:266]""]","[""History_and_architecture_lovers"", ""Families"", ""Weekend_getaways_from_Chennai""]",1.0,2.0,3,"Seafood and South Indian favourites, plus cafes catering to domestic and international tourists.","[""South Indian seafood curries"", ""Filter coffee and tiffin items""]",,india_tourism_dataset.json
87,Hidden Goa Coves (Butterfly & Nearby Beaches),hidden goa coves (butterfly & nearby beaches),Goa,South Goa,West India,15.01,74.02,0,7,Moderate,"{""name"": ""Goa International (Dabolim) / MOPA (North Goa)"", ""distance_km"": 65}","{""name"": ""Canacona (for Palolem area)"", ""distance_km"": 15}","{""name"": ""Margao"", ""distance_km"": 40}",Accessible via internal roads and short hikes/boat rides from Palolem/Agonda region; suited to cabs and two-wheelers.[web:268],1650,3800,3200,7200,6400,18300,"[""Beach"", ""Offbeat"", ""Short_break"", ""Photography""]","[""Boat trips or treks to hidden coves"", ""Beach lounging and photography"", ""Dolphin-spotting rides (regulated in some seasons)""]","[""November\u2013February for good sea conditions and pleasant weather.[web:268]""]","[""Couples"", ""Small_groups"", ""Quiet_beach_seekers""]",1.0,2.0,4,Multi-cuisine shacks and cafes in main beaches; hidden coves may have nothing or one seasonal shack.[web:268],"[""Goan fish curry-rice"", ""Seafood grills at nearby main beaches""]",,india_tourism_dataset.json
88,Bangaram & Kadmat Islands (Lakshadweep Quiet Beaches),bangaram & kadmat islands (lakshadweep quiet beaches),Lakshadweep,Union Territory,Island Territory,10.86,72.29,0,7,Difficult,"{""name"": ""Agatti Airport (Lakshadweep)"", ""distance_km"": 15}","{""name"": ""None (islands accessed by air/ship)"", ""distance_km"": null}","{""name"": ""Kochi (gateway by air/sea)"", ""distance_km"": 440}","Internal island roads only; external access via flights to Agatti and inter-island boats, subject to permits and schedules.[web:265]",6600,12000,11000,20500,19000,42500,"[""Island"", ""Snorkelling"", ""Offbeat_beach"", ""Honeymoon""]","[""Snorkelling and scuba (within regulations)"", ""Kayaking and lagoon swims"", ""Beach walks and stargazing""]","[""November\u2013March for calmer seas and best visibility.[web:265]""]","[""Honeymooners"", ""Snorkellers"", ""Quiet_luxury_seekers""]",3.0,4.0,7,Buffet-style or set-menu dining in resorts with focus on seafood and Indian dishes.[web:265],"[""Fresh fish and coconut-based curries"", ""Local snacks made from coconut and flour""]",,india_tourism_dataset.json
89,Malanad–Malabar Backwater & Rural Belt,malanad–malabar backwater & rural belt,Kerala & Karnataka (bordering regions),"Multiple (Kasargod, Kannur, Malnad coastal districts)",South India,12.35,75.15,10,6,Moderate,"{""name"": ""Mangaluru / Kannur International Airport"", ""distance_km"": 80}","{""name"": ""Various coastal stations (e.g., Kasargod, Kannur)"", ""distance_km"": 10}","{""name"": ""Mangaluru / Kozhikode"", ""distance_km"": 100}","Access via NH66 and interior roads; promoted as part of Malanad Malabar Cruise and rural circuits tying rivers, backwaters and villages.[web:266]",1550,3800,3200,7200,6400,16300,"[""Backwaters"", ""Rural"", ""Slow_travel"", ""Culture""]","[""Backwater and river cruising"", ""Village walks and homestays"", ""Temple visits and cultural interactions""]","[""November\u2013March for comfortable temperatures and navigable water levels.[web:266]""]","[""Slow_travellers"", ""Culture_seekers"", ""Families""]",2.0,3.0,6,"Home-style Malabar and coastal Karnataka cuisine with rice, fish and coconut dominating.","[""Malabar fish curry"", ""Appam with stew"", ""Local coastal snacks like pathiri variants""]",,india_tourism_dataset.json
90,Krishna Heritage Circuit (Mathura–Vrindavan–Dwarka Focus),krishna heritage circuit (mathura–vrindavan–dwarka focus),"Uttar Pradesh, Gujarat, others",Multiple,Multi-state,27.5,77.67,170,9,Easy,"{""name"": ""Multiple gateways (Delhi for Mathura\u2013Vrindavan, Jamnagar/Rajkot for Dwarka)"", ""distance_km"": 60}","{""name"": ""Mathura Junction / Vrindavan branch / Dwarka"", ""distance_km"": 2}","{""name"": ""Delhi / Ahmedabad (depending segment)"", ""distance_km"": 150}","Part of nationally promoted Krishna Circuit covering key sites in UP, Gujarat, Rajasthan, Haryana and Odisha; main nodes have strong highway and rail links.[web:266]",1200,3150,2600,6000,5400,15100,"[""Spiritual"", ""Heritage"", ""Pilgrimage"", ""Family""]","[""Temple darshans and aartis"", ""Heritage walks in old temple towns"", ""Participation in festivals and kirtans""]","[""October\u2013March for manageable temperatures on north and west Indian plains.[web:266]""]","[""Devotees"", ""Culture_seekers"", ""Families""]",2.0,4.0,10,Predominantly vegetarian with many satvik and temple-linked eateries.,"[""Mathura peda and lassi"", ""Simple satvik thalis"", ""Local farsan and snacks in Gujarat nodes""]",,india_tourism_dataset.json
91,Rishikesh & Haridwar (Himalayan Yoga Route),rishikesh & haridwar (himalayan yoga route),Uttarakhand,Dehradun / Haridwar,North India,30.12,78.29,372,10,Easy,"{""name"": ""Dehradun (Jolly Grant) Airport"", ""distance_km"": 20}","{""name"": ""Haridwar Junction / Rishikesh"", ""distance_km"": 0}","{""name"": ""Dehradun"", ""distance_km"": 45}","Excellent highway and bus connectivity from Delhi, Dehradun and other north Indian cities.[web:273][web:274][web:277]",1100,2950,2500,5700,5100,19200,"[""Spiritual"", ""Yoga"", ""Ganga_ghats"", ""Adventure""]","[""Yoga classes and retreats"", ""Evening Ganga Aarti"", ""White-water rafting (seasonal)"", ""Temple and ashram visits""]","[""September\u2013April for comfortable weather and active yoga/retreat calendar.[web:273][web:274]""]","[""Yoga_seekers"", ""First_time_spiritual_travellers"", ""Families""]",2.0,3.0,7,Predominantly vegetarian with many cafes serving Indian and continental health-focused dishes.[web:273],"[""Simple ashram thalis"", ""Street-side chole\u2013bhature and lassi in Haridwar""]",,india_tourism_dataset.json
92,Varanasi Ganga Ghats Pilgrimage,varanasi ganga ghats pilgrimage,Uttar Pradesh,Varanasi,North India,25.31,83.01,80,10,Easy,"{""name"": ""Varanasi (Lal Bahadur Shastri) Airport"", ""distance_km"": 22}","{""name"": ""Varanasi Junction / Banaras"", ""distance_km"": 2}","{""name"": ""Prayagraj"", ""distance_km"": 120}",Connected to major north Indian cities by highways and frequent trains; city traffic is dense in old quarters.[web:274][web:276][web:277],1300,3350,2700,6200,5500,21300,"[""Spiritual"", ""Heritage"", ""Ganga_ghats""]","[""Sunrise and sunset boat rides"", ""Walking tours of lanes and ghats"", ""Temple darshans and ritual observance""]","[""October\u2013March for more comfortable temperatures and clear river mornings.[web:274][web:276]""]","[""Spiritual_travellers"", ""Photographers"", ""Culture_seekers""]",2.0,3.0,5,"Mostly vegetarian, with street food staples like kachori–sabzi, chaat and sweets, plus cafes in touristy pockets.[web:274]","[""Banarasi paan"", ""Kachori\u2013sabzi and jalebi breakfast"", ""Lassi from traditional shops""]",,india_tourism_dataset.json
93,Bodh Gaya Buddhist Circuit Hub,bodh gaya buddhist circuit hub,Bihar,Gaya,East India,24.7,84.99,113,9,Moderate,"{""name"": ""Gaya Airport"", ""distance_km"": 10}","{""name"": ""Gaya Junction"", ""distance_km"": 15}","{""name"": ""Patna"", ""distance_km"": 110}","Connected by highways to Patna and neighbouring states; forms part of the broader Buddhist Circuit linking Sarnath, Kushinagar, Lumbini etc.[web:274][web:276]",1300,3250,2700,6000,5200,15300,"[""Spiritual"", ""Buddhist_circuit"", ""Heritage""]","[""Meditation and retreats"", ""Temple circumambulation and puja"", ""Visits to nearby Buddhist sites in the circuit""]","[""October\u2013March for pleasant weather and active international pilgrimage season.[web:274]""]","[""Meditation_practitioners"", ""Buddhist_pilgrims"", ""Culture_seekers""]",2.0,3.0,5,Simple vegetarian and multi‑cuisine cafes serving travellers and monastic communities.[web:274],"[""Simple thalis at pilgrim restaurants"", ""Tea and snacks at monastery canteens""]",,india_tourism_dataset.json
94,Rameswaram & Pamban Coast (Sacred Water Walk),rameswaram & pamban coast (sacred water walk),Tamil Nadu,Ramanathapuram,South India,9.29,79.31,10,8,Moderate,"{""name"": ""Madurai Airport"", ""distance_km"": 175}","{""name"": ""Rameswaram"", ""distance_km"": 1}","{""name"": ""Madurai"", ""distance_km"": 170}",Linked to mainland via iconic Pamban Bridge; buses and cars connect from Madurai and other Tamil Nadu cities.[web:274][web:276],1200,2850,2400,5450,4800,12700,"[""Spiritual"", ""Coastal"", ""Pilgrimage""]","[""Temple darshans and ritual baths at designated wells/ghats"", ""Walks along sea and bridge viewpoints"", ""Short drives to Dhanushkodi ruins and beaches""]","[""October\u2013March for relatively milder heat and calmer seas.[web:274]""]","[""Devotees"", ""Culture_plus_sea_travellers"", ""Families""]",1.0,2.0,3,Vegetarian and coastal South Indian cuisine dominated by tiffin items and thalis.,"[""South Indian filter coffee"", ""Temple\u2011town vegetarian meals""]",,india_tourism_dataset.json
95,Hampi & Pattadakal (UNESCO Vijayanagara–Chalukya Circuit),hampi & pattadakal (unesco vijayanagara–chalukya circuit),Karnataka,Vijayanagara / Bagalkot,South India,15.33,76.46,470,9,Moderate,"{""name"": ""Hubballi / Ballari (regional)"", ""distance_km"": 140}","{""name"": ""Hosapete (for Hampi) / Badami (for Pattadakal)"", ""distance_km"": 13}","{""name"": ""Bengaluru"", ""distance_km"": 340}","Good highways connect Bengaluru, Goa and Hyderabad to Hosapete–Hampi; Pattadakal is accessed via Badami–Aihole road network.[web:276][web:279]",1550,3800,3200,7200,6400,19300,"[""Heritage"", ""UNESCO"", ""Photography""]","[""Guided heritage walks and cycling"", ""Sunrise/sunset viewpoints over boulder landscapes"", ""Day trips linking Hampi with Pattadakal\u2013Badami\u2013Aihole""]","[""October\u2013March for bearable daytime heat and clearer skies.[web:276][web:279]""]","[""History_buffs"", ""Architecture_lovers"", ""Backpackers""]",2.0,3.0,5,"Simple South Indian, North Indian and traveller‑oriented cafes near main bazaar zones.[web:279]","[""South Indian tiffin at local eateries"", ""Special vegetarian thalis""]",,india_tourism_dataset.json
96,Gulmarg (Kashmir Ski & Snow Destination),gulmarg (kashmir ski & snow destination),Jammu and Kashmir,Baramulla,North India,34.05,74.38,2650,9,Moderate,"{""name"": ""Srinagar Airport"", ""distance_km"": 50}","{""name"": ""Srinagar/Udhampur (via road)"", ""distance_km"": 50}","{""name"": ""Srinagar"", ""distance_km"": 50}",Hill road from Srinagar to Gulmarg; winter snow can impact driving time but route is popular and well‑used.[web:275][web:278],3600,7600,6400,13500,12200,32700,"[""Skiing"", ""Snow_destination"", ""Mountain""]","[""Skiing and snowboarding (varied difficulty)"", ""Snow play and sledging"", ""Gondola rides for vistas and high\u2011altitude access""]","[""December\u2013March for snow sports, with peak conditions often Jan\u2013Feb.[web:275][web:278]""]","[""Skiers_and_snowboarders"", ""Snow_lovers"", ""Adventure_travellers""]",2.0,3.0,7,Kashmiri and North Indian dishes with hearty winter meals in hotels and dhabas.[web:275],"[""Kashmiri wazwan dishes (mostly in Srinagar)"", ""Noon chai and kahwa""]",,india_tourism_dataset.json
97,Auli (Garhwal Ski & Snow Resort),auli (garhwal ski & snow resort),Uttarakhand,Chamoli,North India,30.53,79.57,2800,8,Difficult,"{""name"": ""Dehradun (Jolly Grant) Airport"", ""distance_km"": 280}","{""name"": ""Rishikesh / Haridwar"", ""distance_km"": 260}","{""name"": ""Dehradun"", ""distance_km"": 300}",Mountain roads via Rishikesh–Joshimath; cable car and mountain roads connect Joshimath to Auli slopes.[web:275][web:278],2800,5900,5000,10900,9800,23100,"[""Skiing"", ""Snow_destination"", ""Mountain""]","[""Skiing lessons and guided runs"", ""Snow play and simple sledding"", ""Short treks and viewpoint walks""]","[""January\u2013March for reliable snow on slopes and comfortable winter stays.[web:275][web:278]""]","[""First_time_skiers"", ""Families"", ""Snow_view_lovers""]",2.0,3.0,5,Hotel‑based dining with North Indian and Garhwali dishes; limited independent cafes in peak snow belt.,"[""Garhwali dishes like aloo ke gutke"", ""Simple hot pahadi meals in cold weather""]",,india_tourism_dataset.json
98,Tiruvannamalai & Arunachala (Inner Fire Journey),tiruvannamalai & arunachala (inner fire journey),Tamil Nadu,Tiruvannamalai,South India,12.23,79.07,200,7,Moderate,"{""name"": ""Chennai Airport"", ""distance_km"": 190}","{""name"": ""Tiruvannamalai"", ""distance_km"": 1}","{""name"": ""Vellore / Chennai"", ""distance_km"": 90}","State highways connect from Chennai, Bengaluru and Puducherry; part of southern spiritual routes.[web:274]",1000,2600,2100,4700,4100,11200,"[""Spiritual"", ""Ashram"", ""Pilgrimage""]","[""Temple darshans and aartis"", ""Meditation and satsangs at ashrams"", ""Hill circumambulation walk (14\u201315 km)""]","[""November\u2013March for cooler walking temperatures.[web:274]""]","[""Meditation_seekers"", ""Spiritual_solo_travellers"", ""Ashram_visitors""]",2.0,3.0,7,Mostly vegetarian tiffin and thalis; ashram food is simple and sattvic.,"[""Simple South Indian meals"", ""Filter coffee in local tiffin shops""]",,india_tourism_dataset.json
99,Amarkantak Nature–Spiritual Loop,amarkantak nature–spiritual loop,Madhya Pradesh / Chhattisgarh border,Anuppur region,Central India,22.67,81.75,1065,6,Moderate,"{""name"": ""Jabalpur / Raipur (farther)"", ""distance_km"": 230}","{""name"": ""Pendra Road / Anuppur"", ""distance_km"": 40}","{""name"": ""Jabalpur / Bilaspur"", ""distance_km"": 230}",Hilly forest roads connect from Madhya Pradesh and Chhattisgarh; part of emerging nature‑spiritual itineraries.[web:274],1050,2700,2200,4800,4200,10300,"[""Spiritual"", ""Nature"", ""Offbeat""]","[""Temple and river\u2011source visits"", ""Short hikes to falls and forest viewpoints"", ""Meditation and ashram stays""]","[""October\u2013March for cool, dry weather and walkable trails.[web:274]""]","[""Nature_spiritual_seekers"", ""Offbeat_travellers"", ""Small_groups""]",2.0,2.0,4,Basic vegetarian meals; limited restaurant variety.,"[""Simple thalis at local dhabas""]",,india_tourism_dataset.json
100,Haridwar–Rishikesh–Char Dham Spiritual Trail (Meta‑Circuit Node),haridwar–rishikesh–char dham spiritual trail (meta‑circuit node),Uttarakhand,Haridwar / Dehradun / Garhwal,North India,30.0,78.2,300,10,Moderate,"{""name"": ""Dehradun (Jolly Grant) Airport"", ""distance_km"": 25}","{""name"": ""Haridwar Junction / Rishikesh"", ""distance_km"": 0}","{""name"": ""Dehradun"", ""distance_km"": 45}",Starting point for Char Dham and multiple Himalayan yatras; extensive bus and taxi networks operate in season.[web:273][web:274][web:277],1050,2750,2300,5100,4700,17800,"[""Spiritual"", ""Pilgrimage_hub"", ""Family""]","[""Short local darshans and Ganga Aarti"", ""Start/end\u2011point rituals for longer yatras"", ""Booking and orientation for hill pilgrimages""]","[""Char Dham window (roughly April/May\u2013Oct, excluding heavy\u2011rain weeks) plus separate Sep\u2013Apr spiritual\u2011stay season.[web:273][web:277]""]","[""Pilgrim_families"", ""Organised_tour_groups"", ""First_time_Himalayan_pilgrims""]",1.0,2.0,4,Vegetarian restaurants and langar/annadan setups for pilgrims.,"[""Simple bhojanalay thalis"", ""Street chaat and sweets before/after yatra""]",,india_tourism_dataset.json
