id,name,normalized_name,destination,area,category,latitude,longitude,interests,suitable_for,opening_hours,duration,estimated_cost,best_time,walking_level,indoor_outdoor,description,source,confidence
p_a081c2ba,India Gate,india gate,Delhi,,Cultural & Heritage Sites,28.612912,77.2295097,"[""culture"", ""heritage""]",,,30,0,,,,,"places.csv,Top Indian Places to Visit.csv",
p_47d09dff,Humayun's Tomb,humayun's tomb,Delhi,,Cultural & Heritage Sites,28.5932848,77.2507492,"[""culture"", ""heritage""]",,,120,30,,,,,"places.csv,Top Indian Places to Visit.csv",
p_316ef431,Akshardham Temple,akshardham temple,Delhi,,Religious & Spiritual Pilgrimages,28.6126735,77.2772619,"[""culture"", ""heritage""]",,,300,60,,,,,"places.csv,Top Indian Places to Visit.csv",
p_973bd8df,Waste to Wonder Park,waste to wonder park,Delhi,,Adventure & Outdoor Activities,28.5926939,77.2569715,"[""adventure"", ""nature"", ""outdoor""]",,,120,50,,,,,"places.csv,Top Indian Places to Visit.csv",
p_2cd73a54,Jantar Mantar,jantar mantar,Delhi,,"Arts, Science & Literature Attractions",28.6270547,77.2166267,"[""sightseeing""]",,,120,15,,,,,"places.csv,Top Indian Places to Visit.csv",
p_6fafea04,Chandni Chowk,chandni chowk,Delhi,,Shopping & Markets,28.6505331,77.230337,"[""shopping""]",,,180,0,,,,,"places.csv,Top Indian Places to Visit.csv",
p_bb4ff91c,Lotus Temple,lotus temple,Delhi,,Religious & Spiritual Pilgrimages,28.553492,77.2588264,"[""culture"", ""heritage""]",,,60,0,,,,,"places.csv,Top Indian Places to Visit.csv",
p_f026376f,Red Fort,red fort,Delhi,,Cultural & Heritage Sites,28.6561592,77.2410203,"[""culture"", ""heritage""]",,,120,35,,,,,"places.csv,Top Indian Places to Visit.csv",
p_7cea0905,Agrasen ki Baoli,agrasen ki baoli,Delhi,,Cultural & Heritage Sites,28.626062,77.2250369,"[""culture"", ""heritage""]",,,60,0,,,,,"places.csv,Top Indian Places to Visit.csv",
p_3f6ecdf6,Sunder Nursery,sunder nursery,Delhi,,Natural Landscapes & Wildlife,28.5956467,77.2451691,"[""nature"", ""wildlife""]",,,120,0,,,,,"places.csv,Top Indian Places to Visit.csv",
p_bcb35f04,Garden of Five Senses,garden of five senses,Delhi,,Natural Landscapes & Wildlife,28.513403,77.1975227,"[""nature"", ""wildlife""]",,,120,35,,,,,"places.csv,Top Indian Places to Visit.csv",
p_e27fcac8,Lodhi Garden,lodhi garden,Delhi,,Natural Landscapes & Wildlife,28.5936814,77.2218338,"[""nature"", ""wildlife""]",,,60,0,,,,,"places.csv,Top Indian Places to Visit.csv",
p_9291489e,National Gallery of Modern Art,national gallery of modern art,Delhi,,"Arts, Science & Literature Attractions",28.6101926,77.2344179,"[""sightseeing""]",,,180,20,,,,,"places.csv,Top Indian Places to Visit.csv",
p_2767bbb4,National Zoological Park ,national zoological park,Delhi,,Natural Landscapes & Wildlife,38.9296156,77.0497844,"[""nature"", ""wildlife""]",,,180,80,,,,,"places.csv,Top Indian Places to Visit.csv",
p_36f32197,Qutub Minar,qutub minar,Delhi,,Cultural & Heritage Sites,28.5244946,77.1855177,"[""culture"", ""heritage""]",,,60,35,,,,,"places.csv,Top Indian Places to Visit.csv",
p_70799e81,Shopping at Sarojini Nagar,shopping at sarojini nagar,Delhi,,Shopping & Markets,28.5740324,77.1990669,"[""shopping""]",,,60,0,,,,,places.csv,
p_c1258fd7,National Science Centre,national science centre,Delhi,,"Arts, Science & Literature Attractions",28.6127836,77.2455584,"[""sightseeing""]",,,300,70,,,,,"places.csv,Top Indian Places to Visit.csv",
p_e1d06636,Marine Drive,marine drive,Mumbai,,Sightseeing & Exploration,18.9432111,72.8229983,"[""sightseeing""]",,,120,0,,,,,"places.csv,Top Indian Places to Visit.csv",
p_af4e5ca8,Gateway of India,gateway of india,Mumbai,,Cultural & Heritage Sites,18.9219841,72.8346543,"[""culture"", ""heritage""]",,,60,0,,,,,"places.csv,Top Indian Places to Visit.csv",
p_664b257b,Chhatrapati Shivaji Maharaj Vastu Sangrahalaya,chhatrapati shivaji maharaj vastu sangrahalaya,Mumbai,,Cultural & Heritage Sites,18.9269015,72.8326916,"[""culture"", ""heritage""]",,,60,500,,,,,"places.csv,Top Indian Places to Visit.csv",
p_3b334ecb,NCPA Tiger safari at Borivali,ncpa tiger safari at borivali,Mumbai,,Adventure & Outdoor Activities,19.2307329,72.856673,"[""adventure"", ""nature"", ""outdoor""]",,,60,50,,,,,places.csv,
p_5c66501b,Shopping at Colaba Causeway,shopping at colaba causeway,Mumbai,,Shopping & Markets,18.9246447,72.8321315,"[""shopping""]",,,60,0,,,,,places.csv,
p_292ab0eb,"Shopping at Linking road, Bandra","shopping at linking road, bandra",Mumbai,,Shopping & Markets,19.0642357,72.8349124,"[""shopping""]",,,60,0,,,,,places.csv,
p_dd4664d6,"Phoenix marketcity Mall, Kurla","phoenix marketcity mall, kurla",Mumbai,,Shopping & Markets,19.0863795,72.8889774,"[""shopping""]",,,60,0,,,,,places.csv,
p_c38aca78,"Jio world drive mall, BKC","jio world drive mall, bkc",Mumbai,,"Arts, Science & Literature Attractions",19.0543152,72.8515712,"[""sightseeing""]",,,60,0,,,,,places.csv,
p_8dab30d0,"Five gardens, Matunga","five gardens, matunga",Mumbai,,Sightseeing & Exploration,19.019747,72.854312,"[""sightseeing""]",,,60,0,,,,,places.csv,
p_bbf371cf,Worli seaface,worli seaface,Mumbai,,Religious & Spiritual Pilgrimages,19.0091432,72.8157283,"[""culture"", ""heritage""]",,,60,0,,,,,places.csv,
p_fe76a793,Siddhivinayak Temple,siddhivinayak temple,Mumbai,,Religious & Spiritual Pilgrimages,19.01699,72.8303997,"[""culture"", ""heritage""]",,,120,0,,,,,"places.csv,Top Indian Places to Visit.csv",
p_1ffb19c2,Mahalaxmi Temple,mahalaxmi temple,Mumbai,,Religious & Spiritual Pilgrimages,18.9773,72.8066,"[""culture"", ""heritage""]",,,60,0,,,,,"places.csv,Top Indian Places to Visit.csv",
p_88550f23,Haji Ali Dargah,haji ali dargah,Mumbai,,Religious & Spiritual Pilgrimages,18.9828273,72.8088966,"[""culture"", ""heritage""]",,,120,0,,,,,"places.csv,Top Indian Places to Visit.csv",
p_8bdf4c08,Chowpatty Beach,chowpatty beach,Mumbai,,Natural Landscapes & Wildlife,18.9518622,72.8165592,"[""nature"", ""wildlife""]",,,120,0,,,,,"places.csv,Top Indian Places to Visit.csv",
p_683e9794,Essel World,essel world,Mumbai,,Adventure & Outdoor Activities,19.230098,72.8013252,"[""adventure"", ""nature"", ""outdoor""]",,,300,1149,,,,,"places.csv,Top Indian Places to Visit.csv",
p_c59e6b56,Elephanta Caves,elephanta caves,Mumbai,,Cultural & Heritage Sites,18.9633474,72.9314864,"[""culture"", ""heritage""]",,,240,550,,,,,"places.csv,Top Indian Places to Visit.csv",
p_c3544b55,Tigers Leap cliff top,tigers leap cliff top,Lonavala,,Sightseeing & Exploration,18.6961,73.3852,"[""sightseeing""]",,,60,0,,,,,places.csv,
p_bd3298d3,Duke's nose trail,duke's nose trail,Lonavala,,Adventure & Outdoor Activities,18.7323921,73.3678196,"[""adventure"", ""nature"", ""outdoor""]",,,60,0,,,,,places.csv,
p_cfc58a9e,Adlabs Imagica,adlabs imagica,Lonavala,,Adventure & Outdoor Activities,18.7679396,73.2823206,"[""adventure"", ""nature"", ""outdoor""]",,,60,1149,,,,,places.csv,
p_43cc38b2,Bhushi dam,bhushi dam,Lonavala,,Natural Landscapes & Wildlife,18.7224264,73.3962885,"[""nature"", ""wildlife""]",,,60,0,,,,,places.csv,
p_ef9342a4,Sunset at Lion's point,sunset at lion's point,Lonavala,,Sightseeing & Exploration,18.608297,73.3864648,"[""sightseeing""]",,,60,0,,,,,places.csv,
p_49e7344f,Bangalore Palace,bangalore palace,Bangalore,,Cultural & Heritage Sites,18.699917,73.3859496,"[""culture"", ""heritage""]",,,120,500,,,,,"places.csv,Top Indian Places to Visit.csv",
p_6a25b5ec,Lalbagh Botanical Garden,lalbagh botanical garden,Bangalore,,Natural Landscapes & Wildlife,13.0035068,77.5890953,"[""nature"", ""wildlife""]",,,90,20,,,,,"places.csv,Top Indian Places to Visit.csv",
p_365df03f,Cubbon Park,cubbon park,Bangalore,,Natural Landscapes & Wildlife,12.9494158,77.5846805,"[""nature"", ""wildlife""]",,,60,0,,,,,"places.csv,Top Indian Places to Visit.csv",
p_d1383e2f,Nehru Planetarium,nehru planetarium,Bangalore,,"Arts, Science & Literature Attractions",12.9779291,77.5951549,"[""sightseeing""]",,,60,35,,,,,places.csv,
p_8d1aab93,National Gallery of Modern Art,national gallery of modern art,Bangalore,,Cultural & Heritage Sites,12.5923,77.3517,"[""culture"", ""heritage""]",,,60,20,,,,,places.csv,
p_79f11711,Church street,church street,Bangalore,,Sightseeing & Exploration,28.6101926,77.2344179,"[""sightseeing""]",,,60,0,,,,,places.csv,
p_c9ab16b5,MG Road,mg road,Bangalore,,Sightseeing & Exploration,12.582568,77.364279,"[""sightseeing""]",,,60,0,,,,,places.csv,
p_939a287c,Boating at Yediyur lake ,boating at yediyur lake,Bangalore,,Adventure & Outdoor Activities,12.9747587,77.6093926,"[""adventure"", ""nature"", ""outdoor""]",,,60,50,,,,,places.csv,
p_f8f3cbf3,Vidhana Soudha,vidhana soudha,Bangalore,,Cultural & Heritage Sites,12.93349,77.5766285,"[""culture"", ""heritage""]",,,30,0,,,,,"places.csv,Top Indian Places to Visit.csv",
p_56a4e309,ISKCON Temple Bangalore,iskcon temple bangalore,Bangalore,,Religious & Spiritual Pilgrimages,12.9796121,77.5908462,"[""culture"", ""heritage""]",,,60,0,,,,,"places.csv,Top Indian Places to Visit.csv",
p_798bcd0c,Charminar,charminar,Hyderabad,,Cultural & Heritage Sites,13.0098328,77.5510964,"[""culture"", ""heritage""]",,,60,25,,,,,"places.csv,Top Indian Places to Visit.csv",
p_784cc8a2,Golconda Fort,golconda fort,Hyderabad,,Cultural & Heritage Sites,17.3615636,78.4746645,"[""culture"", ""heritage""]",,,120,30,,,,,"places.csv,Top Indian Places to Visit.csv",
p_22700c1f,Hussain Sagar Lake,hussain sagar lake,Hyderabad,,Natural Landscapes & Wildlife,17.383309,78.4010528,"[""nature"", ""wildlife""]",,,60,0,,,,,"places.csv,Top Indian Places to Visit.csv",
p_5296195e,Ramoji Film City,ramoji film city,Hyderabad,,"Arts, Science & Literature Attractions",17.4238798,78.4738215,"[""sightseeing""]",,,240,1150,,,,,"places.csv,Top Indian Places to Visit.csv",
p_d9dab584,Salar Jung Museum,salar jung museum,Hyderabad,,"Arts, Science & Literature Attractions",17.221713,78.284925,"[""sightseeing""]",,,120,20,,,,,"places.csv,Top Indian Places to Visit.csv",
p_f812896d,Qutb Shahi Tombs,qutb shahi tombs,Hyderabad,,Cultural & Heritage Sites,17.3716084,78.4802439,"[""culture"", ""heritage""]",,,60,25,,,,,"places.csv,Top Indian Places to Visit.csv",
p_9050b509,Lad Bazaar ,lad bazaar,Hyderabad,,Shopping & Markets,17.3973706,78.4001141,"[""shopping""]",,,60,0,,,,,places.csv,
p_fef7f8b4,Birla Mandir,birla mandir,Hyderabad,,Religious & Spiritual Pilgrimages,17.3628791,78.4741288,"[""culture"", ""heritage""]",,,60,0,,,,,"places.csv,Top Indian Places to Visit.csv",
p_b16d16f0,Chowmahalla Palace,chowmahalla palace,Hyderabad,,Cultural & Heritage Sites,17.212781,78.281814,"[""culture"", ""heritage""]",,,90,80,,,,,"places.csv,Top Indian Places to Visit.csv",
p_badc6cb1,Nehru Zoological Park,nehru zoological park,Hyderabad,,Natural Landscapes & Wildlife,17.3578233,78.4716897,"[""nature"", ""wildlife""]",,,180,50,,,,,"places.csv,Top Indian Places to Visit.csv",
p_29e49e72,Infinite adventure club,infinite adventure club,Hyderabad,,Adventure & Outdoor Activities,17.3483047,78.4425108,"[""adventure"", ""nature"", ""outdoor""]",,,60,1000,,,,,places.csv,
p_3469d459,Lumbini Park,lumbini park,Hyderabad,,Natural Landscapes & Wildlife,17.4458759,78.4186335,"[""nature"", ""wildlife""]",,,60,20,,,,,"places.csv,Top Indian Places to Visit.csv",
p_e7d3ded9,Victoria Memorial,victoria memorial,Kolkata,,Cultural & Heritage Sites,17.4096811,78.4724344,"[""culture"", ""heritage""]",,,90,30,,,,,"places.csv,Top Indian Places to Visit.csv",
p_2f93daff,Howrah Bridge,howrah bridge,Kolkata,,Cultural & Heritage Sites,22.5448082,88.3425578,"[""culture"", ""heritage""]",,,30,0,,,,,"places.csv,Top Indian Places to Visit.csv",
p_6182a322,Indian Museum,indian museum,Kolkata,,"Arts, Science & Literature Attractions",22.5851433,88.3468005,"[""sightseeing""]",,,120,50,,,,,"places.csv,Top Indian Places to Visit.csv",
p_77c08b10,Ganga aarti,ganga aarti,Kolkata,,Religious & Spiritual Pilgrimages,22.5578858,88.3511268,"[""culture"", ""heritage""]",,,60,0,,,,,places.csv,
p_ce5a8727,Birla Planetarium,birla planetarium,Kolkata,,"Arts, Science & Literature Attractions",27.40364009,83.00912405,"[""sightseeing""]",,,60,100,,,,,places.csv,
p_c1bf24d4,St.Pauls Cathedral,st.pauls cathedral,Kolkata,,Religious & Spiritual Pilgrimages,22.5455141,88.3473163,"[""culture"", ""heritage""]",,,60,0,,,,,places.csv,
p_83cbe45f,Tiretti Bazaar,tiretti bazaar,Kolkata,,Shopping & Markets,22.57285,88.356,"[""shopping""]",,,60,0,,,,,places.csv,
p_bcc00cae,Princep Ghat,princep ghat,Kolkata,,Cultural & Heritage Sites,22.5739086,88.3555988,"[""culture"", ""heritage""]",,,60,0,,,,,places.csv,
p_8bb81aae,Kumartali potter's quarter,kumartali potter's quarter,Kolkata,,"Arts, Science & Literature Attractions",22.5552828,88.3311699,"[""sightseeing""]",,,60,0,,,,,places.csv,
p_ee5f982d,Shopping at Chamba lama,shopping at chamba lama,Kolkata,,Shopping & Markets,22.6000017,88.3612679,"[""shopping""]",,,60,0,,,,,places.csv,
p_28c14583,Burra Bazaar,burra bazaar,Kolkata,,Shopping & Markets,22.5599918,88.3531374,"[""shopping""]",,,60,0,,,,,places.csv,
p_bed17879,Dakshineswar Kali Temple,dakshineswar kali temple,Kolkata,,Religious & Spiritual Pilgrimages,22.5817406,88.3543972,"[""culture"", ""heritage""]",,,60,0,,,,,"places.csv,Top Indian Places to Visit.csv",
p_304509d7,Kalighat Kali Temple,kalighat kali temple,Kolkata,,Religious & Spiritual Pilgrimages,22.6549087,88.3575307,"[""culture"", ""heritage""]",,,60,0,,,,,"places.csv,Top Indian Places to Visit.csv",
p_14f1f806,Eden Gardens,eden gardens,Kolkata,,Sports & Recreation,22.5202798,88.3420877,"[""sightseeing""]",,,180,2500,,,,,"places.csv,Top Indian Places to Visit.csv",
p_3ef34b0d,Alipore Zoological Gardens,alipore zoological gardens,Kolkata,,Natural Landscapes & Wildlife,22.5646081,88.3432645,"[""nature"", ""wildlife""]",,,120,25,,,,,"places.csv,Top Indian Places to Visit.csv",
p_13f3673e,Science City Kolkata,science city kolkata,Kolkata,,"Arts, Science & Literature Attractions",22.5370343,88.3316697,"[""sightseeing""]",,,180,60,,,,,"places.csv,Top Indian Places to Visit.csv",
p_3faf62b7,Belur Math,belur math,Kolkata,,Religious & Spiritual Pilgrimages,22.5401381,88.3960564,"[""culture"", ""heritage""]",,,90,0,,,,,"places.csv,Top Indian Places to Visit.csv",
p_23c3e8bd,Marble Palace,marble palace,Kolkata,,Cultural & Heritage Sites,22.6326565,88.3563815,"[""culture"", ""heritage""]",,,60,0,,,,,"places.csv,Top Indian Places to Visit.csv",
p_dfbae52d,Basilica of Bom Jesus,basilica of bom jesus,Goa,,Religious & Spiritual Pilgrimages,15.5008,73.9114,"[""culture"", ""heritage""]",,,60,0,,,,,"places.csv,Top Indian Places to Visit.csv",
p_98e3ece0,Fort Aguada,fort aguada,Goa,,Cultural & Heritage Sites,15.5008238,73.9114061,"[""culture"", ""heritage""]",,,90,0,,,,,"places.csv,Top Indian Places to Visit.csv",
p_932c8e31,Dudhsagar Falls,dudhsagar falls,Goa,,Natural Landscapes & Wildlife,15.4922519,73.7737462,"[""nature"", ""wildlife""]",,,180,500,,,,,"places.csv,Top Indian Places to Visit.csv",
p_1d21716b,Anjuna Beach,anjuna beach,Goa,,Adventure & Outdoor Activities,15.3144375,74.3143073,"[""adventure"", ""nature"", ""outdoor""]",,,120,0,,,,,"places.csv,Top Indian Places to Visit.csv",
p_3ee7cb44,Chapora Fort,chapora fort,Goa,,Cultural & Heritage Sites,15.5733497,73.7409781,"[""culture"", ""heritage""]",,,60,0,,,,,"places.csv,Top Indian Places to Visit.csv",
p_108b1497,Se Cathedral,se cathedral,Goa,,Religious & Spiritual Pilgrimages,15.6046375,73.7369631,"[""culture"", ""heritage""]",,,60,0,,,,,"places.csv,Top Indian Places to Visit.csv",
p_92b8a1de,Baga Beach,baga beach,Goa,,Natural Landscapes & Wildlife,15.5038769,73.9121918,"[""nature"", ""wildlife""]",,,120,0,,,,,"places.csv,Top Indian Places to Visit.csv",
p_94be1582,Candolim Beach,candolim beach,Goa,,Natural Landscapes & Wildlife,15.5552787,73.7517307,"[""nature"", ""wildlife""]",,,60,0,,,,,places.csv,
p_d23a0cfb,Fontainhas colony,fontainhas colony,Panjim,,Cultural & Heritage Sites,15.5179749,73.7626122,"[""culture"", ""heritage""]",,,60,0,,,,,places.csv,
p_d359d586,Shopping at M.G.Road,shopping at m.g.road,Panjim,,Shopping & Markets,15.4941033,73.8300775,"[""shopping""]",,,60,0,,,,,places.csv,
p_dca94d6c,Gallery Gitanjali,gallery gitanjali,Panjim,,"Arts, Science & Literature Attractions",12.9747587,77.6093926,"[""sightseeing""]",,,60,0,,,,,places.csv,
p_f78ab38b,Our Lady of Immaculate Conception Church,our lady of immaculate conception church,Panjim,,Religious & Spiritual Pilgrimages,15.4986,73.8294,"[""culture"", ""heritage""]",,,60,0,,,,,places.csv,
p_ec5931fd,Old Goa,old goa,Goa,,Cultural & Heritage Sites,15.5014,73.9135,"[""culture"", ""heritage""]",,,60,0,,,,,places.csv,
p_1d7fd46b,Arambol Beach,arambol beach,Goa,,Natural Landscapes & Wildlife,15.501984,73.9100068,"[""nature"", ""wildlife""]",,,120,0,,,,,"places.csv,Top Indian Places to Visit.csv",
p_bde60334,Palolem Beach,palolem beach,Goa,,Natural Landscapes & Wildlife,15.6846886,73.7032836,"[""nature"", ""wildlife""]",,,120,0,,,,,"places.csv,Top Indian Places to Visit.csv",
p_78a27a5b,Colva Beach,colva beach,Goa,,Natural Landscapes & Wildlife,15.0099648,74.0232186,"[""nature"", ""wildlife""]",,,120,0,,,,,"places.csv,Top Indian Places to Visit.csv",
p_b707c6f2,Miramar Beach,miramar beach,Goa,,Natural Landscapes & Wildlife,15.2805316,73.9119945,"[""nature"", ""wildlife""]",,,90,0,,,,,"places.csv,Top Indian Places to Visit.csv",
p_a843f5a3,Dr. Salim Ali Bird Santuary,dr. salim ali bird santuary,Goa,,Natural Landscapes & Wildlife,15.513,73.8704,"[""nature"", ""wildlife""]",,,120,10,,,,,"places.csv,Top Indian Places to Visit.csv",
p_f3987428,Statue of Unity,statue of unity,Ahemdabad,,Cultural & Heritage Sites,10.1335031,76.6860267,"[""culture"", ""heritage""]",,,60,120,,,,,places.csv,
p_d770a294,Jhulta Minara,jhulta minara,Ahemdabad,,Cultural & Heritage Sites,21.8380184,73.7190728,"[""culture"", ""heritage""]",,,60,0,,,,,places.csv,
p_5b7a46be,Auto World Vintage Car Museum,auto world vintage car museum,Ahemdabad,,"Arts, Science & Literature Attractions",23.0236789,72.5998114,"[""sightseeing""]",,,60,100,,,,,places.csv,
p_991369d8,Sabarmati Ashram,sabarmati ashram,Ahmedabad,,Cultural & Heritage Sites,23.0572846,72.6872617,"[""culture"", ""heritage""]",,,90,0,,,,,"places.csv,Top Indian Places to Visit.csv",
p_495ae8b6,Dwarka Beach & Lighthouse,dwarka beach & lighthouse,Dwarka,,Natural Landscapes & Wildlife,23.0358621,72.5701089,"[""nature"", ""wildlife""]",,,60,0,,,,,places.csv,
p_54a853bf,Rukmini Devi Mandir,rukmini devi mandir,Dwarka,,Religious & Spiritual Pilgrimages,22.2441975,68.9684562,"[""culture"", ""heritage""]",,,60,0,,,,,places.csv,
p_2689678c,Shri Nageshwar Jyotirling,shri nageshwar jyotirling,Dwarka,,Religious & Spiritual Pilgrimages,22.2573143,68.9644191,"[""culture"", ""heritage""]",,,60,0,,,,,places.csv,
p_3b296d79,Dwarkadhish Temple,dwarkadhish temple,Dwarka,,Religious & Spiritual Pilgrimages,22.3359636,69.0870088,"[""culture"", ""heritage""]",,,120,0,,,,,"places.csv,Top Indian Places to Visit.csv",
p_e9b823ec,Mahabat Maqbara Palace,mahabat maqbara palace,Junagadh,,Cultural & Heritage Sites,22.2371082,68.9676255,"[""culture"", ""heritage""]",,,60,0,,,,,places.csv,
p_0c21698a,Uparkot Fort,uparkot fort,Junagadh,,Cultural & Heritage Sites,21.5275733,70.4599927,"[""culture"", ""heritage""]",,,60,5,,,,,places.csv,
p_339b0157,Sakkarbaug Zoological Park,sakkarbaug zoological park,Junagadh,,Natural Landscapes & Wildlife,21.5247475,70.4700532,"[""nature"", ""wildlife""]",,,60,20,,,,,places.csv,
p_e9d85ab3,Gir National Park,gir national park,Junagadh,,Natural Landscapes & Wildlife,21.5418892,70.4646275,"[""nature"", ""wildlife""]",,,180,3500,,,,,"places.csv,Top Indian Places to Visit.csv",
p_b967be8d,Aina Mahal Palace,aina mahal palace,Bhuj,,Cultural & Heritage Sites,21.0842848,70.7944414,"[""culture"", ""heritage""]",,,60,20,,,,,places.csv,
p_b356692b,Bhuj Mandir,bhuj mandir,Bhuj,,Religious & Spiritual Pilgrimages,23.2553595,69.6685614,"[""culture"", ""heritage""]",,,60,0,,,,,places.csv,
p_f40dabd6,Chhatardi Bhuj,chhatardi bhuj,Bhuj,,Cultural & Heritage Sites,23.2419997,69.6669324,"[""culture"", ""heritage""]",,,60,0,,,,,places.csv,
p_286765ea,Vande Mataram Memorial,vande mataram memorial,Bhuj,,Cultural & Heritage Sites,23.2457731,69.6581727,"[""culture"", ""heritage""]",,,60,100,,,,,places.csv,
p_88c70795,White Desert,white desert,Bhuj,,Natural Landscapes & Wildlife,23.2187507,69.73645,"[""nature"", ""wildlife""]",,,150,0,,,,,"places.csv,Top Indian Places to Visit.csv",
p_9dd178c0,Sayaji Baug Zoo,sayaji baug zoo,Vadodara,,Natural Landscapes & Wildlife,22.3115,73.19,"[""nature"", ""wildlife""]",,,60,20,,,,,places.csv,
p_930fe0d5,Inorbit Mall Vadodara,inorbit mall vadodara,Vadodara,,Shopping & Markets,22.3114569,73.191386,"[""shopping""]",,,60,0,,,,,places.csv,
p_581d72e6,Baroda Museum &Gallery,baroda museum &gallery,Vadodara,,"Arts, Science & Literature Attractions",22.3223271,73.1655842,"[""sightseeing""]",,,60,5,,,,,places.csv,
p_fad4b316,BAPS Shri Swaminarayan Mandir,baps shri swaminarayan mandir,Vadodara,,Religious & Spiritual Pilgrimages,22.3117697,73.1887449,"[""culture"", ""heritage""]",,,60,0,,,,,places.csv,
p_24a27659,Mandvi Gate,mandvi gate,Vadodara,,Cultural & Heritage Sites,22.3001,73.2106,"[""culture"", ""heritage""]",,,60,0,,,,,places.csv,
p_a644e09e,Laxmi Vilas Palace,laxmi vilas palace,Vadodara,,Cultural & Heritage Sites,22.300138,73.2106478,"[""culture"", ""heritage""]",,,120,200,,,,,"places.csv,Top Indian Places to Visit.csv",
p_e7ecc0b0,Somnath Beach,somnath beach,Somnath,,Religious & Spiritual Pilgrimages,22.2935993,73.1919074,"[""culture"", ""heritage""]",,,60,0,,,,,places.csv,
p_8a59e39c,Somnath Temple,somnath temple,Somnath,,Religious & Spiritual Pilgrimages,20.8841837,70.405855,"[""culture"", ""heritage""]",,,120,0,,,,,"places.csv,Top Indian Places to Visit.csv",
p_6baa6ea6,Adalaj Stepwell,adalaj stepwell,Gandhinagar,,Cultural & Heritage Sites,20.8879899,70.4012569,"[""culture"", ""heritage""]",,,60,0,,,,,places.csv,
p_ee0ce992,Sarita Udyan,sarita udyan,Gandhinagar,,Sightseeing & Exploration,23.1667825,72.580464,"[""sightseeing""]",,,60,0,,,,,places.csv,
p_1669b883,Swaminarayan Akshardham,swaminarayan akshardham,Gandhinagar,,Religious & Spiritual Pilgrimages,23.2031524,72.6589384,"[""culture"", ""heritage""]",,,60,0,,,,,places.csv,
p_8c1310e9,Dandi Kutir,dandi kutir,Gandhinagar,,"Arts, Science & Literature Attractions",28.6126735,77.2772619,"[""sightseeing""]",,,90,0,,,,,"places.csv,Top Indian Places to Visit.csv",
p_df6dfd67,Sabarmati Riverfront,sabarmati riverfront,Ahmedabad,,Sightseeing & Exploration,23.2328758,72.6311938,"[""sightseeing""]",,,60,0,,,,,"places.csv,Top Indian Places to Visit.csv",
p_c75f7893,Manek Chowk,manek chowk,Ahmedabad,,Shopping & Markets,23.0234539,72.5766408,"[""shopping""]",,,120,0,,,,,"places.csv,Top Indian Places to Visit.csv",
p_bedf0b6c,Kankaria Lake,kankaria lake,Ahmedabad,,Natural Landscapes & Wildlife,23.0231887,72.5879093,"[""nature"", ""wildlife""]",,,180,10,,,,,"places.csv,Top Indian Places to Visit.csv",
p_f46b5acb,Science City,science city,Ahmedabad,,"Arts, Science & Literature Attractions",23.0062573,72.6025503,"[""sightseeing""]",,,420,500,,,,,"places.csv,Top Indian Places to Visit.csv",
p_8a3762fb,Birla Mandir,birla mandir,Jaipur,,Religious & Spiritual Pilgrimages,23.0714235,72.5167854,"[""culture"", ""heritage""]",,,60,0,,,,,places.csv,
p_73cc1030,Shree Khole Ki Hanuman Mandir,shree khole ki hanuman mandir,Jaipur,,Religious & Spiritual Pilgrimages,26.907524,75.739639,"[""culture"", ""heritage""]",,,60,0,,,,,places.csv,
p_1e259fbd,Cental Park,cental park,Jaipur,,Natural Landscapes & Wildlife,26.9049,75.8087,"[""nature"", ""wildlife""]",,,60,0,,,,,places.csv,
p_1259705f,Moti Dungri Ganesh Ji Temple,moti dungri ganesh ji temple,Jaipur,,Religious & Spiritual Pilgrimages,26.8947,75.8167,"[""culture"", ""heritage""]",,,60,0,,,,,places.csv,
p_a154a760,Jantar Mantar,jantar mantar,Jaipur,,"Arts, Science & Literature Attractions",26.8946582,75.8167154,"[""sightseeing""]",,,60,0,,,,,places.csv,
p_24dc2481,Amber Palace,amber palace,Jaipur,,Cultural & Heritage Sites,28.6270547,77.2166267,"[""culture"", ""heritage""]",,,60,0,,,,,places.csv,
p_f65bdce7,Hawa Mahal,hawa mahal,Jaipur,,Cultural & Heritage Sites,26.9854865,75.8513454,"[""culture"", ""heritage""]",,,60,50,,,,,"places.csv,Top Indian Places to Visit.csv",
p_d2fe5cf9,Lake Pichola,lake pichola,Udaipur ,,Natural Landscapes & Wildlife,26.9240458,75.8267144,"[""nature"", ""wildlife""]",,,60,0,,,,,"places.csv,Top Indian Places to Visit.csv",
p_cd1b9d00,Jagdish Temple,jagdish temple,Udaipur,,Religious & Spiritual Pilgrimages,24.572,73.679,"[""culture"", ""heritage""]",,,60,0,,,,,places.csv,
p_d1997182,Ambrai Ghat,ambrai ghat,Udaipur,,Sightseeing & Exploration,24.5796536,73.6836153,"[""sightseeing""]",,,60,0,,,,,places.csv,
p_5e6bf6c7,Saheliyon ki Bari,saheliyon ki bari,Udaipur,,Natural Landscapes & Wildlife,24.5775547,73.6799021,"[""nature"", ""wildlife""]",,,60,50,,,,,places.csv,
p_0c1e4f03,Sajjangarh Monsoon Palace,sajjangarh monsoon palace,Udaipur,,Cultural & Heritage Sites,24.6030064,73.6854901,"[""culture"", ""heritage""]",,,60,110,,,,,places.csv,
p_91333ddd,Bagore ki Haveli,bagore ki haveli,Udaipur,,Cultural & Heritage Sites,24.5931853,73.6396056,"[""culture"", ""heritage""]",,,60,30,,,,,places.csv,
p_1ed7f449,Karni Mata Temple,karni mata temple,Udaipur,,Religious & Spiritual Pilgrimages,24.5800483,73.6822576,"[""culture"", ""heritage""]",,,60,0,,,,,places.csv,
p_d3f5353e,City Palace,city palace,Udaipur,,Cultural & Heritage Sites,27.7909349,73.3408256,"[""culture"", ""heritage""]",,,120,300,,,,,"places.csv,Top Indian Places to Visit.csv",
p_cdf001ce,Patwa Haweli,patwa haweli,Jaisalmer,,Cultural & Heritage Sites,26.9164,70.9143,"[""culture"", ""heritage""]",,,60,40,,,,,places.csv,
p_a4ceb5c0,Longewala War memorial,longewala war memorial,Jaisalmer,,Cultural & Heritage Sites,26.911661,70.922928,"[""culture"", ""heritage""]",,,60,50,,,,,places.csv,
p_963e774c,Gadisar Lake,gadisar lake,Jaisalmer,,"Natural Landscapes & Wildlife, Sightseeing & Exploration",27.5229395,70.1564799,"[""nature"", ""wildlife""]",,,60,0,,,,,places.csv,
p_ae14e137,Jaisalmer Fort,jaisalmer fort,Jaisalmer,,Cultural & Heritage Sites,26.9085788,70.9231001,"[""culture"", ""heritage""]",,,150,50,,,,,"places.csv,Top Indian Places to Visit.csv",
p_9d16a3a3,Trinetra Ganesh Temple,trinetra ganesh temple,Ranthambore,,Religious & Spiritual Pilgrimages,26.9124555,70.9126093,"[""culture"", ""heritage""]",,,60,0,,,,,places.csv,
p_0a59844b,Ranthambore Fort,ranthambore fort,Ranthambore,,Cultural & Heritage Sites,26.0174913,76.4532362,"[""culture"", ""heritage""]",,,60,0,,,,,places.csv,
p_206c8e0f,Ranthambore National Park,ranthambore national park,Ranthambore,,"Natural Landscapes & Wildlife, Sightseeing & Exploration",26.0207552,76.4549695,"[""nature"", ""wildlife""]",,,60,500,,,,,places.csv,
p_4d449b9a,Adhai Din ka Jhopra,adhai din ka jhopra,Ajmer,,Cultural & Heritage Sites,25.9775867,76.5532869,"[""culture"", ""heritage""]",,,60,50,,,,,places.csv,
p_6d27bfde,Anasagar Lake,anasagar lake,Ajmer,,"Natural Landscapes & Wildlife, Sightseeing & Exploration",26.455216,74.6251458,"[""nature"", ""wildlife""]",,,60,0,,,,,places.csv,
p_9e5ef556,Khwaja Gharib Nawaz Dargah ,khwaja gharib nawaz dargah,Ajmer,,Religious & Spiritual Pilgrimages,26.4745925,74.6195474,"[""culture"", ""heritage""]",,,60,0,,,,,places.csv,
p_010c1172,Jaswant Thada,jaswant thada,Jodhpur,,Cultural & Heritage Sites,21.0105397,75.5520299,"[""culture"", ""heritage""]",,,60,30,,,,,places.csv,
p_0f5dfd29,Umaid Bhawan Palace,umaid bhawan palace,Jodhpur,,Cultural & Heritage Sites,26.3040998,73.0253613,"[""culture"", ""heritage""]",,,60,50,,,,,places.csv,
p_28748990,Mehrangarh Fort,mehrangarh fort,Jodhpur,,Cultural & Heritage Sites,26.2810298,73.0473022,"[""culture"", ""heritage""]",,,120,100,,,,,"places.csv,Top Indian Places to Visit.csv",
p_6c460f2e,Nakki Lake,nakki lake,Mount Abu,,"Natural Landscapes & Wildlife, Sightseeing & Exploration",26.2978267,73.0180132,"[""nature"", ""wildlife""]",,,60,0,,,,,places.csv,
p_b328f04f,Sunset Point,sunset point,Mount Abu,,"Natural Landscapes & Wildlife, Sightseeing & Exploration",24.5945112,72.7062297,"[""nature"", ""wildlife""]",,,60,0,,,,,places.csv,
p_c7d588d9,Dilwara Temples,dilwara temples,Mount Abu,,"Religious & Spiritual Pilgrimages, Cultural & Heritage Sites",24.6094,72.723,"[""culture"", ""heritage""]",,,60,0,,,,,"places.csv,Top Indian Places to Visit.csv",
p_526ed430,Nahargarh Fort,nahargarh fort,Jaipur,,Cultural & Heritage Sites,24.609382,72.7229797,"[""culture"", ""heritage""]",,,60,100,,,,,places.csv,
p_fdb367e9,Jaigarh Fort,jaigarh fort,Jaipur,,Cultural & Heritage Sites,26.9401659,75.8170373,"[""culture"", ""heritage""]",,,90,35,,,,,"places.csv,Top Indian Places to Visit.csv",
p_ac4234cd,Lake Pichola,lake pichola,Udaipur,,"Natural Landscapes & Wildlife, Sightseeing & Exploration",26.9816052,75.8447917,"[""nature"", ""wildlife""]",,,60,0,,,,,"places.csv,Top Indian Places to Visit.csv",
p_0bbebd5e,Sadda Pind,sadda pind,Amritsar,,Cultural & Heritage Sites,31.63398,74.872261,"[""culture"", ""heritage""]",,,60,700,,,,,places.csv,
p_44534b63,Gobind Garh Fort,gobind garh fort,Amritsar,,Cultural & Heritage Sites,31.644012,74.8131795,"[""culture"", ""heritage""]",,,60,250,,,,,places.csv,
p_12ac2a3b,Shri Durgiana Temple,shri durgiana temple,Amritsar,,Religious & Spiritual Pilgrimages,31.6276227,74.8580233,"[""culture"", ""heritage""]",,,60,0,,,,,places.csv,
p_54f385c6,Shree Harminder Sahib Gurudwara,shree harminder sahib gurudwara,Amritsar,,Religious & Spiritual Pilgrimages,31.6271534,74.8673445,"[""culture"", ""heritage""]",,,60,0,,,,,places.csv,
p_4befb129,The Partition Museum,the partition museum,Amritsar,,"Arts, Science & Literature Attractions",31.6199803,74.8764849,"[""sightseeing""]",,,60,50,,,,,places.csv,
p_149cdfc6,Golden Temple (Harmandir Sahib),golden temple (harmandir sahib),Amritsar,,Religious & Spiritual Pilgrimages,31.6256935,74.8790091,"[""culture"", ""heritage""]",,,90,0,,,,,"places.csv,Top Indian Places to Visit.csv",
p_df7ea725,Jallianwala Bagh,jallianwala bagh,Amritsar,,Cultural & Heritage Sites,31.6199803,74.8764849,"[""culture"", ""heritage""]",,,60,0,,,,,"places.csv,Top Indian Places to Visit.csv",
p_c069c1e5,Wagah Border,wagah border,Amritsar,,"Adventure & Outdoor Activities, Sightseeing & Exploration",31.6207396,74.8801655,"[""adventure"", ""nature"", ""outdoor""]",,,120,0,,,,,"places.csv,Top Indian Places to Visit.csv",
p_f7479fa0, Japanese Garden,japanese garden,Chandigarh,,"Cultural & Heritage Sites, Natural Landscapes & Wildlife",31.6048388,74.5740775,"[""culture"", ""heritage""]",,,60,0,,,,,places.csv,
p_716561a4,Sector 17 Market,sector 17 market,Chandigarh,,Shopping & Markets,30.7395,76.7825,"[""shopping""]",,,60,0,,,,,places.csv,
p_9c193c39,ISKON temple,iskon temple,Chandigarh,,Religious & Spiritual Pilgrimages,30.739471,76.7825333,"[""culture"", ""heritage""]",,,60,0,,,,,places.csv,
p_930c2d99,Terraced garden,terraced garden,Chandigarh,,Natural Landscapes & Wildlife,30.7144,76.7716,"[""nature"", ""wildlife""]",,,60,0,,,,,places.csv,
p_8cd6460d,Government museum & Art gallery,government museum & art gallery,Chandigarh,,"Arts, Science & Literature Attractions",30.445473,76.471285,"[""sightseeing""]",,,60,60,,,,,places.csv,
p_475a86a6,Sukhna Lake,sukhna lake,Chandigarh,,Natural Landscapes & Wildlife,13.0716298,80.2567955,"[""nature"", ""wildlife""]",,,60,0,,,,,places.csv,
p_872c8aa4,Rock Garden,rock garden,Chandigarh,,Sightseeing & Exploration,30.7421379,76.8187557,"[""sightseeing""]",,,120,30,,,,,"places.csv,Top Indian Places to Visit.csv",
p_d36f5d96,Shree Krishna Swamy Temple,shree krishna swamy temple,Alappuzha,,Religious & Spiritual Pilgrimages,30.752535,76.8101038,"[""culture"", ""heritage""]",,,60,0,,,,,places.csv,
p_c5dca102,Marari Beach,marari beach,Alappuzha,,Natural Landscapes & Wildlife,9.6008,76.2983,"[""nature"", ""wildlife""]",,,60,0,,,,,places.csv,
p_6c62d92e,International Coi Museum,international coi museum,Alappuzha,,"Arts, Science & Literature Attractions",9.6007506,76.2982585,"[""sightseeing""]",,,60,0,,,,,places.csv,
p_dd1ad081,Alleppey Backwater,alleppey backwater,Alappuzha,,Natural Landscapes & Wildlife,9.5239,76.3568,"[""nature"", ""wildlife""]",,,60,0,,,,,places.csv,
p_55caa12a,Chakkulathukavu Sree Bhagwathi Temple,chakkulathukavu sree bhagwathi temple,Alappuzha,,Religious & Spiritual Pilgrimages,9.5238612,76.3567633,"[""culture"", ""heritage""]",,,60,0,,,,,places.csv,
p_a6bebd53,Mannarasala Sree Nagaraja Temple,mannarasala sree nagaraja temple,Alappuzha,,Religious & Spiritual Pilgrimages,9.3669421,76.5141883,"[""culture"", ""heritage""]",,,60,0,,,,,places.csv,
p_3c7315f3,St.Andrew's Basilica,st.andrew's basilica,Alappuzha,,Religious & Spiritual Pilgrimages,9.2896809,76.4456832,"[""culture"", ""heritage""]",,,60,0,,,,,places.csv,
p_e30ead9c,Alappuzha Beach,alappuzha beach,Alappuzha,,Natural Landscapes & Wildlife,9.6611287,76.3002896,"[""nature"", ""wildlife""]",,,90,0,,,,,"places.csv,Top Indian Places to Visit.csv",
p_b11cb5d6,Pothamedu View Point,pothamedu view point,Munnar,,Sightseeing & Exploration,9.4927482,76.3177759,"[""sightseeing""]",,,60,0,,,,,places.csv,
p_0535be89,Eravikulam National Park,eravikulam national park,Munnar,,Natural Landscapes & Wildlife,10.0596918,77.064076,"[""nature"", ""wildlife""]",,,60,125,,,,,places.csv,
p_45bf69ae,Mattupetty Dam,mattupetty dam,Munnar,,Sightseeing & Exploration,10.1453912,77.0366346,"[""sightseeing""]",,,60,0,,,,,places.csv,
p_75399d45,Munnar Tea Gardens,munnar tea gardens,Munnar,,"Natural Landscapes & Wildlife, Sightseeing & Exploration",10.1063316,77.1238055,"[""nature"", ""wildlife""]",,,120,0,,,,,"places.csv,Top Indian Places to Visit.csv",
p_97527fe7,LuLu International Shopping Mall,lulu international shopping mall,Kochi,,Shopping & Markets,10.0578407,77.0660813,"[""shopping""]",,,180,0,,,,,"places.csv,Top Indian Places to Visit.csv",
p_bf82b6c2,National Shrine Basilica of our Lady of Ransom,national shrine basilica of our lady of ransom,Kochi,,Religious & Spiritual Pilgrimages,10.0271483,76.3081856,"[""culture"", ""heritage""]",,,60,0,,,,,places.csv,
p_f83381bc,Mattancherry Palace,mattancherry palace,Kochi,,Cultural & Heritage Sites,9.9583,76.2594,"[""culture"", ""heritage""]",,,60,2,,,,,places.csv,
p_338a7b58,Marine Drive Kochi,marine drive kochi,Kochi,,Sightseeing & Exploration,9.9582773,76.2593508,"[""sightseeing""]",,,60,0,,,,,places.csv,
p_8c1c62c4,Chottanikara Bhagvathy Temple,chottanikara bhagvathy temple,Kochi,,Religious & Spiritual Pilgrimages,9.9771685,76.2773228,"[""culture"", ""heritage""]",,,60,0,,,,,places.csv,
p_30b94025,Hill Palace Museum,hill palace museum,Kochi,,Cultural & Heritage Sites,9.9331743,76.3905714,"[""culture"", ""heritage""]",,,60,0,,,,,places.csv,
p_866579e3,Cherai Beach,cherai beach,Kochi,,Natural Landscapes & Wildlife,9.952749,76.3638016,"[""nature"", ""wildlife""]",,,60,0,,,,,places.csv,
p_f57c6ea7,Fort Kochi,fort kochi,Kochi,,Cultural & Heritage Sites,10.1415953,76.1782833,"[""culture"", ""heritage""]",,,60,0,,,,,"places.csv,Top Indian Places to Visit.csv",
p_0a85037c,Attukal Bhagwathy Temple,attukal bhagwathy temple,Thiruvanthapuram,,Religious & Spiritual Pilgrimages,9.9657787,76.2421147,"[""culture"", ""heritage""]",,,60,0,,,,,places.csv,
p_4118071c,Kovalam Beach,kovalam beach,Thiruvanthapuram,,Natural Landscapes & Wildlife,8.4698623,76.9554858,"[""nature"", ""wildlife""]",,,60,0,,,,,places.csv,
p_ea4ec6e8,Thiruvanthapuram Zoological park,thiruvanthapuram zoological park,Thiruvanthapuram,,Natural Landscapes & Wildlife,8.3837841,76.9804176,"[""nature"", ""wildlife""]",,,60,200,,,,,places.csv,
p_6ce4dc5a,Kanakakkunnu Palace,kanakakkunnu palace,Thiruvanthapuram,,Cultural & Heritage Sites,8.5105939,76.9549377,"[""culture"", ""heritage""]",,,60,0,,,,,places.csv,
p_b4daca96,Veli Lake Tourist Village,veli lake tourist village,Thiruvanthapuram,,Sightseeing & Exploration,8.5107183,76.9581858,"[""sightseeing""]",,,60,0,,,,,places.csv,
p_0c02ce36,Napier Museum,napier museum,Thiruvanthapuram,,"Arts, Science & Literature Attractions",8.5080206,76.8886702,"[""sightseeing""]",,,60,70,,,,,places.csv,
p_81808239,Padmanabhaswamy Temple,padmanabhaswamy temple,Thiruvananthapuram,,Religious & Spiritual Pilgrimages,8.5089657,76.955072,"[""culture"", ""heritage""]",,,60,0,,,,,"places.csv,Top Indian Places to Visit.csv",
p_27a48594,HiLITE mall,hilite mall,Kozhikode,,Shopping & Markets,8.4827779,76.9435906,"[""shopping""]",,,60,0,,,,,places.csv,
p_42e8a8d6,Mittayi Theravu -SM Street,mittayi theravu -sm street,Kozhikode,,Shopping & Markets,11.2486583,75.833473,"[""shopping""]",,,60,0,,,,,places.csv,
p_96748ea9,Tali Maha Shiva Kshetram,tali maha shiva kshetram,Kozhikode,,Religious & Spiritual Pilgrimages,11.2507622,75.7815607,"[""culture"", ""heritage""]",,,60,0,,,,,places.csv,
p_bd2f9303,Sargaalaya Kerala Arts& Crafts village,sargaalaya kerala arts& crafts village,Kozhikode,,"Arts, Science & Literature Attractions",11.2479375,75.7875625,"[""sightseeing""]",,,60,50,,,,,places.csv,
p_f283f6e1,Kozhikode Beach,kozhikode beach,Kozhikode,,Natural Landscapes & Wildlife,11.5601151,75.6058617,"[""nature"", ""wildlife""]",,,90,0,,,,,"places.csv,Top Indian Places to Visit.csv",
p_0d19f92f,Lakkidi View point,lakkidi view point,Wayanad,,Sightseeing & Exploration,11.2626228,75.7673095,"[""sightseeing""]",,,60,0,,,,,places.csv,
p_541a19f7,Edakkal Caves,edakkal caves,Wayanad,,Natural Landscapes & Wildlife,11.5121995,76.0189339,"[""nature"", ""wildlife""]",,,60,70,,,,,places.csv,
p_ba410137,"Karapuzha Dam, adventure park, garden","karapuzha dam, adventure park, garden",Wayanad,,Adventure & Outdoor Activities,11.6268407,76.234269,"[""adventure"", ""nature"", ""outdoor""]",,,60,0,,,,,places.csv,
p_13f21d47,Wayanad Wildlife Sanctuary,wayanad wildlife sanctuary,Wayanad,,Natural Landscapes & Wildlife,11.6182901,76.1678346,"[""nature"", ""wildlife""]",,,180,300,,,,,"places.csv,Top Indian Places to Visit.csv",
p_8be89f82,Muzhappilangad Beach,muzhappilangad beach,Kannur,,Natural Landscapes & Wildlife,11.6716011,76.3686564,"[""nature"", ""wildlife""]",,,60,0,,,,,places.csv,
p_f1c22628,Parassini Madappura Sree Muthappan Temple,parassini madappura sree muthappan temple,Kannur,,Religious & Spiritual Pilgrimages,11.7932037,75.4441073,"[""culture"", ""heritage""]",,,60,0,,,,,places.csv,
p_c09ac2a6,St. Angelo Fort,st. angelo fort,Kannur,,Cultural & Heritage Sites,11.9824702,75.402109,"[""culture"", ""heritage""]",,,60,20,,,,,"places.csv,Top Indian Places to Visit.csv",
p_b3b00a4f,Kerala Folklore Museum,kerala folklore museum,Kochi,,Cultural & Heritage Sites,11.8541418,75.3714455,"[""culture"", ""heritage""]",,,90,100,,,,,"places.csv,Top Indian Places to Visit.csv",
p_49b2732a,Wonderla Amusement Park,wonderla amusement park,Kochi,,Adventure & Outdoor Activities,9.9330107,76.2989787,"[""adventure"", ""nature"", ""outdoor""]",,,330,750,,,,,"places.csv,Top Indian Places to Visit.csv",
p_00fa94a1,Shri Chamundeshwari Temple,shri chamundeshwari temple,Mysore,,Religious & Spiritual Pilgrimages,12.8349095,77.4009409,"[""culture"", ""heritage""]",,,60,0,,,,,places.csv,
p_c9b5234d,Chamundi Betta,chamundi betta,Mysore,,Natural Landscapes & Wildlife,12.2725036,76.6707154,"[""nature"", ""wildlife""]",,,60,0,,,,,places.csv,
p_fbeca20c,Lokaranjan Aqua World Underwater zoo,lokaranjan aqua world underwater zoo,Mysore,,Natural Landscapes & Wildlife,12.2731672,76.6707435,"[""nature"", ""wildlife""]",,,60,200,,,,,places.csv,
p_f037aad3,Mysuru Railway museum,mysuru railway museum,Mysore,,"Arts, Science & Literature Attractions",12.304807,76.6638086,"[""sightseeing""]",,,60,50,,,,,places.csv,
p_919ae2ba,"Karanji Lake, boating, bird sanctuary","karanji lake, boating, bird sanctuary",Mysore,,"Natural Landscapes & Wildlife, Adventure & Outdoor Activities",12.3163393,76.643323,"[""adventure"", ""nature"", ""outdoor""]",,,60,0,,,,,places.csv,
p_01fc806d,Mysore Palace,mysore palace,Mysore,,Cultural & Heritage Sites,12.302778,76.673611,"[""culture"", ""heritage""]",,,120,50,,,,,"places.csv,Top Indian Places to Visit.csv",
p_e1b910f8,Virupaksha Temple,virupaksha temple,Hampi,,Religious & Spiritual Pilgrimages,12.305163,76.6551749,"[""culture"", ""heritage""]",,,60,0,,,,,places.csv,
p_41130e56,Stone Chariot,stone chariot,Hampi,,Cultural & Heritage Sites,15.3351333,76.4586529,"[""culture"", ""heritage""]",,,60,0,,,,,places.csv,
p_e0c50249,Mathanga Hill,mathanga hill,Hampi,,Natural Landscapes & Wildlife,15.3316,76.4682,"[""nature"", ""wildlife""]",,,60,0,,,,,places.csv,
p_730d54a6,Shree Vijaya Vitthala Temple,shree vijaya vitthala temple,Hampi,,Religious & Spiritual Pilgrimages,15.3316387,76.4682381,"[""culture"", ""heritage""]",,,60,0,,,,,places.csv,
p_57824559,Group of monuments at Hampi,group of monuments at hampi,Hampi,,Cultural & Heritage Sites,15.3423099,76.475235,"[""culture"", ""heritage""]",,,60,30,,,,,places.csv,
p_27ecf9df,Lotus Mahal,lotus mahal,Hampi,,Cultural & Heritage Sites,15.3349769,76.4619233,"[""culture"", ""heritage""]",,,60,50,,,,,places.csv,
p_8822d9bc,Ajanadri Hills,ajanadri hills,Hampi,,Adventure & Outdoor Activities,15.3202851,76.4713243,"[""adventure"", ""nature"", ""outdoor""]",,,60,0,,,,,places.csv,
p_b6f7e84b,Raja's Seat garden,raja's seat garden,Coorg,,Sightseeing & Exploration,15.3548385,76.469264,"[""sightseeing""]",,,60,0,,,,,places.csv,
p_cc914f89,Nagarhole Tiger Reserve,nagarhole tiger reserve,Coorg,,Natural Landscapes & Wildlife,12.4145674,75.7371014,"[""nature"", ""wildlife""]",,,60,150,,,,,places.csv,
p_38f0617f,Mallalli Falls,mallalli falls,Coorg,,Natural Landscapes & Wildlife,12.0734366,76.1510815,"[""nature"", ""wildlife""]",,,60,0,,,,,places.csv,
p_11e2e15f,Brahmagiri Wildlife Sanctuary,brahmagiri wildlife sanctuary,Coorg,,Natural Landscapes & Wildlife,12.680643,75.723667,"[""nature"", ""wildlife""]",,,60,25,,,,,places.csv,
p_f462d471,Dubare Elephant camp and bathing spot,dubare elephant camp and bathing spot,Coorg,,Natural Landscapes & Wildlife,12.1726489,75.6440842,"[""nature"", ""wildlife""]",,,60,20,,,,,places.csv,
p_de38a3de,Coorg river rafting Barapole,coorg river rafting barapole,Coorg,,Adventure & Outdoor Activities,12.371192,75.9051197,"[""adventure"", ""nature"", ""outdoor""]",,,60,0,,,,,places.csv,
p_17bfaa78,Namdroling Monastery,namdroling monastery,Coorg,,	Religious & Spiritual Pilgrimages,12.3374942,75.8069082,"[""culture"", ""heritage""]",,,60,0,,,,,places.csv,
p_cb22d699,Iruppu Falls-Brahmagiri,iruppu falls-brahmagiri,Coorg,,Natural Landscapes & Wildlife,12.430628,75.9669536,"[""nature"", ""wildlife""]",,,60,0,,,,,places.csv,
p_719f227f,Bhadra wildlife sanctuary,bhadra wildlife sanctuary,Chikmanglur,,Natural Landscapes & Wildlife,11.9661026,75.9833292,"[""nature"", ""wildlife""]",,,60,60,,,,,places.csv,
p_d85ede6e,Shri Jagadguru Shankaracharya Peeta,shri jagadguru shankaracharya peeta,Chikmanglur,,Religious & Spiritual Pilgrimages,13.6948738,75.635227,"[""culture"", ""heritage""]",,,60,0,,,,,places.csv,
p_1e11bfe1, Shri Annapurneshwari Devi Temple,shri annapurneshwari devi temple,Chikmanglur,,Religious & Spiritual Pilgrimages,13.4167132,75.2521434,"[""culture"", ""heritage""]",,,60,0,,,,,places.csv,
p_972308fa,Sri Sharadamba Temple ,sri sharadamba temple,Chikmanglur,,Religious & Spiritual Pilgrimages,9.8121201,77.1747471,"[""culture"", ""heritage""]",,,60,0,,,,,places.csv,
p_c222f3e6,Kallathigiri Falls,kallathigiri falls,Chikmanglur,,Natural Landscapes & Wildlife,13.4161397,75.2512712,"[""nature"", ""wildlife""]",,,60,0,,,,,places.csv,
p_83f992bd,Baba Budan Giri hills,baba budan giri hills,Chikmanglur,,Natural Landscapes & Wildlife,13.5486112,75.7891482,"[""nature"", ""wildlife""]",,,60,0,,,,,places.csv,
p_a8a204da,Mullayanagiri Betta,mullayanagiri betta,Chikmagalur,,Natural Landscapes & Wildlife,13.422865,75.7703876,"[""nature"", ""wildlife""]",,,60,0,,,,,places.csv,
p_2c7d7a0f,Sri Bhootanaatha Gudi,sri bhootanaatha gudi,Badami,,Religious & Spiritual Pilgrimages,13.3908855,75.7213295,"[""culture"", ""heritage""]",,,60,0,,,,,places.csv,
p_790d2666,Banashankari Devi Temple,banashankari devi temple,Badami,,Religious & Spiritual Pilgrimages,15.9207886,75.6876704,"[""culture"", ""heritage""]",,,60,0,,,,,places.csv,
p_9f8d6d85,Badami Cave Temples,badami cave temples,Badami,,Religious & Spiritual Pilgrimages,15.9183365,75.6839686,"[""culture"", ""heritage""]",,,90,30,,,,,"places.csv,Top Indian Places to Visit.csv",
p_88c9f115,Kadri Park,kadri park,Mangalore,,Sightseeing & Exploration,12.8889802,74.8562231,"[""sightseeing""]",,,60,10,,,,,places.csv,
p_1f3ece87,City Center mall,city center mall,Mangalore,,Shopping & Markets,12.8713,74.8428,"[""shopping""]",,,60,0,,,,,places.csv,
p_26087fdc,Kukke Shree Subrahmanya Temple,kukke shree subrahmanya temple,Mangalore,,Religious & Spiritual Pilgrimages,12.6636275,75.6158479,"[""culture"", ""heritage""]",,,60,0,,,,,places.csv,
p_5bf76421,Dharmasthala Temple,dharmasthala temple,Mangalore,,Religious & Spiritual Pilgrimages,12.9503818,75.3804923,"[""culture"", ""heritage""]",,,60,0,,,,,places.csv,
p_f616cf0e,Pilikula Nisargadhama zoo,pilikula nisargadhama zoo,Mangalore,,"Natural Landscapes & Wildlife, Sightseeing & Exploration",12.9272855,74.8991256,"[""nature"", ""wildlife""]",,,60,80,,,,,places.csv,
p_52b64046,Panambur Beach,panambur beach,Mangalore,,"	Natural Landscapes & Wildlife, Sightseeing & Exploration",12.9530213,74.8011783,"[""nature"", ""wildlife""]",,,90,0,,,,,"places.csv,Top Indian Places to Visit.csv",
p_ff670d2f,Fort Bijapur,fort bijapur,Bijapur,,Cultural & Heritage Sites,16.8299689,75.7363025,"[""culture"", ""heritage""]",,,60,70,,,,,places.csv,
p_bfb35a3b,Jamiya Masjid,jamiya masjid,Bijapur,,"Cultural & Heritage Sites, Religious & Spiritual Pilgrimages",16.8222732,75.7287785,"[""culture"", ""heritage""]",,,60,0,,,,,places.csv,
p_ba7c5ab7,Shivgiri Temple,shivgiri temple,Bijapur,,Religious & Spiritual Pilgrimages,16.817515,75.7563529,"[""culture"", ""heritage""]",,,60,0,,,,,places.csv,
p_0909fa11,Bara Kaman,bara kaman,Bijapur,,Cultural & Heritage Sites,16.8303151,75.7182706,"[""culture"", ""heritage""]",,,60,0,,,,,places.csv,
p_6c5b9773,Gol Gumbaz museum,gol gumbaz museum,Bijapur,,"Cultural & Heritage Sites, Arts, Science & Literature Attractions",16.8288232,75.735884,"[""culture"", ""heritage""]",,,60,0,,,,,places.csv,
p_0ed9e735,Gol Gumbaz,gol gumbaz,Bijapur,,Cultural & Heritage Sites,16.8302623,75.7361152,"[""culture"", ""heritage""]",,,90,20,,,,,"places.csv,Top Indian Places to Visit.csv",
p_94351ff2,Phoenix Marketcity Pune,phoenix marketcity pune,Pune,,Shopping & Markets,18.562254,73.9166943,"[""shopping""]",,,60,0,,,,,places.csv,
p_3e1c3473,Chatushrungi Devi Temple,chatushrungi devi temple,Pune,,Religious & Spiritual Pilgrimages,18.5393061,73.8290409,"[""culture"", ""heritage""]",,,60,0,,,,,places.csv,
p_a0cb9e07,Pune-Okayama Friendship Garden,pune-okayama friendship garden,Pune,,Sightseeing & Exploration,18.4913813,73.8367603,"[""sightseeing""]",,,60,0,,,,,places.csv,
p_f756ed2c,Raja Dinkar Kelkar Museum,raja dinkar kelkar museum,Pune,,"Arts, Science & Literature Attractions",18.5106855,73.8544307,"[""sightseeing""]",,,60,300,,,,,places.csv,
p_6585a853,Sinhagad Fort,sinhagad fort,Pune,,Cultural & Heritage Sites,18.366277,73.7558777,"[""culture"", ""heritage""]",,,60,10,,,,,places.csv,
p_5d49767a,Rajiv Gandhi zoo,rajiv gandhi zoo,Pune,,Natural Landscapes & Wildlife,18.4524807,73.8607977,"[""nature"", ""wildlife""]",,,60,40,,,,,places.csv,
p_54f9bc47, Dagadusheth Halwai Ganapati temple,dagadusheth halwai ganapati temple,Pune,,Religious & Spiritual Pilgrimages,18.5164297,73.8561329,"[""culture"", ""heritage""]",,,60,0,,,,,places.csv,
p_5a617a5f,Shaniwar Wada,shaniwar wada,Pune,,Cultural & Heritage Sites,18.5194647,73.8553175,"[""culture"", ""heritage""]",,,120,50,,,,,"places.csv,Top Indian Places to Visit.csv",
p_ca0dbbc9,Prozone Mall,prozone mall,Aurangabad,,Shopping & Markets,11.0547682,76.9941106,"[""shopping""]",,,60,0,,,,,places.csv,
p_e3209a6d,Bibi ka Maqbara ,bibi ka maqbara,Aurangabad,,Cultural & Heritage Sites,19.9006246,75.319353,"[""culture"", ""heritage""]",,,60,0,,,,,places.csv,
p_81012a29,Ellora Caves,ellora caves,Aurangabad,,Cultural & Heritage Sites,20.0267844,75.1770869,"[""culture"", ""heritage""]",,,60,40,,,,,places.csv,
p_a8200386,Daulatabad Fort,daulatabad fort,Aurangabad,,Cultural & Heritage Sites,19.946133,75.221652,"[""culture"", ""heritage""]",,,60,10,,,,,places.csv,
p_ca6d9f24,Ajanta Caves,ajanta caves,Aurangabad,,Cultural & Heritage Sites,20.5514444,75.7018913,"[""culture"", ""heritage""]",,,180,30,,,,,"places.csv,Top Indian Places to Visit.csv",
p_f4688968,Trimbakeshwar Jyotirling Mandir,trimbakeshwar jyotirling mandir,Nashik,,Religious & Spiritual Pilgrimages,19.9322605,73.5307877,"[""culture"", ""heritage""]",,,60,0,,,,,places.csv,
p_341222b9,Pandav Leni caves,pandav leni caves,Nashik,,Cultural & Heritage Sites,19.9412114,73.748555,"[""culture"", ""heritage""]",,,60,0,,,,,places.csv,
p_25eb28e1,Water Sports in Alibaug,water sports in alibaug,Alibaug,,Adventure & Outdoor Activities,18.6583989,72.8773346,"[""adventure"", ""nature"", ""outdoor""]",,,60,0,,,,,places.csv,
p_c45dd363,Kolaba Fort,kolaba fort,Alibaug,,Cultural & Heritage Sites,18.6342019,72.8644532,"[""culture"", ""heritage""]",,,60,20,,,,,places.csv,
p_65795b43,Alibaug Beach,alibaug beach,Alibaug,,Natural Landscapes & Wildlife,18.6391422,72.8720214,"[""nature"", ""wildlife""]",,,90,0,,,,,"places.csv,Top Indian Places to Visit.csv",
p_d03728c2,Jaigad Fort,jaigad fort,Ratnagiri,,Cultural & Heritage Sites,17.300493,73.221612,"[""culture"", ""heritage""]",,,60,0,,,,,places.csv,
p_626f75e4,Tilak Ali Museum,tilak ali museum,Ratnagiri,,"Arts, Science & Literature Attractions",16.9952987,73.2904689,"[""sightseeing""]",,,60,0,,,,,places.csv,
p_0d1699bd,Ganapatipule Temple,ganapatipule temple,Ratnagiri,,Religious & Spiritual Pilgrimages,17.1449566,73.2662143,"[""culture"", ""heritage""]",,,60,0,,,,,"places.csv,Top Indian Places to Visit.csv",
p_337823dc,Umred Karhandla Wildlife Sanctuary,umred karhandla wildlife sanctuary,Nagpur,,Natural Landscapes & Wildlife,20.8286613,79.5932651,"[""nature"", ""wildlife""]",,,60,150,,,,,places.csv,
p_6dff140b,Tadoba Andhari Tiger Project,tadoba andhari tiger project,Nagpur,,Natural Landscapes & Wildlife,20.2717885,79.3875706,"[""nature"", ""wildlife""]",,,60,25,,,,,places.csv,
p_15d66be3,Khindsi Lake water sports,khindsi lake water sports,Nagpur,,Adventure & Outdoor Activities,21.404032,79.3634517,"[""adventure"", ""nature"", ""outdoor""]",,,60,0,,,,,places.csv,
p_e7e9b581,Khindsi Lake,khindsi lake,Nagpur,,Natural Landscapes & Wildlife,21.404032,79.3634517,"[""nature"", ""wildlife""]",,,60,0,,,,,places.csv,
p_1a0c41c2,Ambazari Lake & Garden,ambazari lake & garden,Nagpur,,"Natural Landscapes & Wildlife, Sightseeing & Exploration",21.1292572,79.0489685,"[""nature"", ""wildlife""]",,,60,0,,,,,places.csv,
p_1e0e9514,Raman Science Centre,raman science centre,Nagpur,,"Arts, Science & Literature Attractions",21.1459008,79.0941262,"[""sightseeing""]",,,60,15,,,,,places.csv,
p_607590c0,Krazy Castle Aqua Park,krazy castle aqua park,Nagpur,,Adventure & Outdoor Activities,21.1282952,79.0462212,"[""adventure"", ""nature"", ""outdoor""]",,,60,490,,,,,places.csv,
p_51a8d890,Deekshabhoomi,deekshabhoomi,Nagpur,,Cultural & Heritage Sites,21.128056,79.066944,"[""culture"", ""heritage""]",,,60,0,,,,,"places.csv,Top Indian Places to Visit.csv",
p_c26fbf80,Chhatrapati Shahu Palace,chhatrapati shahu palace,Kolhapur,,Cultural & Heritage Sites,16.7193627,74.231735,"[""culture"", ""heritage""]",,,60,25,,,,,places.csv,
p_03f5f7bf,Dajipur Wildlife Sanctuary,dajipur wildlife sanctuary,Kolhapur,,Natural Landscapes & Wildlife,16.3837902,73.8633999,"[""nature"", ""wildlife""]",,,60,50,,,,,places.csv,
p_89ed8d9b,Shri Ambabai Temple,shri ambabai temple,Kolhapur,,Religious & Spiritual Pilgrimages,16.416,74.135999,"[""culture"", ""heritage""]",,,60,0,,,,,places.csv,
p_856f0ea7,Della Adventure Park,della adventure park,Lonavla,,Adventure & Outdoor Activities,18.7814023,73.38906,"[""adventure"", ""nature"", ""outdoor""]",,,60,2000,,,,,places.csv,
p_0d2f1feb,Karla Caves,karla caves,Lonavala,,Cultural & Heritage Sites,18.7832762,73.4704426,"[""culture"", ""heritage""]",,,90,25,,,,,"places.csv,Top Indian Places to Visit.csv",
p_f2eb74c0,Imagicaa amusement park,imagicaa amusement park,Lonavala,,Adventure & Outdoor Activities,18.7679396,73.2823206,"[""adventure"", ""nature"", ""outdoor""]",,,60,1000,,,,,places.csv,
p_4ba1165d,Lions Point ,lions point,Lonavala,,Sightseeing & Exploration,18.6999,73.3859,"[""sightseeing""]",,,60,0,,,,,places.csv,
p_5301cba5,Ekvira Devi Temple,ekvira devi temple,Lonavala,,Religious & Spiritual Pilgrimages,18.7832445,73.4702278,"[""culture"", ""heritage""]",,,60,0,,,,,places.csv,
p_6704d3e5,Tarkarli Beach,tarkarli beach,Tarkarli,,Natural Landscapes & Wildlife,16.0136864,73.4898334,"[""nature"", ""wildlife""]",,,120,0,,,,,"places.csv,Top Indian Places to Visit.csv",
p_bda6dfb5,Kaas Plateau,kaas plateau,Satara,,Natural Landscapes & Wildlife,17.7208314,73.8237159,"[""nature"", ""wildlife""]",,,120,300,,,,,"places.csv,Top Indian Places to Visit.csv",
p_695a2002,Vasota Fort Jungle trekking and Camping,vasota fort jungle trekking and camping,Satara,,Adventure & Outdoor Activities,17.7338451,73.7590369,"[""adventure"", ""nature"", ""outdoor""]",,,60,1200,,,,,places.csv,
p_13006231,Lodwick Point,lodwick point,Satara,,Sightseeing & Exploration,17.9394677,73.6347687,"[""sightseeing""]",,,60,0,,,,,places.csv,
p_d430cf1d,Thoseghar Waterfall,thoseghar waterfall,Satara,,Natural Landscapes & Wildlife,17.5980965,73.8481534,"[""nature"", ""wildlife""]",,,60,0,,,,,places.csv,
p_ed33ef51,Ajinkyatara Fort,ajinkyatara fort,Satara,,Cultural & Heritage Sites,17.6723432,73.9904721,"[""culture"", ""heritage""]",,,60,0,,,,,places.csv,
p_47906499,Uttar Chidambaram Nataraj mandir,uttar chidambaram nataraj mandir,Satara,,Religious & Spiritual Pilgrimages,17.6852,74.0254,"[""culture"", ""heritage""]",,,60,0,,,,,places.csv,
p_e302e485,Sajjangad Fort,sajjangad fort,Satara,,Cultural & Heritage Sites,17.6485126,73.9157886,"[""culture"", ""heritage""]",,,60,10,,,,,places.csv,
p_0adc1d0b,Pratapgad Fort,pratapgad fort,Satara,,Cultural & Heritage Sites,17.9372875,73.5783932,"[""culture"", ""heritage""]",,,60,0,,,,,places.csv,
p_2108f5b0,Echo Point,echo point,Matheran,,Sightseeing & Exploration,17.9786,73.6373,"[""sightseeing""]",,,90,0,,,,,"places.csv,Top Indian Places to Visit.csv",
p_5feb286e,Dodhani Waterfalls,dodhani waterfalls,Matheran,,Natural Landscapes & Wildlife,18.988659,73.271179,"[""nature"", ""wildlife""]",,,60,0,,,,,places.csv,
p_88b26583,Dodhani Waterfalls rappelling/trek,dodhani waterfalls rappelling/trek,Matheran,,Adventure & Outdoor Activities,18.988659,73.271179,"[""adventure"", ""nature"", ""outdoor""]",,,60,1100,,,,,places.csv,
p_28703cf3,Chanderi Caves trek,chanderi caves trek,Matheran,,Adventure & Outdoor Activities,19.0644,73.2452,"[""adventure"", ""nature"", ""outdoor""]",,,60,500,,,,,places.csv,
p_ee9c5203,Irshalgad Fort,irshalgad fort,Matheran,,Cultural & Heritage Sites,18.9351142,73.23246,"[""culture"", ""heritage""]",,,60,100,,,,,places.csv,
p_8614b5f0,Neral-Matheran Toy Train,neral-matheran toy train,Matheran,,Sightseeing & Exploration,19.0229668,73.3175272,"[""sightseeing""]",,,60,100,,,,,places.csv,
p_1ce5d6cd,Kalavantin Pinnacle fortress and trek,kalavantin pinnacle fortress and trek,Matheran,,Adventure & Outdoor Activities,18.9827969,73.2198064,"[""adventure"", ""nature"", ""outdoor""]",,,60,50,,,,,places.csv,
p_9d87dfd9,Ambarnath Shiv Temple,ambarnath shiv temple,Matheran,,Religious & Spiritual Pilgrimages,19.1825167,73.1926023,"[""culture"", ""heritage""]",,,60,0,,,,,places.csv,
p_93259958,Ellora Caves,ellora caves,Aurangabad,,Cultural & Heritage Sites,20.0267844,75.1770869,"[""culture"", ""heritage""]",,,60,30,,,,,places.csv,
p_237e1eed,Khajuraho Group of Monuments,khajuraho group of monuments,Khajuraho,,Cultural & Heritage Sites,24.8318452,79.9198549,"[""culture"", ""heritage""]",,,120,40,,,,,"places.csv,Top Indian Places to Visit.csv",
p_cdfde95b,Kamasutra temples,kamasutra temples,Khajuraho,,Cultural & Heritage Sites,24.512485,79.567993,"[""culture"", ""heritage""]",,,60,40,,,,,places.csv,
p_3a640434,Raneh waterfall,raneh waterfall,Khajuraho,,Natural Landscapes & Wildlife,24.8748466,80.0512626,"[""nature"", ""wildlife""]",,,60,0,,,,,places.csv,
p_1a750353,Panna Tiger Reserve,panna tiger reserve,Khajuraho,,Natural Landscapes & Wildlife,24.5904659,79.9416518,"[""nature"", ""wildlife""]",,,60,1000,,,,,places.csv,
p_25653da7,Sanchi Stupa,sanchi stupa,Bhopal,,Religious & Spiritual Pilgrimages,23.4873393,77.7418238,"[""culture"", ""heritage""]",,,90,30,,,,,"places.csv,Top Indian Places to Visit.csv",
p_a8d31d9f,Bhimbetka rock shelters,bhimbetka rock shelters,Bhopal,,Cultural & Heritage Sites,22.9395461,77.6124331,"[""culture"", ""heritage""]",,,60,25,,,,,places.csv,
p_60da189f,Bhojeshwar Mahadev temple,bhojeshwar mahadev temple,Bhopal,,Religious & Spiritual Pilgrimages,23.1002597,77.5795329,"[""culture"", ""heritage""]",,,60,0,,,,,places.csv,
p_660d11f9,Van Vihar National park,van vihar national park,Bhopal,,Natural Landscapes & Wildlife,23.232214,77.3664318,"[""nature"", ""wildlife""]",,,60,20,,,,,places.csv,
p_4f88cd57,DB City Mall,db city mall,Bhopal,,Shopping & Markets,23.232698,77.4298564,"[""shopping""]",,,60,0,,,,,places.csv,
p_cda79477,Tribal museum,tribal museum,Bhopal,,"Arts, Science & Literature Attractions",23.23468,23.145,"[""sightseeing""]",,,60,20,,,,,places.csv,
p_3822fc5a,Chappan Dukan,chappan dukan,Indore,,Shopping & Markets,22.7240232,75.8842574,"[""shopping""]",,,60,0,,,,,places.csv,
p_c497a3d3,Sarafa Bazar,sarafa bazar,Indore,,Shopping & Markets,22.7175144,75.852306,"[""shopping""]",,,60,0,,,,,places.csv,
p_96d1cbff,Pipliyapala Regional Park,pipliyapala regional park,Indore,,"Adventure & Outdoor Activities, Sightseeing & Exploration",22.6771511,75.8564021,"[""adventure"", ""nature"", ""outdoor""]",,,60,25,,,,,places.csv,
p_42b3af2e,Khajrana Ganesh Mandir,khajrana ganesh mandir,Indore,,Religious & Spiritual Pilgrimages,22.731233,75.9081489,"[""culture"", ""heritage""]",,,60,0,,,,,places.csv,
p_792307f7,TI Mall,ti mall,Indore,,Shopping & Markets,22.7217,75.8786,"[""shopping""]",,,60,0,,,,,places.csv,
p_44ef783f,Phoenix Citadel,phoenix citadel,Indore,,Shopping & Markets,22.7462625,75.9353073,"[""shopping""]",,,60,0,,,,,places.csv,
p_c4213dfc,Rajwada Palace,rajwada palace,Indore,,Cultural & Heritage Sites,22.7184419,75.855067,"[""culture"", ""heritage""]",,,60,10,,,,,"places.csv,Top Indian Places to Visit.csv",
p_e656eaae,Gwalior Fort,gwalior fort,Gwalior,,Cultural & Heritage Sites,26.2313245,78.1694957,"[""culture"", ""heritage""]",,,150,75,,,,,"places.csv,Top Indian Places to Visit.csv",
p_8d4f0cd5,Jai Vilas Palace,jai vilas palace,Gwalior,,Cultural & Heritage Sites,26.2042028,78.1684674,"[""culture"", ""heritage""]",,,60,150,,,,,places.csv,
p_b9a89b34,Teli ka Mandir,teli ka mandir,Gwalior,,"Religious & Spiritual Pilgrimages, Cultural & Heritage Sites",26.2203984,78.1656988,"[""culture"", ""heritage""]",,,60,0,,,,,places.csv,
p_cfb59019,Sas Bahu Temple,sas bahu temple,Gwalior,,"Religious & Spiritual Pilgrimages, Cultural & Heritage Sites",24.7351945,73.7162806,"[""culture"", ""heritage""]",,,60,0,,,,,places.csv,
p_80f451ac,Gopachal Parvat jain temple,gopachal parvat jain temple,Gwalior,,"Religious & Spiritual Pilgrimages, Cultural & Heritage Sites",26.214536,78.168605,"[""culture"", ""heritage""]",,,60,0,,,,,places.csv,
p_fbef5d9f,National Chambal Ghariyal Wildlife Sanctuary,national chambal ghariyal wildlife sanctuary,Gwalior,,Natural Landscapes & Wildlife,26.7659469,78.6448794,"[""nature"", ""wildlife""]",,,60,1800,,,,,places.csv,
p_6f112838,Pagara Dam,pagara dam,Gwalior,,Sightseeing & Exploration,26.2597748,77.8581672,"[""sightseeing""]",,,60,0,,,,,places.csv,
p_c01b55d4,Sarafa Bazar,sarafa bazar,Gwalior,,Shopping & Markets,22.7175144,75.852306,"[""shopping""]",,,60,0,,,,,places.csv,
p_ab046c4a,Dindayal mall,dindayal mall,Gwalior,,Shopping & Markets,26.2094362,78.16624,"[""shopping""]",,,60,0,,,,,places.csv,
p_76f53676,Patankar bazaar,patankar bazaar,Gwalior,,Shopping & Markets,26.2024846,78.157517,"[""shopping""]",,,60,0,,,,,places.csv,
p_9c755f37,Mahakaleshwar Jyotirlinga,mahakaleshwar jyotirlinga,Ujjain,,"Religious & Spiritual Pilgrimages, Cultural & Heritage Sites",23.182905,75.768291,"[""culture"", ""heritage""]",,,90,0,,,,,"places.csv,Top Indian Places to Visit.csv",
p_740f5368,Kal Bhairava Temple,kal bhairava temple,Ujjain,,Religious & Spiritual Pilgrimages,18.437535,73.6399395,"[""culture"", ""heritage""]",,,60,0,,,,,places.csv,
p_73f9a375,Ram Ghat,ram ghat,Ujjain,,Sightseeing & Exploration,23.1871,75.7644,"[""sightseeing""]",,,60,0,,,,,places.csv,
p_45975f1a,ISKCON Temple Ujjain,iskcon temple ujjain,Ujjain,,Religious & Spiritual Pilgrimages,23.1611713,75.7997229,"[""culture"", ""heritage""]",,,60,0,,,,,places.csv,
p_5b55cddc,Kaliadeh Palace,kaliadeh palace,Ujjain,,Cultural & Heritage Sites,23.2490716,75.7779662,"[""culture"", ""heritage""]",,,60,15,,,,,places.csv,
p_4c9187df,Rumi ka Mazaar,rumi ka mazaar,Ujjain,,Cultural & Heritage Sites,23.1793,75.784912,"[""culture"", ""heritage""]",,,60,0,,,,,places.csv,
p_af3bdd5c,Mahakal Lok,mahakal lok,Ujjain,,Sightseeing & Exploration,23.177785,75.7693919,"[""sightseeing""]",,,60,0,,,,,places.csv,
p_68bd0bb1,Harsiddhi Mata Temple,harsiddhi mata temple,Ujjain,,Religious & Spiritual Pilgrimages,21.8397452,69.3690301,"[""culture"", ""heritage""]",,,60,0,,,,,places.csv,
p_5a30e9e5,Dhuandhar Falls,dhuandhar falls,Jabalpur,,Natural Landscapes & Wildlife,23.1262738,79.8075411,"[""nature"", ""wildlife""]",,,60,0,,,,,"places.csv,Top Indian Places to Visit.csv",
p_18bbb31b,Marble rocks at Bedhaghat,marble rocks at bedhaghat,Jabalpur,,Natural Landscapes & Wildlife,23.1299297,79.795454,"[""nature"", ""wildlife""]",,,60,30,,,,,places.csv,
p_2b7bd6e0,Narmada aarti,narmada aarti,Jabalpur,,Religious & Spiritual Pilgrimages,22.3335261,77.12592748,"[""culture"", ""heritage""]",,,60,0,,,,,places.csv,
p_44ba34d7,Balancing Rock formations,balancing rock formations,Jabalpur,,Natural Landscapes & Wildlife,23.855,79.544,"[""nature"", ""wildlife""]",,,60,100,,,,,places.csv,
p_c34c3a4d,Rani Durgavati fort,rani durgavati fort,Jabalpur,,Natural Landscapes & Wildlife,23.1483266,79.9016574,"[""nature"", ""wildlife""]",,,60,0,,,,,places.csv,
p_03b3be23,Chausath Yogini temple,chausath yogini temple,Jabalpur,,Religious & Spiritual Pilgrimages,26.4368173,78.2352216,"[""culture"", ""heritage""]",,,60,0,,,,,places.csv,
p_050cef03,Dumna Nature Reserve Park,dumna nature reserve park,Jabalpur,,Natural Landscapes & Wildlife,23.16949,80.012698,"[""nature"", ""wildlife""]",,,60,20,,,,,places.csv,
p_804d27d7,Madan Mahal Fort,madan mahal fort,Jabalpur,,Cultural & Heritage Sites,23.1484693,79.9016654,"[""culture"", ""heritage""]",,,60,0,,,,,places.csv,
p_1a7d64ea,South Avenue malls,south avenue malls,Jabalpur,,Shopping & Markets,23.124094,79.927194,"[""shopping""]",,,60,0,,,,,places.csv,
p_c5013da3,Sadar bazaar,sadar bazaar,Jabalpur,,Shopping & Markets,28.6585105,77.2127305,"[""shopping""]",,,60,0,,,,,places.csv,
p_1b2bc67c,Kanha National Park,kanha national park,Jabalpur,,Natural Landscapes & Wildlife,22.2994956,80.5864278,"[""nature"", ""wildlife""]",,,60,100,,,,,places.csv,
p_58934843,Mall road,mall road,Shimla,,Shopping & Markets,31.1035,77.1702,"[""shopping""]",,,60,0,,,,,places.csv,
p_426d2412,Annandale  view,annandale view,Shimla,,Sightseeing & Exploration,31.1116129,77.1593012,"[""sightseeing""]",,,60,0,,,,,places.csv,
p_6b89317c,Chadwick falls,chadwick falls,Shimla,,Natural Landscapes & Wildlife,31.1196351,77.1389365,"[""nature"", ""wildlife""]",,,60,0,,,,,places.csv,
p_267d3ce2,Himalayan bird park,himalayan bird park,Shimla,,Natural Landscapes & Wildlife,31.102875,77.147654,"[""nature"", ""wildlife""]",,,60,20,,,,,places.csv,
p_ca731c9b,Naldhera and Shaily peak,naldhera and shaily peak,Shimla,,Natural Landscapes & Wildlife,31.1811641,77.1858995,"[""nature"", ""wildlife""]",,,60,0,,,,,places.csv,
p_fe29cb23,Kufri Fun World,kufri fun world,Shimla,,Adventure & Outdoor Activities,31.0941261,77.278049,"[""adventure"", ""nature"", ""outdoor""]",,,60,20,,,,,places.csv,
p_62ef988b,Scandal point,scandal point,Shimla,,Sightseeing & Exploration,31.1052,77.1724,"[""sightseeing""]",,,60,0,,,,,places.csv,
p_4ffbe93e,Kalka-Shimla Toy train,kalka-shimla toy train,Shimla,,Sightseeing & Exploration,30.518,76.5615,"[""sightseeing""]",,,60,320,,,,,places.csv,
p_7f3c82d0,Lakkar bazaar,lakkar bazaar,Shimla,,Shopping & Markets,31.1058233,77.1787114,"[""shopping""]",,,60,0,,,,,places.csv,
p_22f29c14,Rafting at Tattapani,rafting at tattapani,Shimla,,Adventure & Outdoor Activities,31.2487896,77.0895421,"[""adventure"", ""nature"", ""outdoor""]",,,60,1050,,,,,places.csv,
p_200c1a48,Kuthar Fort,kuthar fort,Shimla,,Cultural & Heritage Sites,30.9730901,76.9671865,"[""culture"", ""heritage""]",,,60,10,,,,,places.csv,
p_b9dd24d1,Tara Devi Temple,tara devi temple,Shimla,,Religious & Spiritual Pilgrimages,31.046256,77.1342842,"[""culture"", ""heritage""]",,,60,0,,,,,places.csv,
p_700d1542,Christ Church,christ church,Shimla,,Cultural & Heritage Sites,31.0614,77.1034,"[""culture"", ""heritage""]",,,60,0,,,,,places.csv,
p_de6aa276,Jakhoo hill ,jakhoo hill,Shimla,,Natural Landscapes & Wildlife,31.1013414,77.1835041,"[""nature"", ""wildlife""]",,,60,0,,,,,places.csv,
p_863f6f83,Solang Valley,solang valley,Manali,,Natural Landscapes & Wildlife,32.316,77.157,"[""nature"", ""wildlife""]",,,120,0,,,,,"places.csv,Top Indian Places to Visit.csv",
p_1853b9d7,Hidimba Devi Temple,hidimba devi temple,Manali,,Religious & Spiritual Pilgrimages,32.2483526,77.1815727,"[""culture"", ""heritage""]",,,60,0,,,,,places.csv,
p_3f3408c5,Beas kund,beas kund,Manali,,Natural Landscapes & Wildlife,32.3664466,77.0854956,"[""nature"", ""wildlife""]",,,60,0,,,,,places.csv,
p_0f599138,Vashisht baths,vashisht baths,Manali,,Adventure & Outdoor Activities,32.2810061,77.2290193,"[""adventure"", ""nature"", ""outdoor""]",,,60,0,,,,,places.csv,
p_650ea554,Rohtang Pass,rohtang pass,Manali,,Adventure & Outdoor Activities,32.3716426,77.2466221,"[""adventure"", ""nature"", ""outdoor""]",,,60,0,,,,,places.csv,
p_3cdf9dbf,Gulaba viewpoint,gulaba viewpoint,Manali,,Sightseeing & Exploration,32.3179031,77.1893396,"[""sightseeing""]",,,60,0,,,,,places.csv,
p_c7b0cea7,Panch Pulla Waterfall,panch pulla waterfall,Dalhousie,,Natural Landscapes & Wildlife,32.5288,75.9908,"[""nature"", ""wildlife""]",,,60,0,,,,,places.csv,
p_63f6c9e3,Boat riding in Chamera lake,boat riding in chamera lake,Dalhousie,,Adventure & Outdoor Activities,32.6199739,76.00774,"[""adventure"", ""nature"", ""outdoor""]",,,60,400,,,,,places.csv,
p_5f8d1d93,Kalatop Wildlife sanctuary,kalatop wildlife sanctuary,Dalhousie,,Natural Landscapes & Wildlife,32.5529086,76.0174406,"[""nature"", ""wildlife""]",,,60,115,,,,,places.csv,
p_cdc086aa,Shop at Tibetan Handicrafts market,shop at tibetan handicrafts market,Dalhousie,,Shopping & Markets,32.5364,75.9767,"[""shopping""]",,,60,0,,,,,places.csv,
p_51c652dd,Subhash Baoli spring,subhash baoli spring,Dalhousie,,Religious & Spiritual Pilgrimages,32.5402571,75.9844002,"[""culture"", ""heritage""]",,,60,0,,,,,places.csv,
p_e518d7fd,Trek to Dainkund Peak,trek to dainkund peak,Dalhousie,,Adventure & Outdoor Activities,32.5196627,76.0353738,"[""adventure"", ""nature"", ""outdoor""]",,,60,1200,,,,,places.csv,
p_c03a6236,Trek to Ganji Pahari,trek to ganji pahari,Dalhousie,,Adventure & Outdoor Activities,32.5164533,75.9935243,"[""adventure"", ""nature"", ""outdoor""]",,,60,5000,,,,,places.csv,
p_b1550950,Dalai Lama Temple,dalai lama temple,Dalhousie,,Religious & Spiritual Pilgrimages,32.2315734,76.3237994,"[""culture"", ""heritage""]",,,90,0,,,,,"places.csv,Top Indian Places to Visit.csv",
p_13582ac5,Khajjiar Lake,khajjiar lake,Dalhousie,,Natural Landscapes & Wildlife,32.546218,76.0580811,"[""nature"", ""wildlife""]",,,90,0,,,,,"places.csv,Top Indian Places to Visit.csv",
p_15f74f03,Hot springs at Manikaran,hot springs at manikaran,Kullu,,Adventure & Outdoor Activities,32.0267951,77.3511063,"[""adventure"", ""nature"", ""outdoor""]",,,60,30,,,,,places.csv,
p_339e78bd,Vaishno Devi Temple,vaishno devi temple,Kullu,,Religious & Spiritual Pilgrimages,31.9834,77.1262,"[""culture"", ""heritage""]",,,60,0,,,,,places.csv,
p_5a8b4288,Hamta Pass,hamta pass,Kullu,,Adventure & Outdoor Activities,32.2703698,77.3465824,"[""adventure"", ""nature"", ""outdoor""]",,,60,0,,,,,places.csv,
p_ab70b335,Tirthan valley,tirthan valley,Kullu,,Natural Landscapes & Wildlife,31.6263301,77.4221267,"[""nature"", ""wildlife""]",,,60,0,,,,,places.csv,
p_52709c89,Chandrakhani Pass,chandrakhani pass,Kullu,,Adventure & Outdoor Activities,32.0695132,77.2407744,"[""adventure"", ""nature"", ""outdoor""]",,,60,0,,,,,places.csv,
p_4e707b0a,Lama Dugh Hike,lama dugh hike,Kullu,,Adventure & Outdoor Activities,32.2489026,77.1750129,"[""adventure"", ""nature"", ""outdoor""]",,,60,1200,,,,,places.csv,
p_80239f2f,Cycling from Manu Temple,cycling from manu temple,Kullu,,Adventure & Outdoor Activities,32.257042,77.1760523,"[""adventure"", ""nature"", ""outdoor""]",,,60,0,,,,,places.csv,
p_812313e1,Rafting in river Beas,rafting in river beas,Kullu,,Adventure & Outdoor Activities,31.75917566,76.09238692,"[""adventure"", ""nature"", ""outdoor""]",,,60,450,,,,,places.csv,
p_73e69760,Paragliding in Kullu hills,paragliding in kullu hills,Kullu,,Adventure & Outdoor Activities,31.959205,77.1089377,"[""adventure"", ""nature"", ""outdoor""]",,,60,2500,,,,,places.csv,
p_8b532e8c,Great Himalayan National Park,great himalayan national park,Kullu,,Natural Landscapes & Wildlife,31.7985414,77.5160134,"[""nature"", ""wildlife""]",,,180,50,,,,,"places.csv,Top Indian Places to Visit.csv",
p_ead5c813,Naini Lake,naini lake,Nainital,,Natural Landscapes & Wildlife,29.3868622,79.459841,"[""nature"", ""wildlife""]",,,90,0,,,,,"places.csv,Top Indian Places to Visit.csv",
p_357a74db,Sunrise at Tiffin top,sunrise at tiffin top,Nainital,,Natural Landscapes & Wildlife,29.3836288,79.4505608,"[""nature"", ""wildlife""]",,,60,0,,,,,places.csv,
p_5fe2bb81,Shop at Tibetan  market,shop at tibetan market,Nainital,,Shopping & Markets,29.3893,79.4539,"[""shopping""]",,,60,0,,,,,places.csv,
p_9da5c46e,Corbett National Park,corbett national park,Nainital,,Natural Landscapes & Wildlife,29.5521551,78.8832107,"[""nature"", ""wildlife""]",,,60,560,,,,,places.csv,
p_f93f325e,Cave garden,cave garden,Nainital,,Natural Landscapes & Wildlife,29.39215,79.44534,"[""nature"", ""wildlife""]",,,60,60,,,,,places.csv,
p_7738ee79,Nainital zoo,nainital zoo,Nainital,,Natural Landscapes & Wildlife,29.3807621,79.4686432,"[""nature"", ""wildlife""]",,,60,50,,,,,places.csv,
p_3f3cfa14,Shop at Mall road,shop at mall road,Nainital,,Shopping & Markets,29.387912,79.42225,"[""shopping""]",,,60,0,,,,,places.csv,
p_b8f8bdd2,Naina Devi temple,naina devi temple,Nainital,,Religious & Spiritual Pilgrimages,31.3064166,76.5358173,"[""culture"", ""heritage""]",,,60,0,,,,,places.csv,
p_3619f92b,Pangot and Kilbury bird sanctuary,pangot and kilbury bird sanctuary,Nainital,,Natural Landscapes & Wildlife,29.4183001,79.4465006,"[""nature"", ""wildlife""]",,,60,0,,,,,places.csv,
p_b8a60623,Raj Bhawan Royal Palace,raj bhawan royal palace,Nainital,,Cultural & Heritage Sites,29.3742,79.4571,"[""culture"", ""heritage""]",,,60,450,,,,,places.csv,
p_2120c622,Cheena peak,cheena peak,Nainital,,Adventure & Outdoor Activities,29.4082133,79.4376161,"[""adventure"", ""nature"", ""outdoor""]",,,60,0,,,,,places.csv,
p_31bf128c,Nainital ropeway,nainital ropeway,Nainital,,Adventure & Outdoor Activities,29.3925989,79.4551239,"[""adventure"", ""nature"", ""outdoor""]",,,60,54,,,,,places.csv,
p_d1644b6a,Laxman Jhula,laxman jhula,Rishikesh,,"Adventure & Outdoor Activities, Sightseeing & Exploration",30.1259072,78.3308815,"[""adventure"", ""nature"", ""outdoor""]",,,60,0,,,,,"places.csv,Top Indian Places to Visit.csv",
p_af1c6cb6,Triveni Ghat,triveni ghat,Rishikesh,,Religious & Spiritual Pilgrimages,30.1038807,78.2990999,"[""culture"", ""heritage""]",,,60,0,,,,,places.csv,
p_43a3b576,Vashishta Gufa,vashishta gufa,Rishikesh,,Religious & Spiritual Pilgrimages,30.1142698,78.4320327,"[""culture"", ""heritage""]",,,60,0,,,,,places.csv,
p_d70e23a0,Kunjapuri Devi Temple and camps,kunjapuri devi temple and camps,Rishikesh,,Religious & Spiritual Pilgrimages,30.1142698,78.4320327,"[""culture"", ""heritage""]",,,60,0,,,,,places.csv,
p_9c05d06d,Neer Garh waterfall,neer garh waterfall,Rishikesh,,Natural Landscapes & Wildlife,30.1409843,78.3453658,"[""nature"", ""wildlife""]",,,60,0,,,,,places.csv,
p_96784880,Beatles Ashram,beatles ashram,Rishikesh,,"Arts, Science & Literature Attractions",30.1127675,78.3121592,"[""sightseeing""]",,,60,0,,,,,places.csv,
p_27163788,Giant swing or zip lining,giant swing or zip lining,Rishikesh,,Adventure & Outdoor Activities,30.1127675,78.3121592,"[""adventure"", ""nature"", ""outdoor""]",,,60,1800,,,,,places.csv,
p_84c9faa8,Camp on banks of Ganges,camp on banks of ganges,Rishikesh,,Adventure & Outdoor Activities,27.40364009,83.00912405,"[""adventure"", ""nature"", ""outdoor""]",,,60,0,,,,,places.csv,
p_6ac066d0,Ram Jhula,ram jhula,Rishikesh,,Religious & Spiritual Pilgrimages,30.1237975,78.3141327,"[""culture"", ""heritage""]",,,60,0,,,,,places.csv,
p_ecb543ae,Neelkantha Mahadeva Temple,neelkantha mahadeva temple,Rishikesh,,Religious & Spiritual Pilgrimages,30.081059,78.340565,"[""culture"", ""heritage""]",,,60,0,,,,,places.csv,
p_77a2ef74,Bharat Mandir,bharat mandir,Rishikesh,,"Religious & Spiritual Pilgrimages, Cultural & Heritage Sites",20.593684,78.96288,"[""culture"", ""heritage""]",,,60,0,,,,,places.csv,
p_0b2af9e7,Kunjapuri Devi,kunjapuri devi,Rishikesh,,Religious & Spiritual Pilgrimages,30.10271,78.185053,"[""culture"", ""heritage""]",,,60,0,,,,,places.csv,
p_4926ddd8,Bhootnath Temple,bhootnath temple,Rishikesh,,"Religious & Spiritual Pilgrimages, Cultural & Heritage Sites",30.1166,78.3181,"[""culture"", ""heritage""]",,,60,0,,,,,places.csv,
p_2f1cb898,Devprayag Sightseeing ,devprayag sightseeing,Rishikesh,,Sightseeing & Exploration,30.1459471,78.5992925,"[""sightseeing""]",,,60,0,,,,,places.csv,
p_dce76583, dip in Bramhakund,dip in bramhakund,Haridwar,,Religious & Spiritual Pilgrimages,29.957,78.1711,"[""culture"", ""heritage""]",,,60,0,,,,,places.csv,
p_1c3fc58b,Ganga arti at Har-ki-Pauri ghat,ganga arti at har-ki-pauri ghat,Haridwar,,"Religious & Spiritual Pilgrimages, Sightseeing & Exploration",29.9573607,78.1749687,"[""culture"", ""heritage""]",,,60,0,,,,,places.csv,
p_57eb998d,Neel Dhara Pakshi Vihar,neel dhara pakshi vihar,Haridwar,,Natural Landscapes & Wildlife,29.96,78.16,"[""nature"", ""wildlife""]",,,60,0,,,,,places.csv,
p_48b6156d,Rajaji National Park ,rajaji national park,Haridwar,,Natural Landscapes & Wildlife,30.01542,78.1523984,"[""nature"", ""wildlife""]",,,60,150,,,,,places.csv,
p_45c296e3,Moti Bazar,moti bazar,Haridwar,,Shopping & Markets,33.6136521,73.0590799,"[""shopping""]",,,60,0,,,,,places.csv,
p_fc83542f,Jwalapur Bazar ,jwalapur bazar,Haridwar,,Shopping & Markets,29.9267729,78.1071057,"[""shopping""]",,,60,0,,,,,places.csv,
p_f68c22e3,Bara Bazar ,bara bazar,Haridwar,,Shopping & Markets,22.5817406,88.3543972,"[""shopping""]",,,60,0,,,,,places.csv,
p_866c296a, Kankhal Bazar,kankhal bazar,Haridwar,,Shopping & Markets,29.9270808,78.1437257,"[""shopping""]",,,60,0,,,,,places.csv,
p_87383c20,Har Ki Pauri,har ki pauri,Haridwar,,"Religious & Spiritual Pilgrimages, Sightseeing & Exploration",29.9573607,78.1749687,"[""culture"", ""heritage""]",,,60,0,,,,,"places.csv,Top Indian Places to Visit.csv",
p_30a1db77,Tungnath Chandrashila trekk,tungnath chandrashila trekk,Haridwar,,Adventure & Outdoor Activities,30.4862688,79.2212453,"[""adventure"", ""nature"", ""outdoor""]",,,60,250,,,,,places.csv,
p_2208d5c2,Chandi Devi Temple,chandi devi temple,Haridwar,,Religious & Spiritual Pilgrimages,29.9337646,78.1805466,"[""culture"", ""heritage""]",,,60,0,,,,,places.csv,
p_db7d9fe4,Malsi Deer park,malsi deer park,Dehradun,,Natural Landscapes & Wildlife,30.3883325,78.0756051,"[""nature"", ""wildlife""]",,,60,20,,,,,places.csv,
p_b8443cbe,Shiv Mandir,shiv mandir,Dehradun,,Religious & Spiritual Pilgrimages,30.408,78.0867,"[""culture"", ""heritage""]",,,60,0,,,,,places.csv,
p_427c4cd6,Mindrolling monastery,mindrolling monastery,Dehradun,,Cultural & Heritage,30.2615418,77.99771,"[""sightseeing""]",,,60,0,,,,,places.csv,
p_2e3ef66e,Nag Tibba trek,nag tibba trek,Dehradun,,Adventure & Outdoor,30.5861111,78.1513889,"[""sightseeing""]",,,60,1299,,,,,places.csv,
p_6c622c0d,Mall road,mall road,Dehradun,,Shopping & Markets,30.20117924,78.236708,"[""shopping""]",,,60,0,,,,,places.csv,
p_126dd9e8,Lakshman jhila bridge,lakshman jhila bridge,Dehradun,,Sightseeing & Exploration,30.1263798,78.3300576,"[""sightseeing""]",,,60,0,,,,,places.csv,
p_355d87ce,Rajaji National Park ,rajaji national park,Dehradun,,Natural Landscapes & Wildlife,30.01542,78.1523984,"[""nature"", ""wildlife""]",,,60,0,,,,,places.csv,
p_e0e8ac54,Santala Devi temple,santala devi temple,Dehradun,,Religious & Spiritual Pilgrimages,30.3717801,78.0163764,"[""culture"", ""heritage""]",,,60,0,,,,,places.csv,
p_034e50d5,Indira market,indira market,Dehradun,,Shopping & Markets,30.325,78.0436,"[""shopping""]",,,60,0,,,,,places.csv,
p_a592c932,Pacific mall,pacific mall,Dehradun,,Shopping & Markets,43.8263024,79.3062592,"[""shopping""]",,,60,0,,,,,places.csv,
p_0c902d52,Paltan Bazaar ,paltan bazaar,Dehradun,,Shopping & Markets,26.1792286,91.7532732,"[""shopping""]",,,60,0,,,,,places.csv,
p_522fb9d6,Lachhiwala nature park,lachhiwala nature park,Dehradun,,Natural Landscapes & Wildlife,30.1991577,78.1261028,"[""nature"", ""wildlife""]",,,60,20,,,,,places.csv,
p_318f8bd8,Fun n Food Kingdom ,fun n food kingdom,Dehradun,,Adventure & Outdoor Activities,30.348544,77.959572,"[""adventure"", ""nature"", ""outdoor""]",,,60,1000,,,,,places.csv,
p_714e3cb8,Robber's Cave,robber's cave,Dehradun,,Adventure & Outdoor Activities,30.3754,78.0598,"[""adventure"", ""nature"", ""outdoor""]",,,90,25,,,,,"places.csv,Top Indian Places to Visit.csv",
p_5cd3640c,Kempty Falls,kempty falls,Mussoorie,,Natural Landscapes & Wildlife,30.4878,78.0367,"[""nature"", ""wildlife""]",,,90,15,,,,,"places.csv,Top Indian Places to Visit.csv",
p_78d3029e,Camel's back road,camel's back road,Mussoorie,,Sightseeing & Exploration,30.4603685,78.0728065,"[""sightseeing""]",,,60,0,,,,,places.csv,
p_455b547d,Jabarkhet nature reserve,jabarkhet nature reserve,Mussoorie,,Natural Landscapes & Wildlife,30.4542004,78.1160948,"[""nature"", ""wildlife""]",,,60,0,,,,,places.csv,
p_e9529ae8,Bhadraj Temple trek,bhadraj temple trek,Mussoorie,,Religious & Spiritual Pilgrimages,30.4792968,77.9536697,"[""culture"", ""heritage""]",,,60,0,,,,,places.csv,
p_800b5b3b,Har ki dun trek,har ki dun trek,Mussoorie,,Adventure & Outdoor Activities,31.1505598,78.4290807,"[""adventure"", ""nature"", ""outdoor""]",,,60,500,,,,,places.csv,
p_4cbbd709,Dodital trek,dodital trek,Mussoorie,,Adventure & Outdoor Activities,30.8429257,78.4685557,"[""adventure"", ""nature"", ""outdoor""]",,,60,12500,,,,,places.csv,
p_8850b55c,Walking towards the Happy Valley from Library Head,walking towards the happy valley from library head,Mussoorie,,Sightseeing & Exploration,30.4597892,78.0643723,"[""sightseeing""]",,,60,0,,,,,places.csv,
p_3825a9b6,"Skywalk ,zipswings in Mussoorie","skywalk ,zipswings in mussoorie",Mussoorie,,Adventure & Outdoor Activities,30.4597892,78.0643723,"[""adventure"", ""nature"", ""outdoor""]",,,60,0,,,,,places.csv,
p_28f202ce,Disco Skating Rink,disco skating rink,Mussoorie,,Adventure & Outdoor Activities,30.4565771,78.0803029,"[""adventure"", ""nature"", ""outdoor""]",,,60,50,,,,,places.csv,
p_870650d1,Library Bazaar,library bazaar,Mussoorie,,Shopping & Markets,30.4602549,78.063945,"[""shopping""]",,,60,0,,,,,places.csv,
p_1a2e3ba0,Kulri Bazaar,kulri bazaar,Mussoorie,,Shopping & Markets,30.4554364,78.0788535,"[""shopping""]",,,60,0,,,,,places.csv,
p_87285b67,Mall road,mall road,Mussoorie,,Shopping & Markets,30.459821,78.0645353,"[""shopping""]",,,60,0,,,,,places.csv,
p_3794d738,Mussoorie lake,mussoorie lake,Mussoorie,,Natural Landscapes & Wildlife,30.4597892,78.0643723,"[""nature"", ""wildlife""]",,,60,0,,,,,places.csv,
p_ba9bc0c2,Classic Emporium,classic emporium,Mussoorie,,"Shopping & Markets, Arts, Science & Literature Attractions",30.4556286,78.0783262,"[""shopping""]",,,60,100,,,,,places.csv,
p_ecbf1c4a,Auli Gorson Trek,auli gorson trek,Auli,,Adventure & Outdoor Activities,30.066753,79.0192997,"[""adventure"", ""nature"", ""outdoor""]",,,60,0,,,,,places.csv,
p_42dbc984,Nanda Devi Biosphere Reserve,nanda devi biosphere reserve,Auli,,Natural Landscapes & Wildlife,30.6587637,79.8386542,"[""nature"", ""wildlife""]",,,60,50,,,,,places.csv,
p_0170686d,Chattrakund Lake ,chattrakund lake,Auli,,Natural Landscapes & Wildlife,30.066753,79.0192997,"[""nature"", ""wildlife""]",,,60,0,,,,,places.csv,
p_d0b1a4c6,Trishul Peak,trishul peak,Auli,,Natural Landscapes & Wildlife,30.3116666,79.7766666,"[""nature"", ""wildlife""]",,,60,0,,,,,places.csv,
p_fad291d8,Joshimath Market,joshimath market,Auli,,Shopping & Markets,30.5561089,79.5616759,"[""shopping""]",,,60,0,,,,,places.csv,
p_607bd0e1,Auli Ski Resort,auli ski resort,Auli,,Adventure & Outdoor Activities,30.5308872,79.5615124,"[""adventure"", ""nature"", ""outdoor""]",,,180,0,,,,,"places.csv,Top Indian Places to Visit.csv",
p_ca5875ae,Bhalu dam,bhalu dam,Ranikhet,,Natural Landscapes & Wildlife,29.6204144,79.4775733,"[""nature"", ""wildlife""]",,,60,0,,,,,places.csv,
p_b45ebe2c,Jhula Devi temple,jhula devi temple,Ranikhet,,Religious & Spiritual Pilgrimages,29.6181375,79.4440156,"[""culture"", ""heritage""]",,,60,0,,,,,places.csv,
p_63c30d2e,Chaubatia Gardens,chaubatia gardens,Ranikhet,,Sightseeing & Exploration,29.6197419,79.4610397,"[""sightseeing""]",,,60,50,,,,,"places.csv,Top Indian Places to Visit.csv",
p_63ad2bef,Joshimath Market,joshimath market,Ranikhet,,Shopping & Markets,30.5561089,79.5616759,"[""shopping""]",,,60,0,,,,,places.csv,
p_70822c0a,Sadar bazaar,sadar bazaar,Ranikhet,,Shopping & Markets,28.6585105,77.2127305,"[""shopping""]",,,60,0,,,,,places.csv,
p_e0e53981,Binsar Mahadev Mandir,binsar mahadev mandir,Ranikhet,,Religious & Spiritual Pilgrimages,30.0166279,79.1620873,"[""culture"", ""heritage""]",,,60,0,,,,,places.csv,
p_258bf25b,Rani Jheel,rani jheel,Ranikhet,,Natural Landscapes & Wildlife,29.6397889,79.4301009,"[""nature"", ""wildlife""]",,,60,0,,,,,places.csv,
p_bbb04ff0,Gangotri Temple,gangotri temple,Uttarkashi,,Religious & Spiritual Pilgrimages,30.9944091,78.9411825,"[""culture"", ""heritage""]",,,60,0,,,,,"places.csv,Top Indian Places to Visit.csv",
p_cf0784d2,Yamunotri,yamunotri,Uttarkashi,,Religious & Spiritual Pilgrimages,31.0139859,78.4599555,"[""culture"", ""heritage""]",,,60,0,,,,,places.csv,
p_b7698513,Kedar Tal,kedar tal,Uttarkashi,,Adventure & Outdoor Activities,30.9098968,78.9581673,"[""adventure"", ""nature"", ""outdoor""]",,,60,0,,,,,places.csv,
p_a0f20066,Harsil,harsil,Uttarkashi,,Natural Landscapes & Wildlife,31.0383069,78.7377016,"[""nature"", ""wildlife""]",,,60,0,,,,,places.csv,
p_0e8861fa,Jalmanga Shivling,jalmanga shivling,Uttarkashi,,Religious & Spiritual Pilgrimages,30.876944,79.065556,"[""culture"", ""heritage""]",,,60,0,,,,,places.csv,
p_bf09b2a6,Vishwanath temple,vishwanath temple,Uttarkashi,,Religious & Spiritual Pilgrimages,30.7288877,78.4413948,"[""culture"", ""heritage""]",,,60,0,,,,,places.csv,
p_470ed5fa,Gaumukh glacier,gaumukh glacier,Uttarkashi,,Natural Landscapes & Wildlife,30.8712743,79.1015736,"[""nature"", ""wildlife""]",,,60,0,,,,,places.csv,
p_195fe8a0,Nachiketa lake,nachiketa lake,Uttarkashi,,Natural Landscapes & Wildlife,30.6447151,78.4708143,"[""nature"", ""wildlife""]",,,60,0,,,,,places.csv,
p_4eeae02e,Nehru Institute of Mountaineering,nehru institute of mountaineering,Uttarkashi,,Adventure & Outdoor Activities,30.7213645,78.4330598,"[""adventure"", ""nature"", ""outdoor""]",,,60,70,,,,,places.csv,
p_4dc09865,Dayara Bugyal  trekking and camping,dayara bugyal trekking and camping,Uttarkashi,,Adventure & Outdoor Activities,30.7311363,78.4438565,"[""adventure"", ""nature"", ""outdoor""]",,,60,0,,,,,places.csv,
p_40460a39,Shakti temple,shakti temple,Uttarkashi,,Religious & Spiritual Pilgrimages,30.7289819,78.4416864,"[""culture"", ""heritage""]",,,60,0,,,,,places.csv,
p_17c1eb81,Dodital lake,dodital lake,Uttarkashi,,"Natural Landscapes & Wildlife, Adventure & Outdoor Activities",30.8980456,78.5249391,"[""adventure"", ""nature"", ""outdoor""]",,,60,0,,,,,places.csv,
p_4c3484b1,Maneri dam,maneri dam,Uttarkashi,,Sightseeing & Exploration,30.739167,78.528611,"[""sightseeing""]",,,60,0,,,,,places.csv,
p_eddbc30b,Taj Mahal,taj mahal,Agra,,Cultural & Heritage Sites,27.1751448,78.0421422,"[""culture"", ""heritage""]",,,120,50,,,,,"places.csv,Top Indian Places to Visit.csv",
p_ad8cf466,Agra fort,agra fort,Agra,,Cultural & Heritage Sites,27.1795328,78.021112,"[""culture"", ""heritage""]",,,120,40,,,,,"places.csv,Top Indian Places to Visit.csv",
p_16afd63d,Fatehpur Sikri,fatehpur sikri,Agra,,Cultural & Heritage Sites,27.0945291,77.6679292,"[""culture"", ""heritage""]",,,60,0,,,,,places.csv,
p_4d6ee088,Jahangir Mahal,jahangir mahal,Agra,,Cultural & Heritage Sites,27.1777367,78.0231589,"[""culture"", ""heritage""]",,,60,50,,,,,places.csv,
p_1201cb98,Jama Masjid,jama masjid,Agra,,Religious & Spiritual Pilgrimages,28.6506792,77.2334421,"[""culture"", ""heritage""]",,,60,0,,,,,places.csv,
p_0b7de038,Humayun's Mosque,humayun's mosque,Agra,,Religious & Spiritual Pilgrimages,27.1824852,78.0393755,"[""culture"", ""heritage""]",,,60,0,,,,,places.csv,
p_f027ddf7,Kinari bazar,kinari bazar,Agra,,Shopping & Markets,28.6549795,77.2308333,"[""shopping""]",,,60,0,,,,,places.csv,
p_187f1595,Sadar bazaar,sadar bazaar,Agra,,Shopping & Markets,28.6585105,77.2127305,"[""shopping""]",,,60,0,,,,,places.csv,
p_170c4534,Shah market,shah market,Agra,,Shopping & Markets,27.2044073,78.0053732,"[""shopping""]",,,60,0,,,,,places.csv,
p_9927cfea,TDI mall,tdi mall,Agra,,Shopping & Markets,28.6508395,77.1206205,"[""shopping""]",,,60,0,,,,,places.csv,
p_69085dc8,Subhash bazzar,subhash bazzar,Agra,,Shopping & Markets,28.9764772,77.7063965,"[""shopping""]",,,60,0,,,,,places.csv,
p_e1079a31,Sheesh Mahal,sheesh mahal,Agra,,Cultural & Heritage Sites,31.5899396,74.3131807,"[""culture"", ""heritage""]",,,60,10,,,,,places.csv,
p_9a16bc2d,Kashi Vishwanath Temple,kashi vishwanath temple,Varanasi,,Religious & Spiritual Pilgrimages,25.3108532,83.0106783,"[""culture"", ""heritage""]",,,60,0,,,,,"places.csv,Top Indian Places to Visit.csv",
p_70588309,Ramnagar Fort,ramnagar fort,Varanasi,,Cultural & Heritage Sites,25.2695094,83.0250876,"[""culture"", ""heritage""]",,,60,25,,,,,places.csv,
p_86d11e3f,Dashashwamedh Ghat ,dashashwamedh ghat,Varanasi,,Religious & Spiritual Pilgrimages,25.3061863,83.0102857,"[""culture"", ""heritage""]",,,60,0,,,,,places.csv,
p_05b3dd17,Sunset Boat Ride on the Ganges,sunset boat ride on the ganges,Varanasi,,Sightseeing & Exploration,27.40364009,83.00912405,"[""sightseeing""]",,,60,0,,,,,places.csv,
p_10e572b3,Sarnath pilgrim spot,sarnath pilgrim spot,Varanasi,,Religious & Spiritual Pilgrimages,25.3715564,83.0252136,"[""culture"", ""heritage""]",,,60,0,,,,,places.csv,
p_eca60e0e,Puran Das Road,puran das road,Varanasi,,Sightseeing & Exploration,25.3176452,82.9739144,"[""sightseeing""]",,,60,0,,,,,places.csv,
p_c959946b,Gol Ganj,gol ganj,Varanasi,,Cultural & Heritage Sites,25.3176452,82.9739144,"[""culture"", ""heritage""]",,,60,0,,,,,places.csv,
p_79ca1e9d,Mandir Gali,mandir gali,Varanasi,,Cultural & Heritage Sites,25.3141329,83.0119239,"[""culture"", ""heritage""]",,,60,0,,,,,places.csv,
p_38c3790e,Assi Ghat,assi ghat,Varanasi,,Religious & Spiritual Pilgrimages,25.2886478,83.0067619,"[""culture"", ""heritage""]",,,60,0,,,,,places.csv,
p_a866ba0a,Godowlia market,godowlia market,Varanasi,,Shopping & Markets,25.3100747,83.0096485,"[""shopping""]",,,60,0,,,,,places.csv,
p_0d00f842,The Banarasi Silk Emporium,the banarasi silk emporium,Varanasi,,Shopping & Markets,25.315424,82.9975498,"[""shopping""]",,,60,0,,,,,places.csv,
p_da51d7ee,Bara Imambara,bara imambara,Lucknow,,	Cultural & Heritage Sites,26.8685168,80.9127127,"[""culture"", ""heritage""]",,,90,50,,,,,"places.csv,Top Indian Places to Visit.csv",
p_6280b03c,Chhota Imambara,chhota imambara,Lucknow,,	Cultural & Heritage Sites,26.8742913,80.9046688,"[""culture"", ""heritage""]",,,60,30,,,,,places.csv,
p_374fbf04,Hazratganj market,hazratganj market,Lucknow,,Shopping & Markets,26.8541536,80.9447827,"[""shopping""]",,,60,0,,,,,places.csv,
p_9dc5c236,British Residency,british residency,Lucknow,,Cultural & Heritage Sites,26.8606372,80.9267863,"[""culture"", ""heritage""]",,,60,0,,,,,places.csv,
p_67140fe4,Marine Drive,marine drive,Lucknow,,Sightseeing & Exploration,18.9432111,72.8229983,"[""sightseeing""]",,,60,0,,,,,places.csv,
p_1a5bee2f,Chowk market,chowk market,Lucknow,,Shopping & Markets,26.8658585,80.9112496,"[""shopping""]",,,60,0,,,,,places.csv,
p_3a8bc923,Phoenix United mall,phoenix united mall,Lucknow,,Shopping & Markets,26.798631,80.8969707,"[""shopping""]",,,60,0,,,,,places.csv,
p_476a5ee0,Kusum Sarovar,kusum sarovar,Mathura,,Natural Landscapes & Wildlife,27.511932,77.4786939,"[""nature"", ""wildlife""]",,,60,0,,,,,places.csv,
p_4e44d461,Govardhan hills trekking,govardhan hills trekking,Mathura,,Adventure & Outdoor Activities,27.473,77.444,"[""adventure"", ""nature"", ""outdoor""]",,,60,0,,,,,places.csv,
p_c057ef53," Dwarkadhish Temple,","dwarkadhish temple,",Mathura,,"	Religious & Spiritual Pilgrimages, Cultural & Heritage Sites",22.2371082,68.9676255,"[""culture"", ""heritage""]",,,60,0,,,,,places.csv,
p_7ecd59e4,Vishram ghat,vishram ghat,Mathura,,"	Religious & Spiritual Pilgrimages, Natural Landscapes & Wildlife",27.5025614,77.6890687,"[""culture"", ""heritage""]",,,60,0,,,,,places.csv,
p_89d709ae,Tilak Dwar market,tilak dwar market,Mathura,,Shopping & Markets,27.4990503,77.6847491,"[""shopping""]",,,60,0,,,,,places.csv,
p_4812f032,Krishna Nagar market,krishna nagar market,Mathura,,Shopping & Markets,28.6509821,77.286333,"[""shopping""]",,,60,0,,,,,places.csv,
p_490ff103,Krishna Janmabhoomi temple,krishna janmabhoomi temple,Mathura,,"Religious & Spiritual Pilgrimages, Cultural & Heritage Sites",27.5048884,77.66978,"[""culture"", ""heritage""]",,,60,0,,,,,places.csv,
p_630f3952,Sita ki rasoi,sita ki rasoi,Ayodhya,,Religious & Spiritual Pilgrimages,26.7921605,82.1997954,"[""culture"", ""heritage""]",,,60,300,,,,,places.csv,
p_3391c1ac,Treta-ke-Thakur,treta-ke-thakur,Ayodhya,,Religious & Spiritual Pilgrimages,26.7921605,82.1997954,"[""culture"", ""heritage""]",,,60,80,,,,,places.csv,
p_fde64aa1,Gulab bari,gulab bari,Ayodhya,,Natural Landscapes & Wildlife,26.7798857,82.1575316,"[""nature"", ""wildlife""]",,,60,0,,,,,places.csv,
p_91745a59, Kanak Bhawan ,kanak bhawan,Ayodhya,,Religious & Spiritual Pilgrimages,26.7980174,82.1992155,"[""culture"", ""heritage""]",,,60,0,,,,,places.csv,
p_0be68482, Nageshwarnath Temple,nageshwarnath temple,Ayodhya,,Religious & Spiritual Pilgrimages,26.808995,82.2056474,"[""culture"", ""heritage""]",,,60,0,,,,,places.csv,
p_228ed2eb,Hanuman Garhi,hanuman garhi,Ayodhya,,Religious & Spiritual Pilgrimages,26.7952876,82.2016429,"[""culture"", ""heritage""]",,,60,0,,,,,places.csv,
p_fdeb459e,Ram Janmabhoomi,ram janmabhoomi,Ayodhya,,"Religious & Spiritual Pilgrimages, Cultural & Heritage Sites",26.795688,82.194431,"[""culture"", ""heritage""]",,,60,0,,,,,"places.csv,Top Indian Places to Visit.csv",
p_ab58a3dd,Govind Devji Temple,govind devji temple,Vrindavan,,Religious & Spiritual Pilgrimages,26.9288341,75.8240701,"[""culture"", ""heritage""]",,,60,0,,,,,places.csv,
p_9be72690,Nidhivan,nidhivan,Vrindavan,,Natural Landscapes & Wildlife,27.5842125,77.6979595,"[""nature"", ""wildlife""]",,,60,0,,,,,places.csv,
p_d750862c,Prem Mandir ,prem mandir,Vrindavan,,Religious & Spiritual Pilgrimages,27.5718524,77.6720096,"[""culture"", ""heritage""]",,,90,0,,,,,"places.csv,Top Indian Places to Visit.csv",
p_0a103f90,ISKCON temple.,iskcon temple.,Vrindavan,,Religious & Spiritual Pilgrimages,27.5621036,77.6324313,"[""culture"", ""heritage""]",,,60,0,,,,,places.csv,
p_53b0506c,Banke Bihari Temple,banke bihari temple,Vrindavan,,Religious & Spiritual Pilgrimages,27.580148,77.7010816,"[""culture"", ""heritage""]",,,60,0,,,,,"places.csv,Top Indian Places to Visit.csv",
p_5cbc5a92,Triveni Sangam,triveni sangam,Allahabad,,"	Natural Landscapes & Wildlife, Religious & Spiritual Pilgrimages",25.4232879,81.8896873,"[""culture"", ""heritage""]",,,60,0,,,,,"places.csv,Top Indian Places to Visit.csv",
p_9fcb46cf,Khusro Bagh,khusro bagh,Allahabad,,Natural Landscapes & Wildlife,25.4422713,81.8210388,"[""nature"", ""wildlife""]",,,60,0,,,,,places.csv,
p_0ecf6042,Anand Bhawan,anand bhawan,Allahabad,,"Arts, Science & Literature Attractions",25.4605342,81.8598312,"[""sightseeing""]",,,60,0,,,,,places.csv,
p_393d43f0,Allahabad museum,allahabad museum,Allahabad,,"	Arts, Science & Literature Attractions",25.4568486,81.8489522,"[""sightseeing""]",,,60,10,,,,,places.csv,
p_a3032435,Allahabad Fort ,allahabad fort,Allahabad,,Cultural & Heritage Sites,25.4295339,81.8768401,"[""culture"", ""heritage""]",,,60,0,,,,,places.csv,
p_e21c00a7,Allahabad Pillar,allahabad pillar,Allahabad,,Cultural & Heritage Sites,25.431335,81.8750618,"[""culture"", ""heritage""]",,,60,0,,,,,places.csv,
p_27193f8f,New Yamuna Bridge,new yamuna bridge,Allahabad,,	Sightseeing & Exploration,27.1152336,78.3686219,"[""sightseeing""]",,,60,0,,,,,places.csv,
p_7ef49bf2,All Saints Cathedral,all saints cathedral,Allahabad,,Religious & Spiritual Pilgrimages,25.27432,81.493504,"[""culture"", ""heritage""]",,,60,0,,,,,places.csv,
p_1f1eb05f, Katra Shopping area,katra shopping area,Allahabad,,Shopping & Markets,25.46962455,81.85626501,"[""shopping""]",,,60,0,,,,,places.csv,
p_58749640,Chowk market,chowk market,Allahabad,,Shopping & Markets,25.4365576,81.8342194,"[""shopping""]",,,60,0,,,,,places.csv,
p_4e7548fc,Civil Lines shopping area,civil lines shopping area,Allahabad,,Shopping & Markets,25.4529334,81.8348882,"[""shopping""]",,,60,0,,,,,places.csv,
p_e741bc11,Ganga Ghat and baandh wale Hanuman ji,ganga ghat and baandh wale hanuman ji,Allahabad,,Religious & Spiritual Pilgrimages,25.4290451,81.8850269,"[""culture"", ""heritage""]",,,60,0,,,,,places.csv,
p_b35c646e,Brahmaputra Market ,brahmaputra market,Noida,,Shopping & Markets,28.5698995,77.3328421,"[""shopping""]",,,60,0,,,,,places.csv,
p_fed39da9,Grand Venice Mall,grand venice mall,Noida,,Shopping & Markets,28.4525346,77.5263114,"[""shopping""]",,,60,0,,,,,places.csv,
p_51b4387f,Stupa 18 Art Gallery,stupa 18 art gallery,Noida,,"Arts, Science & Literature Attractions",28.5403868,77.3678857,"[""sightseeing""]",,,60,25,,,,,places.csv,
p_db30d656,Botanical Gardens of Noida,botanical gardens of noida,Noida,,Natural Landscapes & Wildlife,28.5355161,77.3910265,"[""nature"", ""wildlife""]",,,60,50,,,,,places.csv,
p_0e27f8bc,DLF Mall of India,dlf mall of india,Noida,,Shopping & Markets,28.5673409,77.3211303,"[""shopping""]",,,120,0,,,,,"places.csv,Top Indian Places to Visit.csv",
p_6cbed024,Rashtriya Dalit Prerna Sthal and Green Garden,rashtriya dalit prerna sthal and green garden,Noida,,Cultural & Heritage Sites,28.5678724,77.3113144,"[""culture"", ""heritage""]",,,60,0,,,,,places.csv,
p_6e6cc7ae,Snow World ,snow world,Noida,,Adventure & Outdoor Activities,28.5670716,77.321134,"[""adventure"", ""nature"", ""outdoor""]",,,60,600,,,,,places.csv,
p_0d12899e,KidZania,kidzania,Noida,,Adventure & Outdoor Activities,28.5647843,77.3220308,"[""adventure"", ""nature"", ""outdoor""]",,,60,700,,,,,places.csv,
p_1f03bae2,ISKON temple,iskon temple,Noida,,Religious & Spiritual Pilgrimages,28.5891805,77.3532039,"[""culture"", ""heritage""]",,,60,0,,,,,places.csv,
p_60af8a29,Okhla Bird Sanctuary,okhla bird sanctuary,Noida,,Natural Landscapes & Wildlife,28.5593695,77.309886,"[""nature"", ""wildlife""]",,,90,30,,,,,"places.csv,Top Indian Places to Visit.csv",
p_63938793,Aligarh Fort,aligarh fort,Aligarh,,Cultural & Heritage Sites,27.9305608,78.0630535,"[""culture"", ""heritage""]",,,60,20,,,,,"places.csv,Top Indian Places to Visit.csv",
p_85a591c4,Aligarh's clock tower,aligarh's clock tower,Aligarh,,Cultural & Heritage Sites,27.8955566,78.0739677,"[""culture"", ""heritage""]",,,60,0,,,,,places.csv,
p_4c3faa9e,Chacha Nehru Gyan Pushp museum,chacha nehru gyan pushp museum,Aligarh,,Cultural & Heritage Sites,27.9112617,78.0673061,"[""culture"", ""heritage""]",,,60,50,,,,,places.csv,
p_2e123333,Rajmangal Publishers ,rajmangal publishers,Aligarh,,"Arts, Science & Literature Attractions",27.9088506,78.1070889,"[""sightseeing""]",,,60,0,,,,,places.csv,
p_ad74891c,Maulana Azad Library,maulana azad library,Aligarh,,"Cultural & Heritage Sites, Arts, Science & Literature Attractions",27.9119918,78.0751391,"[""culture"", ""heritage""]",,,60,0,,,,,places.csv,
p_22e5128f,Jama Masjid ,jama masjid,Aligarh,,Religious & Spiritual Pilgrimages,27.9074375,78.0721875,"[""culture"", ""heritage""]",,,60,0,,,,,places.csv,
p_7ac58324,Khereshwar Temple,khereshwar temple,Aligarh,,Religious & Spiritual Pilgrimages,27.8974327,78.0880665,"[""culture"", ""heritage""]",,,60,0,,,,,places.csv,
p_9bc54976,Naqvi Park ,naqvi park,Aligarh,,Natural Landscapes & Wildlife,27.9025224,78.0735455,"[""nature"", ""wildlife""]",,,60,0,,,,,places.csv,
p_b0710fe8,Sky High sky-diving drop zone,sky high sky-diving drop zone,Aligarh,,Adventure & Outdoor Activities,27.8973944,78.0880129,"[""adventure"", ""nature"", ""outdoor""]",,,60,0,,,,,places.csv,
p_ad523d2a,Augarnath Temple,augarnath temple,Meerut,,Religious & Spiritual Pilgrimages,28.9968175,77.6911618,"[""culture"", ""heritage""]",,,60,0,,,,,"places.csv,Top Indian Places to Visit.csv",
p_61ae5559,Hastinapur,hastinapur,Meerut,,"Sightseeing & Exploration, Cultural & Heritage Sites",29.1568812,77.9938497,"[""culture"", ""heritage""]",,,60,0,,,,,places.csv,
p_01aa3bb4,Digambar Jain Temple,digambar jain temple,Meerut,,Religious & Spiritual Pilgrimages,29.1520696,77.7790471,"[""culture"", ""heritage""]",,,60,0,,,,,places.csv,
p_b9ba8c60,Gandhi Bagh,gandhi bagh,Meerut,,Sightseeing & Exploration,29.0073395,77.7027737,"[""sightseeing""]",,,60,20,,,,,places.csv,
p_e2939590,Mustafa Castle,mustafa castle,Meerut,,Cultural & Heritage Sites,28.9966751,77.6958551,"[""culture"", ""heritage""]",,,60,80,,,,,places.csv,
p_b5e20b4c,Saint John's Church,saint john's church,Meerut,,Religious & Spiritual Pilgrimages,29.0127484,77.7085277,"[""culture"", ""heritage""]",,,60,0,,,,,places.csv,
p_e3fe0ee4,Abu Lane market,abu lane market,Meerut,,Shopping & Markets,28.9963119,77.7020502,"[""shopping""]",,,60,0,,,,,places.csv,
p_b620378a,Sadar market,sadar market,Meerut,,Shopping & Markets,28.9940471,77.7008509,"[""shopping""]",,,60,0,,,,,places.csv,
p_c62ffad6,The Shopprix mall,the shopprix mall,Meerut,,Shopping & Markets,28.9484829,77.6753675,"[""shopping""]",,,60,0,,,,,places.csv,
p_d91d447a,Shapir ki Dargah,shapir ki dargah,Meerut,,Religious & Spiritual Pilgrimages,28.9844618,77.7064137,"[""culture"", ""heritage""]",,,60,0,,,,,places.csv,
p_00f50c39,Suraj Kund Temple,suraj kund temple,Meerut,,Religious & Spiritual Pilgrimages,28.9770744,77.7148038,"[""culture"", ""heritage""]",,,60,0,,,,,places.csv,
p_2c0a601b,Allen Forest Zoo,allen forest zoo,Kanpur,,Natural Landscapes & Wildlife,26.5028694,80.3031232,"[""nature"", ""wildlife""]",,,120,150,,,,,"places.csv,Top Indian Places to Visit.csv",
p_b0503d5f,Ram Janki Mandir,ram janki mandir,Kanpur,,Religious & Spiritual Pilgrimages,26.449923,80.3318736,"[""culture"", ""heritage""]",,,60,0,,,,,places.csv,
p_d5ee5f88,Sisamau Bazaar,sisamau bazaar,Kanpur,,Shopping & Markets,26.4686173,80.3247923,"[""shopping""]",,,60,0,,,,,places.csv,
p_913b48a0,Kanpur Sangrahalaya museum,kanpur sangrahalaya museum,Kanpur,,"Arts, Science & Literature Attractions",26.4715334,80.3610849,"[""sightseeing""]",,,60,5,,,,,places.csv,
p_f77d000c,Becon Ganj,becon ganj,Kanpur,,Shopping & Markets,26.4679038,80.3411542,"[""shopping""]",,,60,0,,,,,places.csv,
p_978c4777,ISKON temple,iskon temple,Kanpur,,Religious & Spiritual Pilgrimages,26.5392422,80.2618033,"[""culture"", ""heritage""]",,,60,0,,,,,places.csv,
p_c4f4d148,Jain Glass Temple,jain glass temple,Kanpur,,Religious & Spiritual Pilgrimages,26.4672925,80.352937,"[""culture"", ""heritage""]",,,60,0,,,,,places.csv,
p_e95238d8,Valmiki Ashram temple,valmiki ashram temple,Kanpur,,Religious & Spiritual Pilgrimages,26.5969791,80.2709045,"[""culture"", ""heritage""]",,,60,0,,,,,places.csv,
p_8e1af00e,PPN market,ppn market,Kanpur,,Shopping & Markets,26.4748119,80.3434167,"[""shopping""]",,,60,0,,,,,places.csv,
p_288a05e7,Moti Mall,moti mall,Kanpur,,Shopping & Markets,26.4812268,80.2999996,"[""shopping""]",,,60,0,,,,,places.csv,
p_65c1573b,sweets at Civil Lines,sweets at civil lines,Kanpur,,Shopping & Markets,26.4750346,80.3532749,"[""shopping""]",,,60,0,,,,,places.csv,
p_990bc4ea,Z-Square mall,z-square mall,Kanpur,,Shopping & Markets,26.4732721,80.352673,"[""shopping""]",,,60,0,,,,,places.csv,
p_08dde5e5,Dal Lake,dal lake,Srinagar,,Natural Landscapes & Wildlife,34.1105857,74.8682569,"[""nature"", ""wildlife""]",,,120,0,,,,,"places.csv,Top Indian Places to Visit.csv",
p_1876da28,Shankaracharya Temple,shankaracharya temple,Srinagar,,	Religious & Spiritual Pilgrimages,34.0789218,74.8437241,"[""culture"", ""heritage""]",,,60,0,,,,,places.csv,
p_27c9fd3e,Shopping at Lal Chowk,shopping at lal chowk,Srinagar,,Shopping & Markets,34.0713272,74.8106242,"[""shopping""]",,,60,0,,,,,places.csv,
p_92a92785,Shopping at Badshah Chowk,shopping at badshah chowk,Srinagar,,Shopping & Markets,34.0725231,74.8090733,"[""shopping""]",,,60,0,,,,,places.csv,
p_d6289cac,Indira Gandhi Memorial Tulip Garden,indira gandhi memorial tulip garden,Srinagar,,Natural Landscapes & Wildlife,34.0960382,74.8784422,"[""nature"", ""wildlife""]",,,60,0,,,,,places.csv,
p_ac11f143,Manasabal Lake,manasabal lake,Srinagar,,Natural Landscapes & Wildlife,34.2471776,74.6707823,"[""nature"", ""wildlife""]",,,60,0,,,,,places.csv,
p_6072c517,Hazratbal Mosque,hazratbal mosque,Srinagar,,	Religious & Spiritual Pilgrimages,34.1289329,74.8424909,"[""culture"", ""heritage""]",,,60,0,,,,,places.csv,
p_ac47fae1,"Rafting , Gondola ride at Sonmarg","rafting , gondola ride at sonmarg",Srinagar,,Adventure & Outdoor Activities,34.3031616,75.293111,"[""adventure"", ""nature"", ""outdoor""]",,,60,0,,,,,places.csv,
p_be5177a0,Skiing in Gulmarg,skiing in gulmarg,Srinagar,,Adventure & Outdoor Activities,34.0483704,74.3804791,"[""adventure"", ""nature"", ""outdoor""]",,,60,370,,,,,places.csv,
p_87ac37d6,Chashme Shahi Garden,chashme shahi garden,Srinagar,,Natural Landscapes & Wildlife,34.0860292,74.8877689,"[""nature"", ""wildlife""]",,,60,0,,,,,places.csv,
p_a1ae7a20,Shalimar Bagh,shalimar bagh,Srinagar,,Natural Landscapes & Wildlife,34.1495248,74.8729246,"[""nature"", ""wildlife""]",,,60,0,,,,,places.csv,
p_c5c4d3b5,Dachigam National Park,dachigam national park,Srinagar,,Natural Landscapes & Wildlife,34.1371836,75.03775,"[""nature"", ""wildlife""]",,,60,250,,,,,places.csv,
p_c4603930,Betaab Valley ,betaab valley,Srinagar,,Natural Landscapes & Wildlife,34.0540604,75.3638888,"[""nature"", ""wildlife""]",,,60,0,,,,,places.csv,
p_ea896bd3,Aru Valley  For daring expeditions ,aru valley  for daring expeditions,Srinagar,,Adventure & Outdoor Activities,34.0921618,75.2632189,"[""adventure"", ""nature"", ""outdoor""]",,,60,0,,,,,places.csv,
p_a700cf74,Sinthan top,sinthan top,Srinagar,,Natural Landscapes & Wildlife,33.5811029,75.5102349,"[""nature"", ""wildlife""]",,,60,0,,,,,places.csv,
p_6fd8e761,Pari mahal,pari mahal,Srinagar,,Natural Landscapes & Wildlife,34.0811939,74.877152,"[""nature"", ""wildlife""]",,,60,40,,,,,places.csv,
p_878b9b0e,Doodh Pathri,doodh pathri,Srinagar,,Natural Landscapes & Wildlife,33.8508928,74.5630486,"[""nature"", ""wildlife""]",,,60,0,,,,,places.csv,
p_5791138d, Jamia Masjid Mosque ,jamia masjid mosque,Srinagar,,Religious & Spiritual Pilgrimages,53.3574109,-1.4819864,"[""culture"", ""heritage""]",,,60,0,,,,,places.csv,
p_5ddce129,Chandanwari,chandanwari,Srinagar,,	Adventure & Outdoor Activities,34.0144741,75.3186241,"[""adventure"", ""nature"", ""outdoor""]",,,60,0,,,,,places.csv,
p_0f3a9388,Vaishno Devi,vaishno devi,Jammu,,Religious & Spiritual Pilgrimages,33.0308295,74.9490416,"[""culture"", ""heritage""]",,,300,0,,,,,"places.csv,Top Indian Places to Visit.csv",
p_68cc434c,Pangong Tso,pangong tso,Leh,,Natural Landscapes & Wildlife,33.7595131,78.6674404,"[""nature"", ""wildlife""]",,,120,20,,,,,"places.csv,Top Indian Places to Visit.csv",
p_43b799d7,Hemis National Park,hemis national park,Leh,,Natural Landscapes & Wildlife,33.7187211,77.3882224,"[""nature"", ""wildlife""]",,,60,0,,,,,places.csv,
p_f766af01,Hunder  Try Bactrian Camel Safari,hunder  try bactrian camel safari,Leh,,Adventure & Outdoor Activities,34.5752836,77.4988753,"[""adventure"", ""nature"", ""outdoor""]",,,60,0,,,,,places.csv,
p_3590cfef,Khardungla Pass  Visit Highest Cafeteria In The World,khardungla pass  visit highest cafeteria in the world,Leh,,Adventure & Outdoor Activities,34.2787271,77.6046756,"[""adventure"", ""nature"", ""outdoor""]",,,60,0,,,,,places.csv,
p_c1c16eb8,Zanskar Valley Tour,zanskar valley tour,Leh,,Natural Landscapes & Wildlife,33.562562,76.987755,"[""nature"", ""wildlife""]",,,60,0,,,,,places.csv,
p_55106882,Spituk Gompa Trek,spituk gompa trek,Leh,,Religious & Spiritual Pilgrimages,34.1260631,77.5258614,"[""culture"", ""heritage""]",,,60,0,,,,,places.csv,
p_2b6ea381,Lamayuru  For Stargazing,lamayuru  for stargazing,Leh,,Sightseeing & Exploration,34.1525864,77.5770535,"[""sightseeing""]",,,60,0,,,,,places.csv,
p_9255be44,Chadar Trek ,chadar trek,Leh,,Adventure & Outdoor Activities,34.1448306,77.5643291,"[""adventure"", ""nature"", ""outdoor""]",,,60,0,,,,,places.csv,
p_bfaec9ff,Drang Drung Glacier ,drang drung glacier,Leh,,Natural Landscapes & Wildlife,34.1525864,77.5770535,"[""nature"", ""wildlife""]",,,60,0,,,,,places.csv,
p_94f9a9ab,Main Bazaar ,main bazaar,Leh,,Shopping & Markets,34.163644,77.5855065,"[""shopping""]",,,60,0,,,,,places.csv,
p_04ac09d6,Shanti Stupa,shanti stupa,Leh,,	Religious & Spiritual Pilgrimages,34.1736196,77.5749988,"[""culture"", ""heritage""]",,,60,0,,,,,places.csv,
p_f16d6566,Main Bazaar ,main bazaar,Leh,,Shopping & Markets,34.163644,77.5855065,"[""shopping""]",,,60,0,,,,,places.csv,
p_dc5fb619,Zorawar Fort,zorawar fort,Leh,,Cultural & Heritage Sites,34.1581389,77.5698889,"[""culture"", ""heritage""]",,,60,225,,,,,places.csv,
p_dcd1145f,Changthang Wildlife Sanctuary,changthang wildlife sanctuary,Leh,,Natural Landscapes & Wildlife,34.1525864,77.5770535,"[""nature"", ""wildlife""]",,,60,20,,,,,places.csv,
p_6b363b88,Hall Of Fame,hall of fame,Leh,,"Arts, Science & Literature Attractions",34.09,77.35,"[""sightseeing""]",,,60,0,,,,,places.csv,
p_b32bd09c,Stok Palace Museum,stok palace museum,Leh,,"Arts, Science & Literature Attractions",34.0730019,77.5486221,"[""sightseeing""]",,,60,50,,,,,places.csv,
p_2663223e,Nubra Valley,nubra valley,Leh,,Natural Landscapes & Wildlife,34.6863146,77.567288,"[""nature"", ""wildlife""]",,,60,0,,,,,places.csv,
p_c9794aa4,Tso Moriri lake,tso moriri lake,Leh,,Natural Landscapes & Wildlife,32.9112291,78.3159411,"[""nature"", ""wildlife""]",,,60,0,,,,,places.csv,
p_ce5fa247,Magnetic hill,magnetic hill,Leh,,Natural Landscapes & Wildlife,46.134658,-64.888516,"[""nature"", ""wildlife""]",,,30,0,,,,,"places.csv,Top Indian Places to Visit.csv",
p_794535e9,Chemrey Monastery,chemrey monastery,Leh,,Religious & Spiritual Pilgrimages,33.9590905,77.7890953,"[""culture"", ""heritage""]",,,60,0,,,,,places.csv,
p_816d19de,Namgyal Tsemo Monastery,namgyal tsemo monastery,Leh,,Religious & Spiritual Pilgrimages,34.1672727,77.590485,"[""culture"", ""heritage""]",,,60,0,,,,,places.csv,
p_53d7abda,Thiksey Monastery,thiksey monastery,Leh,,Religious & Spiritual Pilgrimages,34.0559137,77.6677625,"[""culture"", ""heritage""]",,,60,20,,,,,places.csv,
p_1943dd60,Drass Valley,drass valley,Kargil,,Natural Landscapes & Wildlife,34.4100265,75.6602598,"[""nature"", ""wildlife""]",,,60,0,,,,,places.csv,
p_236ceb54,Kargil War Memorial,kargil war memorial,Kargil,,Cultural & Heritage Sites,34.4340036,75.8076814,"[""culture"", ""heritage""]",,,60,0,,,,,"places.csv,Top Indian Places to Visit.csv",
p_143cf88f,Yarab Tso,yarab tso,Diskit,,Natural Landscapes & Wildlife,34.1514265,77.572562,"[""nature"", ""wildlife""]",,,60,0,,,,,places.csv,
p_4563406a,Panamik village,panamik village,Diskit,,Sightseeing & Exploration,34.7983858,77.5246795,"[""sightseeing""]",,,60,0,,,,,places.csv,
p_7eac2637,Samstanling Monastery,samstanling monastery,Diskit,,Religious & Spiritual Pilgrimages,34.36,77.42,"[""culture"", ""heritage""]",,,60,0,,,,,places.csv,
p_f7a4fc93,Diskit Monastery,diskit monastery,Diskit,,Religious & Spiritual Pilgrimages,34.5409579,77.5606881,"[""culture"", ""heritage""]",,,60,20,,,,,"places.csv,Top Indian Places to Visit.csv",
p_f4cf2bdf,Tiger Hill,tiger hill,Darjeeling,,Natural Landscapes & Wildlife,26.9966667,88.2944444,"[""nature"", ""wildlife""]",,,60,0,,,,,"places.csv,Top Indian Places to Visit.csv",
p_df89e511,Darjeeling Toy Train,darjeeling toy train,Darjeeling,,"Adventure & Outdoor Activities,Sightseeing & Exploration",27.0410218,88.2662745,"[""adventure"", ""nature"", ""outdoor""]",,,60,360,,,,,places.csv,
p_2ac6f032,Darjeeling Ropeway ,darjeeling ropeway,Darjeeling,,"Adventure & Outdoor Activities,Sightseeing & Exploration",27.0614867,88.2537138,"[""adventure"", ""nature"", ""outdoor""]",,,60,175,,,,,places.csv,
p_7e013d78,Chowk Bazaar,chowk bazaar,Darjeeling,,Shopping & Markets,23.2587841,77.4016401,"[""shopping""]",,,60,0,,,,,places.csv,
p_adb00cd1,"Himalayan Mountaineering Institute(Museum, Library, Souvenir shop)","himalayan mountaineering institute(museum, library, souvenir shop)",Darjeeling,,"Arts, Science & Literature Attractions",27.330132,88.15141804,"[""sightseeing""]",,,60,1650,,,,,places.csv,
p_22f8cb14,Darjeeling Rock garden,darjeeling rock garden,Darjeeling,,Natural Landscapes & Wildlife,27.0262862,88.236347,"[""nature"", ""wildlife""]",,,60,10,,,,,places.csv,
p_0f9632d3,"Singalila National Park(camping, bird watching)","singalila national park(camping, bird watching)",Darjeeling,,Natural Landscapes & Wildlife,27.0371351,88.0762233,"[""nature"", ""wildlife""]",,,60,0,,,,,places.csv,
p_335e2470,Kanchenjunga peak,kanchenjunga peak,Darjeeling,,Natural Landscapes & Wildlife,27.7024914,88.147535,"[""nature"", ""wildlife""]",,,60,20,,,,,places.csv,
p_c300b373,Sandakphu trek,sandakphu trek,Darjeeling,,	Adventure & Outdoor Activities,26.9930536,88.1203558,"[""adventure"", ""nature"", ""outdoor""]",,,60,500,,,,,places.csv,
p_dd57f44c,Teesta river(rafting),teesta river(rafting),Darjeeling,,"Adventure & Outdoor Activities, Natural Landscapes & Wildlife",26.57695557,89.01279803,"[""adventure"", ""nature"", ""outdoor""]",,,60,500,,,,,places.csv,
p_15b50cd0,Happy valley tea estate,happy valley tea estate,Darjeeling,,Sightseeing & Exploration,27.051391,88.258613,"[""sightseeing""]",,,60,100,,,,,places.csv,
p_2b7d5894,Lamhatta Eco Park,lamhatta eco park,Darjeeling,,Natural Landscapes & Wildlife,27.0548913,88.3526049,"[""nature"", ""wildlife""]",,,60,0,,,,,places.csv,
p_2a8a6414,Lepchajagat village,lepchajagat village,Darjeeling,,Sightseeing & Exploration,27.0127838,88.1992421,"[""sightseeing""]",,,60,0,,,,,places.csv,
p_386414f8,Mahakal temple,mahakal temple,Darjeeling,,Religious & Spiritual Pilgrimages,23.182905,75.768291,"[""culture"", ""heritage""]",,,60,0,,,,,places.csv,
p_edfc6eb6,Everest museum,everest museum,Darjeeling,,"Arts, Science & Literature Attractions",27.9881206,86.9249751,"[""sightseeing""]",,,60,0,,,,,places.csv,
p_ab244204,Ring Mall,ring mall,Darjeeling,,Shopping & Markets,27.0397,88.2648,"[""shopping""]",,,60,0,,,,,places.csv,
p_9ac26e66,Padmaja Naidu zoological park,padmaja naidu zoological park,Darjeeling,,Natural Landscapes & Wildlife,27.0586099,88.254405,"[""nature"", ""wildlife""]",,,60,110,,,,,places.csv,
p_56f393de,Nightingale park,nightingale park,Darjeeling,,Sightseeing & Exploration,27.0537,88.2601,"[""sightseeing""]",,,60,20,,,,,places.csv,
p_f8d33828,Dali Monastery,dali monastery,Darjeeling,,Religious & Spiritual Pilgrimages,27.0237303,88.2547445,"[""culture"", ""heritage""]",,,60,0,,,,,places.csv,
p_07030e01,Ghoom monastery market,ghoom monastery market,Darjeeling,,Shopping & Markets,27.0008384,88.2436844,"[""shopping""]",,,60,0,,,,,places.csv,
p_b2380f5b,Teesta bazaar,teesta bazaar,Darjeeling,,Shopping & Markets,27.0662177,88.4246364,"[""shopping""]",,,60,0,,,,,places.csv,
p_2a5ff4dc,Mall road,mall road,Darjeeling,,Shopping & Markets,27.2,88.15,"[""shopping""]",,,60,0,,,,,places.csv,
p_6249c91b,Jaldapara National Park,jaldapara national park,Siliguri,,Natural Landscapes & Wildlife,26.6905136,89.2805351,"[""nature"", ""wildlife""]",,,180,250,,,,,"places.csv,Top Indian Places to Visit.csv",
p_a601b0cc,Salugara monastery,salugara monastery,Siliguri,,Religious & Spiritual Pilgrimages,26.7670442,88.4452226,"[""culture"", ""heritage""]",,,60,0,,,,,places.csv,
p_8d0eaad6,ISKON temple,iskon temple,Siliguri,,Religious & Spiritual Pilgrimages,26.729,88.4433,"[""culture"", ""heritage""]",,,60,0,,,,,places.csv,
p_3061f008,Mahananda Wildlife Sanctuary,mahananda wildlife sanctuary,Siliguri,,Natural Landscapes & Wildlife,26.7961932,88.3630076,"[""nature"", ""wildlife""]",,,60,500,,,,,places.csv,
p_483fd6b4,Hong Kong market,hong kong market,Siliguri,,Shopping & Markets,22.3193039,114.1693611,"[""shopping""]",,,60,0,,,,,places.csv,
p_7fe9e4b9,North Bengal Science centre,north bengal science centre,Siliguri,,"Arts, Science & Literature Attractions",26.7230488,88.3868987,"[""sightseeing""]",,,60,50,,,,,places.csv,
p_1d4fbca4,Sepoy Dhura Tea garden,sepoy dhura tea garden,Siliguri,,Sightseeing & Exploration,26.8372379,88.3457906,"[""sightseeing""]",,,60,25,,,,,places.csv,
p_247d1d23,Sundarbans National Park,sundarbans national park,Sundarbans,,Natural Landscapes & Wildlife,21.8842354,88.8853765,"[""nature"", ""wildlife""]",,,240,60,,,,,"places.csv,Top Indian Places to Visit.csv",
p_28e9ff98,Burirdabri Forest camp,burirdabri forest camp,Sundarbans,,Adventure & Outdoor Activities,22.077495,89.0293676,"[""adventure"", ""nature"", ""outdoor""]",,,60,600,,,,,places.csv,
p_4570c6bf,Sajnekhali Wildlife Sanctuary,sajnekhali wildlife sanctuary,Sundarbans,,Natural Landscapes & Wildlife,22.1237762,88.8313005,"[""nature"", ""wildlife""]",,,60,550,,,,,places.csv,
p_74ea6745,Kotka beach,kotka beach,Sundarbans,,Natural Landscapes & Wildlife,21.8449338,89.7960898,"[""nature"", ""wildlife""]",,,60,0,,,,,places.csv,
p_3143f48e,Hiron point,hiron point,Sundarbans,,Natural Landscapes & Wildlife,21.8162132,89.4626047,"[""nature"", ""wildlife""]",,,60,0,,,,,places.csv,
p_efcb84e9,Dublar Char island,dublar char island,Sundarbans,,Natural Landscapes & Wildlife,21.7728061,89.5591963,"[""nature"", ""wildlife""]",,,60,0,,,,,places.csv,
p_17080d5d,Bhagatpur crocodile project,bhagatpur crocodile project,Sundarbans,,Natural Landscapes & Wildlife,21.46,88.18,"[""nature"", ""wildlife""]",,,60,50,,,,,places.csv,
p_34e21148,Katra Masjid,katra masjid,Murshidabad,,Cultural & Heritage Sites,24.184853,88.288056,"[""culture"", ""heritage""]",,,60,0,,,,,places.csv,
p_e21f9933,Hazarduari Palace,hazarduari palace,Murshidabad,,Cultural & Heritage Sites,24.1863376,88.2876731,"[""culture"", ""heritage""]",,,90,10,,,,,"places.csv,Top Indian Places to Visit.csv",
p_74ad4f3d,Jahan Kosha cannon,jahan kosha cannon,Murshidabad,,Cultural & Heritage Sites,24.1782162,88.2687913,"[""culture"", ""heritage""]",,,60,0,,,,,places.csv,
p_8d72ed3e,Murshidabad District museum,murshidabad district museum,Murshidabad,,Cultural & Heritage Sites,24.1759039,88.2933334,"[""culture"", ""heritage""]",,,60,0,,,,,places.csv,
p_35397b37,Jagannath Temple,jagannath temple,Puri,,	Religious & Spiritual Pilgrimages,19.8049379,88.2801785,"[""culture"", ""heritage""]",,,120,0,,,,,"places.csv,Top Indian Places to Visit.csv",
p_49c016d0,Puri beach,puri beach,Puri,,Natural Landscapes & Wildlife,19.794749,85.8179386,"[""nature"", ""wildlife""]",,,60,0,,,,,places.csv,
p_588cfe2d,Raghurajpur Artist village,raghurajpur artist village,Puri,,"Arts, Science & Literature Attractions",19.8855117,85.8252882,"[""sightseeing""]",,,60,0,,,,,places.csv,
p_7d647cb3,Chilika lake,chilika lake,Puri,,Natural Landscapes & Wildlife,19.8449627,85.8257455,"[""nature"", ""wildlife""]",,,60,0,,,,,places.csv,
p_35286c9a,Konark Sun Temple,konark sun temple,Konark,,Religious & Spiritual Pilgrimages,19.8875953,85.4788065,"[""culture"", ""heritage""]",,,60,40,,,,,places.csv,
p_26a7635c,Chandrabhaga beach,chandrabhaga beach,Konark,,"Natural Landscapes & Wildlife, Sightseeing & Exploration",19.8920686,86.0945364,"[""nature"", ""wildlife""]",,,60,0,,,,,places.csv,
p_cc2c0c51,Lingaraj Temple,lingaraj temple,Konark,,"Cultural & Heritage Sites, Religious & Spiritual Pilgrimages",20.2384519,86.091184,"[""culture"", ""heritage""]",,,60,0,,,,,places.csv,
p_ddda108f,ASI Museum,asi museum,Konark,,"Arts, Science & Literature Attractions",19.8920686,85.8337767,"[""sightseeing""]",,,60,850,,,,,places.csv,
p_d7851255,Ramchandi beach and water sports,ramchandi beach and water sports,Konark,,"	Natural Landscapes & Wildlife, Adventure & Outdoor Activities",19.8920686,86.091184,"[""adventure"", ""nature"", ""outdoor""]",,,60,0,,,,,places.csv,
p_1f66cfb1,Jagannath Temple,jagannath temple,Rourkela,,Religious & Spiritual Pilgrimages,22.2478283,86.091184,"[""culture"", ""heritage""]",,,60,0,,,,,places.csv,
p_e997f3fb,Indira Gandhi Park,indira gandhi park,Rourkela,,Sightseeing & Exploration,22.2402062,84.8777569,"[""sightseeing""]",,,60,0,,,,,places.csv,
p_48cf32af,Pitamahal dam,pitamahal dam,Rourkela,,Natural Landscapes & Wildlife,22.2273546,84.8747082,"[""nature"", ""wildlife""]",,,60,0,,,,,places.csv,
p_6efcd6b8,VIP market,vip market,Rourkela,,Shopping & Markets,22.2477991,84.7472931,"[""shopping""]",,,60,0,,,,,places.csv,
p_a6f25fd7,Hanuman Vatika garden,hanuman vatika garden,Rourkela,,Sightseeing & Exploration,22.2217242,84.867526,"[""sightseeing""]",,,60,0,,,,,places.csv,
p_ca5bfa89,Khandadhar Waterfall,khandadhar waterfall,Rourkela,,"	Natural Landscapes & Wildlife, Adventure & Outdoor Activities",22.260423,84.8315341,"[""adventure"", ""nature"", ""outdoor""]",,,90,0,,,,,"places.csv,Top Indian Places to Visit.csv",
p_ed5bf6c3,Odisha State Maritime museum,odisha state maritime museum,Cuttack,,"Arts, Science & Literature Attractions",20.4789263,84.8535844,"[""sightseeing""]",,,60,0,,,,,places.csv,
p_1e41812a,Bhitarkanika Wildlife Sanctuary,bhitarkanika wildlife sanctuary,Cuttack,,Natural Landscapes & Wildlife,20.462521,85.8961823,"[""nature"", ""wildlife""]",,,60,20,,,,,places.csv,
p_c0c5606a,State Botanical garden,state botanical garden,Cuttack,,Natural Landscapes & Wildlife,20.462521,85.8829895,"[""nature"", ""wildlife""]",,,60,50,,,,,places.csv,
p_94983c1c,Deer Park,deer park,Cuttack,,Natural Landscapes & Wildlife,20.4883078,85.8829895,"[""nature"", ""wildlife""]",,,60,25,,,,,places.csv,
p_ea9b6edf,Netaji museum,netaji museum,Cuttack,,"Arts, Science & Literature Attractions",20.4700673,85.8619087,"[""sightseeing""]",,,60,0,,,,,places.csv,
p_8067b962,Dhabaleshwar Island,dhabaleshwar island,Cuttack,,Sightseeing & Exploration,20.462521,85.8668001,"[""sightseeing""]",,,60,0,,,,,places.csv,
p_0bf36d9f,Barabati Fort,barabati fort,Cuttack,,Cultural & Heritage Sites,20.4845311,85.8829895,"[""culture"", ""heritage""]",,,60,0,,,,,"places.csv,Top Indian Places to Visit.csv",
p_45d146df,Hirakud Dam,hirakud dam,Sambalpur,,Natural Landscapes & Wildlife,21.5305898,85.8651767,"[""nature"", ""wildlife""]",,,60,0,,,,,"places.csv,Top Indian Places to Visit.csv",
p_d00658fa,Debrigarh Wildlife Sanctuary,debrigarh wildlife sanctuary,Sambalpur,,Natural Landscapes & Wildlife,21.4668716,83.8704949,"[""nature"", ""wildlife""]",,,60,40,,,,,places.csv,
p_c9a61f04,Ghanteswari temple,ghanteswari temple,Sambalpur,,	Religious & Spiritual Pilgrimages,21.3546732,83.9811665,"[""culture"", ""heritage""]",,,60,0,,,,,places.csv,
p_d73080e5,Gudguda waterfall,gudguda waterfall,Sambalpur,,"Natural Landscapes & Wildlife, Adventure & Outdoor Activities",21.4668716,83.9192152,"[""adventure"", ""nature"", ""outdoor""]",,,60,0,,,,,places.csv,
p_4b54eeb7,Khasada waterfall,khasada waterfall,Berhampur,,"Natural Landscapes & Wildlife, Adventure & Outdoor Activities",19.2558881,83.9811665,"[""adventure"", ""nature"", ""outdoor""]",,,60,0,,,,,places.csv,
p_ef0697a2,Aryapalli beach,aryapalli beach,Berhampur,,Natural Landscapes & Wildlife,19.3149618,84.2332104,"[""nature"", ""wildlife""]",,,60,0,,,,,places.csv,
p_5331f550,Bada bazaar,bada bazaar,Berhampur,,Shopping & Markets,19.3149618,84.7940911,"[""shopping""]",,,60,0,,,,,places.csv,
p_d37aef37,Sana bazaar,sana bazaar,Berhampur,,Shopping & Markets,19.3156111,84.7940911,"[""shopping""]",,,60,0,,,,,places.csv,
p_7ea4080b,Gopalpur Beach,gopalpur beach,Berhampur,,Natural Landscapes & Wildlife,19.3149618,84.780999,"[""nature"", ""wildlife""]",,,60,0,,,,,places.csv,
p_d12557f3,Tara Tarini Temple,tara tarini temple,Berhampur,,Religious & Spiritual Pilgrimages,19.3149618,84.7940911,"[""culture"", ""heritage""]",,,60,0,,,,,"places.csv,Top Indian Places to Visit.csv",
p_4ee3c818,Hadargarh reservoir,hadargarh reservoir,Keonjhar,,Natural Landscapes & Wildlife,21.628933,84.7940911,"[""nature"", ""wildlife""]",,,60,10,,,,,places.csv,
p_28a316cb,Gundichaghagi waterfall,gundichaghagi waterfall,Keonjhar,,"Natural Landscapes & Wildlife, Adventure & Outdoor Activities",21.3482992,85.5816847,"[""adventure"", ""nature"", ""outdoor""]",,,60,0,,,,,places.csv,
p_c688fed2,Sitabinji Fresco painting and rock inscription,sitabinji fresco painting and rock inscription,Keonjhar,,Cultural & Heritage Sites,21.5024021,85.8221225,"[""culture"", ""heritage""]",,,60,0,,,,,places.csv,
p_7f543ca8,Sanaghagara Waterfall,sanaghagara waterfall,Keonjhar,,"Natural Landscapes & Wildlife, Adventure & Outdoor Activities",21.632772,85.7692277,"[""adventure"", ""nature"", ""outdoor""]",,,60,0,,,,,places.csv,
p_fa5e6a8a,Kshirachora Gopinatha Temple,kshirachora gopinatha temple,Balasore,,Religious & Spiritual Pilgrimages,21.5378777,85.5569556,"[""culture"", ""heritage""]",,,60,0,,,,,places.csv,
p_24aeda1c,Balaramgadi beach,balaramgadi beach,Balasore,,"Natural Landscapes & Wildlife,Adventure & Outdoor Activities,  Sightseeing & Exploration",21.4727,86.8798117,"[""adventure"", ""nature"", ""outdoor""]",,,60,0,,,,,places.csv,
p_22e1604d,Kuldiha Wildlife sanctuary,kuldiha wildlife sanctuary,Balasore,,Natural Landscapes & Wildlife,21.4092041,86.18,"[""nature"", ""wildlife""]",,,60,40,,,,,places.csv,
p_5846b460,Chandipur Beach,chandipur beach,Balasore,,"Natural Landscapes & Wildlife, Adventure & Outdoor Activities",21.4518786,86.7301665,"[""adventure"", ""nature"", ""outdoor""]",,,90,0,,,,,"places.csv,Top Indian Places to Visit.csv",
p_3d5bb1bc,Marina Beach,marina beach,Chennai,,"Natural Landscapes & Wildlife, Adventure & Outdoor Activities",13.0499526,87.0406081,"[""adventure"", ""nature"", ""outdoor""]",,,90,0,,,,,"places.csv,Top Indian Places to Visit.csv",
p_cf9fbc7d,Mahabalipuram,mahabalipuram,Chennai,,Cultural & Heritage Sites,12.6207821,80.2824026,"[""culture"", ""heritage""]",,,60,0,,,,,places.csv,
p_e5f64d95,Water activities at Muttukadu,water activities at muttukadu,Chennai,,Adventure & Outdoor Activities,12.8270232,80.1944915,"[""adventure"", ""nature"", ""outdoor""]",,,60,130,,,,,places.csv,
p_68fad201,Queensland amusement park,queensland amusement park,Chennai,,"Adventure & Outdoor Activities, Sightseeing & Exploration",13.0300355,80.240321,"[""adventure"", ""nature"", ""outdoor""]",,,60,550,,,,,places.csv,
p_d87f6337,Pondy bazaar,pondy bazaar,Chennai,,Shopping & Markets,13.0398891,80.0276134,"[""shopping""]",,,60,0,,,,,places.csv,
p_b54d8734,Birla Planetarium,birla planetarium,Chennai,,"Arts, Science & Literature Attractions",22.5455141,80.2368745,"[""sightseeing""]",,,60,45,,,,,places.csv,
p_cc3fc4b6,National Art gallery,national art gallery,Chennai,,"Arts, Science & Literature Attractions",13.0696912,88.3473163,"[""sightseeing""]",,,60,15,,,,,places.csv,
p_dc164bb3,Ubbalamadugu falls,ubbalamadugu falls,Chennai,,Natural Landscapes & Wildlife,13.6041974,80.2561119,"[""nature"", ""wildlife""]",,,60,0,,,,,places.csv,
p_7671f108,Pulicat lake,pulicat lake,Chennai,,Natural Landscapes & Wildlife,13.0826802,79.84384101,"[""nature"", ""wildlife""]",,,60,0,,,,,places.csv,
p_ee89ae91,Barracuda bay(fishing),barracuda bay(fishing),Chennai,,"Adventure & Outdoor Activities, Natural Landscapes & Wildlife",13.0826802,80.2707184,"[""adventure"", ""nature"", ""outdoor""]",,,60,0,,,,,places.csv,
p_3c9ae343,Scuba diving at Covelong beach,scuba diving at covelong beach,Chennai,,Adventure & Outdoor Activities,12.7870019,80.2707184,"[""adventure"", ""nature"", ""outdoor""]",,,60,6000,,,,,places.csv,
p_764622b1,Adventure sports at Covelong beach,adventure sports at covelong beach,Chennai,,Adventure & Outdoor Activities,12.7870019,80.2504447,"[""adventure"", ""nature"", ""outdoor""]",,,60,2000,,,,,places.csv,
p_35b4804c,Arignar Anna Zoological park,arignar anna zoological park,Chennai,,Natural Landscapes & Wildlife,12.8797685,80.2504447,"[""nature"", ""wildlife""]",,,60,50,,,,,places.csv,
p_4dbcc6fd,Dakshinachitra museum,dakshinachitra museum,Chennai,,Cultural & Heritage Sites,13.0038421,80.0808294,"[""culture"", ""heritage""]",,,60,110,,,,,places.csv,
p_7d84ce72,MGR Film city,mgr film city,Chennai,,"	Arts, Science & Literature Attractions",12.991932,80.2704729,"[""sightseeing""]",,,60,600,,,,,places.csv,
p_98de57cb,Thiruparankundram temple,thiruparankundram temple,Madurai,,Religious & Spiritual Pilgrimages,13.0826802,80.2474329,"[""culture"", ""heritage""]",,,60,27,,,,,places.csv,
p_115a3f83,Meghamalai,meghamalai,Madurai,,"Natural Landscapes & Wildlife, Sightseeing & Exploration",9.8821748,80.2707184,"[""nature"", ""wildlife""]",,,60,0,,,,,places.csv,
p_548b8df5,Alagar Kovil temple,alagar kovil temple,Madurai,,Religious & Spiritual Pilgrimages,9.9395002,78.071976,"[""culture"", ""heritage""]",,,60,10,,,,,places.csv,
p_9da2abbe,Vaigai dam,vaigai dam,Madurai,,Sightseeing & Exploration,9.9252007,78.1187073,"[""sightseeing""]",,,60,0,,,,,places.csv,
p_4806ac70,Gandhi memorial museum,gandhi memorial museum,Madurai,,Cultural & Heritage Sites,10.0536633,78.1197754,"[""culture"", ""heritage""]",,,60,0,,,,,places.csv,
p_63afa28a,Banana market,banana market,Madurai,,"Culinary & Food Experiences, Shopping & Markets",9.9297856,77.5897123,"[""shopping""]",,,60,50,,,,,places.csv,
p_6f14cdf5,Jain caves,jain caves,Madurai,,"Cultural & Heritage Sites, Sightseeing & Exploration",9.9211183,78.1381094,"[""culture"", ""heritage""]",,,60,0,,,,,places.csv,
p_0cf65700, Thirumalai Nayak palace,thirumalai nayak palace,Madurai,,Cultural & Heritage Sites,9.8780384,78.1243023,"[""culture"", ""heritage""]",,,60,200,,,,,places.csv,
p_f6ae1b23,St. Mary's cathedral,st. mary's cathedral,Madurai,,Religious & Spiritual Pilgrimages,9.9150904,78.0672102,"[""culture"", ""heritage""]",,,60,10,,,,,places.csv,
p_ba02333b,Shopping at Puthu Mandapam,shopping at puthu mandapam,Madurai,,Shopping & Markets,9.9126199,78.1237483,"[""shopping""]",,,60,0,,,,,places.csv,
p_05335dfd,Meenakshi Amman Temple,meenakshi amman temple,Madurai,,Religious & Spiritual Pilgrimages,9.9201457,78.1253966,"[""culture"", ""heritage""]",,,120,0,,,,,"places.csv,Top Indian Places to Visit.csv",
p_f9a97050,Sea world aquarium,sea world aquarium,Rameswaram,,"Sightseeing & Exploration, Natural Landscapes & Wildlife",9.9195045,78.1212534,"[""nature"", ""wildlife""]",,,60,0,,,,,places.csv,
p_6fb275c7,Rameswaram lighthouse,rameswaram lighthouse,Rameswaram,,Sightseeing & Exploration,9.2875837,78.1193418,"[""sightseeing""]",,,60,0,,,,,places.csv,
p_f6e46a6c,Kalam national memorial,kalam national memorial,Rameswaram,,Cultural & Heritage Sites,9.3175826,79.3129488,"[""culture"", ""heritage""]",,,60,10,,,,,places.csv,
p_8b380f64,Water bird Sanctuary,water bird sanctuary,Rameswaram,,Natural Landscapes & Wildlife,9.2881317,79.3306887,"[""nature"", ""wildlife""]",,,60,0,,,,,places.csv,
p_f9ac0448,Adam's bridge,adam's bridge,Rameswaram,,Cultural & Heritage Sites,9.2875837,79.2709097,"[""culture"", ""heritage""]",,,60,0,,,,,places.csv,
p_7dbbf6b7,Ariyaman beach,ariyaman beach,Rameswaram,,Adventure & Outdoor Activities,9.0864914,79.3129488,"[""adventure"", ""nature"", ""outdoor""]",,,60,0,,,,,places.csv,
p_4ddf0f19,Agni teertham sacred bath,agni teertham sacred bath,Rameswaram,,Religious & Spiritual Pilgrimages,9.2968404,79.5685186,"[""culture"", ""heritage""]",,,60,0,,,,,places.csv,
p_33629a02,Kothandaramaswamy Temple,kothandaramaswamy temple,Rameswaram,,Religious & Spiritual Pilgrimages,9.2886164,79.0680317,"[""culture"", ""heritage""]",,,60,0,,,,,places.csv,
p_2ae46028,Ramanathaswamy Temple,ramanathaswamy temple,Rameswaram,,Religious & Spiritual Pilgrimages,9.2331475,79.3213819,"[""culture"", ""heritage""]",,,60,0,,,,,places.csv,
p_4b80020a,Vivekananda Rock Memorial,vivekananda rock memorial,Kanyakumari,,Cultural & Heritage Sites,9.2881136,79.3480474,"[""culture"", ""heritage""]",,,60,20,,,,,"places.csv,Top Indian Places to Visit.csv",
p_d85e99b0,Thiruvalluvar Statue,thiruvalluvar statue,Kanyakumari,,Cultural & Heritage Sites,8.0778853,79.3173919,"[""culture"", ""heritage""]",,,60,20,,,,,places.csv,
p_f52a515f,Padmanabhapuram palace,padmanabhapuram palace,Kanyakumari,,Cultural & Heritage Sites,8.0778074,77.5558698,"[""culture"", ""heritage""]",,,60,10,,,,,places.csv,
p_38794056,Triveni Sangam,triveni sangam,Kanyakumari,,Cultural & Heritage Sites,8.2507431,77.5540357,"[""culture"", ""heritage""]",,,60,0,,,,,places.csv,
p_54d2f69f,Sannathi Street shopping,sannathi street shopping,Kanyakumari,,Shopping & Markets,8.0780746,77.3266987,"[""shopping""]",,,60,0,,,,,places.csv,
p_a94d6de6,Courtallam falls,courtallam falls,Kanyakumari,,Natural Landscapes & Wildlife,8.0809502,77.5508165,"[""nature"", ""wildlife""]",,,60,0,,,,,places.csv,
p_b5496f04,Vattakottai fort,vattakottai fort,Kanyakumari,,Cultural & Heritage Sites,8.9341102,77.5508198,"[""culture"", ""heritage""]",,,60,40,,,,,places.csv,
p_3875f6e2,St.Xavier Church,st.xavier church,Kanyakumari,,Religious & Spiritual Pilgrimages,8.125627,77.277938,"[""culture"", ""heritage""]",,,60,0,,,,,places.csv,
p_7e918427,Kumari Amman temple,kumari amman temple,Kanyakumari,,Religious & Spiritual Pilgrimages,8.1748264,77.564996,"[""culture"", ""heritage""]",,,60,0,,,,,places.csv,
p_87f4fd62,Ooty Lake,ooty lake,Kanyakumari,,"Sightseeing & Exploration, Natural Landscapes & Wildlife",8.0793037,77.4385005,"[""nature"", ""wildlife""]",,,60,0,,,,,places.csv,
p_aadfc8e8,Marudamalai Temple,marudamalai temple,Coimbatore,,Religious & Spiritual Pilgrimages,11.4102038,77.5509774,"[""culture"", ""heritage""]",,,60,0,,,,,"places.csv,Top Indian Places to Visit.csv",
p_84266eb5,Trek to Dhoni hills,trek to dhoni hills,Coimbatore,,Adventure & Outdoor Activities,11.046568,76.6950324,"[""adventure"", ""nature"", ""outdoor""]",,,60,0,,,,,places.csv,
p_97ef79f8,Trek to Perumal peak,trek to perumal peak,Coimbatore,,Adventure & Outdoor Activities,11.0168445,76.8517068,"[""adventure"", ""nature"", ""outdoor""]",,,60,0,,,,,places.csv,
p_fc2df61e,Trek to Thalaiyar falls,trek to thalaiyar falls,Coimbatore,,Adventure & Outdoor Activities,11.0168445,76.9558321,"[""adventure"", ""nature"", ""outdoor""]",,,60,0,,,,,places.csv,
p_b5fa19f5,Black Thunder amusement park,black thunder amusement park,Coimbatore,,Adventure & Outdoor Activities,11.0168445,76.9558321,"[""adventure"", ""nature"", ""outdoor""]",,,60,0,,,,,places.csv,
p_5f8c6860,Brookefields mall,brookefields mall,Coimbatore,,Shopping & Markets,11.3264548,76.9558321,"[""shopping""]",,,60,65,,,,,places.csv,
p_cd1cbc79,Adiyogi Shiva Statue ,adiyogi shiva statue,Coimbatore,,Religious & Spiritual Pilgrimages,11.0092555,76.9127039,"[""culture"", ""heritage""]",,,60,0,,,,,places.csv,
p_a8f200f1,Racing events at Chettipalayam,racing events at chettipalayam,Coimbatore,,Adventure & Outdoor Activities,10.9724897,76.9590555,"[""adventure"", ""nature"", ""outdoor""]",,,60,10,,,,,places.csv,
p_542c2ff7,GeDee Car museum tour,gedee car museum tour,Coimbatore,,"Arts, Science & Literature Attractions, Cultural & Heritage Sites",10.9132206,76.7404437,"[""culture"", ""heritage""]",,,60,0,,,,,places.csv,
p_9c5b8c9e,Textile museum tour ,textile museum tour,Coimbatore,,"Arts, Science & Literature Attractions",11.0066289,77.036902,"[""sightseeing""]",,,60,0,,,,,places.csv,
p_667d36e4,Anamalai Wildlife Sanctuary,anamalai wildlife sanctuary,Coimbatore,,Natural Landscapes & Wildlife,11.0347344,76.9779209,"[""nature"", ""wildlife""]",,,60,0,,,,,places.csv,
p_d90e4298,Valankulam lake,valankulam lake,Coimbatore,,Sightseeing & Exploration,10.4059862,77.0324697,"[""sightseeing""]",,,60,0,,,,,places.csv,
p_875d9ca6,Velliangiri hills,velliangiri hills,Coimbatore,,Adventure & Outdoor Activities,10.991694,77.1294933,"[""adventure"", ""nature"", ""outdoor""]",,,60,40,,,,,places.csv,
p_007b9e3b,TNAU Botanical gardens,tnau botanical gardens,Coimbatore,,Sightseeing & Exploration,10.983279,76.972167,"[""sightseeing""]",,,60,60,,,,,places.csv,
p_15e573c2,Nilgiri Biosphere Nature Park ,nilgiri biosphere nature park,Coimbatore,,Natural Landscapes & Wildlife,11.0147932,76.6926714,"[""nature"", ""wildlife""]",,,60,0,,,,,places.csv,
p_f7e45b9d,Maryoor hilly getaway,maryoor hilly getaway,Coimbatore,,Sightseeing & Exploration,11.02638,76.9315362,"[""sightseeing""]",,,60,20,,,,,places.csv,
p_c7a5b5ab,Kodaikanal Lake,kodaikanal lake,Kodaikanal,,Sightseeing & Exploration,11.0168445,77.0032888,"[""sightseeing""]",,,120,0,,,,,"places.csv,Top Indian Places to Visit.csv",
p_74d2ad86,Night Safari,night safari,Kodaikanal,,Adventure & Outdoor Activities,10.2343586,76.9558321,"[""adventure"", ""nature"", ""outdoor""]",,,60,10,,,,,places.csv,
p_c38a29d0,Stroll at Coaker's Walk,stroll at coaker's walk,Kodaikanal,,Sightseeing & Exploration,10.2391086,77.4863295,"[""sightseeing""]",,,60,20,,,,,places.csv,
p_d4ae06b9,Dolphin's Nose,dolphin's nose,Kodaikanal,,"Sightseeing & Exploration, Natural Landscapes & Wildlife",10.2300175,77.4977456,"[""nature"", ""wildlife""]",,,60,20,,,,,places.csv,
p_c49d22c5,Caps valley viewpoint,caps valley viewpoint,Kodaikanal,,"Sightseeing & Exploration, Natural Landscapes & Wildlife",10.2166621,77.4937172,"[""nature"", ""wildlife""]",,,60,50,,,,,places.csv,
p_a2b66195,Bear Shola falls,bear shola falls,Kodaikanal,,"Sightseeing & Exploration, Natural Landscapes & Wildlife",10.1807628,77.4863964,"[""nature"", ""wildlife""]",,,60,10,,,,,places.csv,
p_63035dfd,Bryant park,bryant park,Kodaikanal,,Sightseeing & Exploration,10.2396614,77.4175698,"[""sightseeing""]",,,60,50,,,,,places.csv,
p_e83bd60b,Berijam lake,berijam lake,Kodaikanal,,"Sightseeing & Exploration, Natural Landscapes & Wildlife",10.2310165,77.4785336,"[""nature"", ""wildlife""]",,,60,0,,,,,places.csv,
p_d5579f7b,Guna caves,guna caves,Kodaikanal,,Adventure & Outdoor Activities,10.1841444,77.4918904,"[""adventure"", ""nature"", ""outdoor""]",,,60,0,,,,,places.csv,
p_08ac5bbe,La Saleth Church,la saleth church,Kodaikanal,,Religious & Spiritual Pilgrimages,10.2103444,77.3959592,"[""culture"", ""heritage""]",,,60,0,,,,,places.csv,
p_3bbba38c,Hike to Pillars of Nature,hike to pillars of nature,Kodaikanal,,Adventure & Outdoor Activities,10.2235459,77.4617799,"[""adventure"", ""nature"", ""outdoor""]",,,60,650,,,,,places.csv,
p_a4794e1a,Brihadeeswarar Temple,brihadeeswarar temple,Thanjavur,,Religious & Spiritual Pilgrimages,10.2391086,77.4854759,"[""culture"", ""heritage""]",,,90,0,,,,,"places.csv,Top Indian Places to Visit.csv",
p_f1711836,Gangaikonda Cholapuram,gangaikonda cholapuram,Thanjavur,,Cultural & Heritage Sites,10.7826954,77.4977456,"[""culture"", ""heritage""]",,,60,0,,,,,places.csv,
p_9d7bbf00,Shiva Ganga Garden ,shiva ganga garden,Thanjavur,,Sightseeing & Exploration,11.2075881,79.1314587,"[""sightseeing""]",,,60,0,,,,,places.csv,
p_a6305ea1,Vijaynagar fort,vijaynagar fort,Thanjavur,,Cultural & Heritage Sites,10.1841413,79.4513858,"[""culture"", ""heritage""]",,,60,500,,,,,places.csv,
p_6131810c,Thanjavur Royal Palace and Art Gallery,thanjavur royal palace and art gallery,Thanjavur,,Cultural & Heritage Sites,10.7929397,79.1961043,"[""culture"", ""heritage""]",,,60,0,,,,,places.csv,
p_01d2b0ef,Shore Temple,shore temple,Mahabalipuram,,Religious & Spiritual Pilgrimages,12.6164515,79.1376311,"[""culture"", ""heritage""]",,,60,40,,,,,"places.csv,Top Indian Places to Visit.csv",
p_68ecb486,Pancha Ratha,pancha ratha,Mahabalipuram,,Cultural & Heritage Sites,12.608893,80.189613,"[""culture"", ""heritage""]",,,60,0,,,,,places.csv,
p_f3c7ec89,Krishna's Chunk,krishna's chunk,Mahabalipuram,,Sightseeing & Exploration,11.1271225,78.6568942,"[""sightseeing""]",,,60,10,,,,,places.csv,
p_23cc41e5,Arjuna's Penance,arjuna's penance,Mahabalipuram,,Sightseeing & Exploration,12.6179495,80.1927029,"[""sightseeing""]",,,60,0,,,,,places.csv,
p_b0406ea5,India Seashell Museum,india seashell museum,Mahabalipuram,,Cultural & Heritage Sites,12.6094039,80.1876212,"[""culture"", ""heritage""]",,,60,20,,,,,places.csv,
p_07639674,Crocodile farm,crocodile farm,Mahabalipuram,,Sightseeing & Exploration,11.1271225,78.6568942,"[""sightseeing""]",,,60,0,,,,,places.csv,
p_1e70474e,Cavern Temples,cavern temples,Mahabalipuram,,	Religious & Spiritual Pilgrimages,11.1271225,78.6568942,"[""culture"", ""heritage""]",,,60,0,,,,,places.csv,
p_338fcf46,Yercaud Lake,yercaud lake,Yercaud,,Sightseeing & Exploration,11.7841423,78.2102296,"[""sightseeing""]",,,60,0,,,,,"places.csv,Top Indian Places to Visit.csv",
p_3183ccdb,Grange Treetop Adventure,grange treetop adventure,Yercaud,,Adventure & Outdoor Activities,11.7776437,78.2208538,"[""adventure"", ""nature"", ""outdoor""]",,,60,0,,,,,places.csv,
p_753dd233,The Oak trails,the oak trails,Yercaud,,Adventure & Outdoor Activities,11.7865552,78.2036325,"[""adventure"", ""nature"", ""outdoor""]",,,60,200,,,,,places.csv,
p_d1a0fc97,Kanaka Durga Temple,kanaka durga temple,Vijayawada,,Religious & Spiritual Pilgrimages,16.5154055,80.605864,"[""culture"", ""heritage""]",,,60,0,,,,,"places.csv,Top Indian Places to Visit.csv",
p_dcd8d818,Undavalli caves,undavalli caves,Vijayawada,,Sightseeing & Exploration,16.4971412,80.5821896,"[""sightseeing""]",,,60,0,,,,,places.csv,
p_f253a678,Bhavani island,bhavani island,Vijayawada,,Adventure & Outdoor Activities,16.523107,80.5730084,"[""adventure"", ""nature"", ""outdoor""]",,,60,0,,,,,places.csv,
p_a96591ea,Kondapalli Fort,kondapalli fort,Vijayawada,,Sightseeing & Exploration,16.6254258,80.5306487,"[""sightseeing""]",,,60,250,,,,,places.csv,
p_f37cbec5,Shopping at Besant road,shopping at besant road,Vijayawada,,Shopping & Markets,16.5107307,80.6265836,"[""shopping""]",,,60,0,,,,,places.csv,
p_a334e69b,Bapu museum,bapu museum,Vijayawada,,"Arts, Science & Literature Attractions",16.5076521,80.6277072,"[""sightseeing""]",,,60,0,,,,,places.csv,
p_b82e87d8,Mogalarajapuram caves,mogalarajapuram caves,Vijayawada,,Sightseeing & Exploration,16.5059513,80.6451779,"[""sightseeing""]",,,60,0,,,,,places.csv,
p_cf23167c,Shopping at Kalanikethan ,shopping at kalanikethan,Vijayawada,,Shopping & Markets,15.9128998,79.7399875,"[""shopping""]",,,60,0,,,,,places.csv,
p_2fe6c0b9,Lepakshi Handicrafts Emporium,lepakshi handicrafts emporium,Visakhapatnam,,Shopping & Markets,13.8039436,77.6077197,"[""shopping""]",,,60,0,,,,,places.csv,
p_accae3e0,Old Book market by Purna Market,old book market by purna market,Visakhapatnam,,Shopping & Markets,17.7090249,83.297086,"[""shopping""]",,,60,30,,,,,places.csv,
p_c0c722b4,CMR Shopping Mall,cmr shopping mall,Visakhapatnam,,Shopping & Markets,15.9128998,79.7399875,"[""shopping""]",,,60,0,,,,,places.csv,
p_ee5c9ece,Rishikonda Beach,rishikonda beach,Visakhapatnam,,"Adventure & Outdoor Activities, Natural Landscapes & Wildlife",17.7825201,83.3851154,"[""adventure"", ""nature"", ""outdoor""]",,,90,0,,,,,"places.csv,Top Indian Places to Visit.csv",
p_5cef0af9,Kailasagiri,kailasagiri,Visakhapatnam,,"Adventure & Outdoor Activities, Natural Landscapes & Wildlife",17.7492105,83.3418016,"[""adventure"", ""nature"", ""outdoor""]",,,120,0,,,,,"places.csv,Top Indian Places to Visit.csv",
p_caf85305,Submarine Museum,submarine museum,Visakhapatnam,,Sightseeing & Exploration,15.9128998,79.7399875,"[""sightseeing""]",,,60,40,,,,,"places.csv,Top Indian Places to Visit.csv",
p_5d483550,Borra Caves,borra caves,Visakhapatnam,,"Adventure & Outdoor Activities, Natural Landscapes & Wildlife",18.2806929,83.0396992,"[""adventure"", ""nature"", ""outdoor""]",,,120,60,,,,,"places.csv,Top Indian Places to Visit.csv",
p_bf1d835c,War Memorial,war memorial,Visakhapatnam,,Adventure & Outdoor Activities,15.9128998,79.7399875,"[""adventure"", ""nature"", ""outdoor""]",,,60,0,,,,,"places.csv,Top Indian Places to Visit.csv",
p_c14ccc18,Indira Gandhi Zoological Park,indira gandhi zoological park,Visakhapatnam,,"Sightseeing & Exploration, Natural Landscapes & Wildlife",17.765657,83.3488338,"[""nature"", ""wildlife""]",,,120,20,,,,,"places.csv,Top Indian Places to Visit.csv",
p_b647e776,Matsyadarshini Aquarium,matsyadarshini aquarium,Visakhapatnam,,Sightseeing & Exploration,15.9128998,79.7399875,"[""sightseeing""]",,,60,20,,,,,"places.csv,Top Indian Places to Visit.csv",
p_e49b2268,Visakha Museum,visakha museum,Visakhapatnam,,"Arts, Science & Literature Attractions, Sightseeing & Exploration",17.7205813,83.3345285,"[""sightseeing""]",,,60,10,,,,,"places.csv,Top Indian Places to Visit.csv",
p_375e8bff,Mallikarjuna Swamy Temple,mallikarjuna swamy temple,Srisailam,,Religious & Spiritual Pilgrimages,15.9128998,79.7399875,"[""culture"", ""heritage""]",,,60,0,,,,,"places.csv,Top Indian Places to Visit.csv",
p_e3473b3e,Srisailam Wildlife sanctuary,srisailam wildlife sanctuary,Srisailam,,Natural Landscapes & Wildlife,16.0737457,78.8726842,"[""nature"", ""wildlife""]",,,60,0,,,,,places.csv,
p_48e1a669,Chenchu Lakshmi Tribal Museum,chenchu lakshmi tribal museum,Srisailam,,Cultural & Heritage Sites,16.0694755,78.8714984,"[""culture"", ""heritage""]",,,60,0,,,,,places.csv,
p_f53c9865,Mallela Theertham,mallela theertham,Srisailam,,Natural Landscapes & Wildlife,15.9128998,79.7399875,"[""nature"", ""wildlife""]",,,60,50,,,,,places.csv,
p_745a6b33,Belum Caves,belum caves,Kurnool,,Natural Landscapes & Wildlife,15.1025794,78.1115072,"[""nature"", ""wildlife""]",,,90,65,,,,,"places.csv,Top Indian Places to Visit.csv",
p_241009e7,Rollapadu wildlife sanctuary,rollapadu wildlife sanctuary,Kurnool,,Natural Landscapes & Wildlife,15.7389773,78.3650976,"[""nature"", ""wildlife""]",,,60,0,,,,,places.csv,
p_a87db284,Oravakallu rock garden,oravakallu rock garden,Kurnool,,"Natural Landscapes & Wildlife, Sightseeing & Exploration",15.6928965,78.1521842,"[""nature"", ""wildlife""]",,,60,0,,,,,places.csv,
p_d30ae1e0,Mahanandi village,mahanandi village,Kurnool,,Sightseeing & Exploration,15.4707317,78.6254084,"[""sightseeing""]",,,60,20,,,,,places.csv,
p_f33881c1,Kurnool fort,kurnool fort,Kurnool,,Cultural & Heritage Sites,15.8323892,78.0544946,"[""culture"", ""heritage""]",,,60,10,,,,,places.csv,
p_e27eed1b,Ahobilam temple,ahobilam temple,Kurnool,,Religious & Spiritual Pilgrimages,15.1337667,78.6741657,"[""culture"", ""heritage""]",,,60,0,,,,,places.csv,
p_0277a4cd,Nathula Pass,nathula pass,Gangtok,,"Sightseeing & Exploration, Natural Landscapes & Wildlife",27.3865684,88.8308731,"[""nature"", ""wildlife""]",,,120,20,,,,,"places.csv,Top Indian Places to Visit.csv",
p_b5a52c67,Cable Ride at Gangtok,cable ride at gangtok,Gangtok,,Adventure & Outdoor Activities,27.3313512,88.6138113,"[""adventure"", ""nature"", ""outdoor""]",,,60,40,,,,,places.csv,
p_fc75632f,"Yak safari , Dzongri","yak safari , dzongri",Gangtok,,Adventure & Outdoor Activities,27.466667,88.15,"[""adventure"", ""nature"", ""outdoor""]",,,60,200,,,,,places.csv,
p_d23d6df2,Mountain biking treks,mountain biking treks,Gangtok,,Adventure & Outdoor Activities,27.3516407,88.3239309,"[""adventure"", ""nature"", ""outdoor""]",,,60,700,,,,,places.csv,
p_dbc11df2,River rafting,river rafting,Gangtok,,Adventure & Outdoor Activities,27.3516407,88.3239309,"[""adventure"", ""nature"", ""outdoor""]",,,60,550,,,,,places.csv,
p_b70987b0,Paragliding in Baliman Dara,paragliding in baliman dara,Gangtok,,Adventure & Outdoor Activities,27.3481118,88.5957415,"[""adventure"", ""nature"", ""outdoor""]",,,60,1000,,,,,places.csv,
p_e340e27e,Explore M.G.Marg city centre,explore m.g.marg city centre,Gangtok,,Sightseeing & Exploration,27.3253821,88.61189,"[""sightseeing""]",,,60,0,,,,,places.csv,
p_9cbbe0fa,Sunrise at Tashi view point,sunrise at tashi view point,Gangtok,,"Natural Landscapes & Wildlife, Sightseeing & Exploration",27.3706406,88.616133,"[""nature"", ""wildlife""]",,,60,0,,,,,places.csv,
p_af19c51f,Shopping at Lal Bazaar,shopping at lal bazaar,Gangtok,,Shopping & Markets,27.3516407,88.3239309,"[""shopping""]",,,60,0,,,,,places.csv,
p_31344513,Tsuk La Khang Monastery,tsuk la khang monastery,Gangtok,,Religious & Spiritual Pilgrimages,27.3261111,88.6147222,"[""culture"", ""heritage""]",,,60,0,,,,,places.csv,
p_693d0c2c,Hanuman Tok,hanuman tok,Gangtok,,Religious & Spiritual Pilgrimages,27.3478348,88.628696,"[""culture"", ""heritage""]",,,60,0,,,,,places.csv,
p_79d859a9,Seven Sisters waterfall,seven sisters waterfall,Gangtok,,Natural Landscapes & Wildlife,27.44375253,88.60777208,"[""nature"", ""wildlife""]",,,60,0,,,,,places.csv,
p_71e4690b,Rumtek monastery,rumtek monastery,Gangtok,,Religious & Spiritual Pilgrimages,27.3059105,88.5362892,"[""culture"", ""heritage""]",,,60,10,,,,,"places.csv,Top Indian Places to Visit.csv",
p_9002e207,Tsongmo lake ,tsongmo lake,Gangtok,,Natural Landscapes & Wildlife,27.3741667,88.7619444,"[""nature"", ""wildlife""]",,,60,0,,,,,places.csv,
p_3ad8f5b6,Shingba Rhododendron sanctuary,shingba rhododendron sanctuary,Gangtok,,Natural Landscapes & Wildlife,27.8012861,88.7695197,"[""nature"", ""wildlife""]",,,60,0,,,,,places.csv,
p_3c2afcbc,Khangchendzonga biosphere reserve,khangchendzonga biosphere reserve,Gangtok,,Natural Landscapes & Wildlife,27.6672446,88.3245556,"[""nature"", ""wildlife""]",,,60,0,,,,,places.csv,
p_97f90bc6,Skiing by Mt Katao,skiing by mt katao,Gangtok,,Adventure & Outdoor Activities,27.6525132,88.8128996,"[""adventure"", ""nature"", ""outdoor""]",,,60,1000,,,,,places.csv,
p_5e7d3ece,Banjkhari falls,banjkhari falls,Gangtok,,Natural Landscapes & Wildlife,27.3507643,88.6032316,"[""nature"", ""wildlife""]",,,60,0,,,,,places.csv,
p_02085e3c,Himalayan Zoological park,himalayan zoological park,Gangtok,,Natural Landscapes & Wildlife,27.3567013,88.6300149,"[""nature"", ""wildlife""]",,,60,70,,,,,places.csv,
p_c05181f3,Pemayangtse Monastery,pemayangtse monastery,Pelling,,Cultural & Heritage Sites,27.303354,88.253716,"[""culture"", ""heritage""]",,,60,20,,,,,"places.csv,Top Indian Places to Visit.csv",
p_da5fbfee,Kanchenjunga waterfalls and national park,kanchenjunga waterfalls and national park,Pelling,,Natural Landscapes & Wildlife,27.3586875,88.1988125,"[""nature"", ""wildlife""]",,,60,0,,,,,places.csv,
p_00e4c433,Rabdentse Ruins,rabdentse ruins,Pelling,,Cultural & Heritage Sites,27.301403,88.2566223,"[""culture"", ""heritage""]",,,60,0,,,,,places.csv,
p_5010c03e,Rinchenpong bazaar,rinchenpong bazaar,Pelling,,Shopping & Markets,27.243277,88.2708571,"[""shopping""]",,,60,0,,,,,places.csv,
p_d4a7a275,Rural Artisan Marketing Centre,rural artisan marketing centre,Pelling,,Shopping & Markets,27.3007124,88.2358993,"[""shopping""]",,,60,0,,,,,places.csv,
p_ed410915,Sewaro Rock garden,sewaro rock garden,Pelling,,Natural Landscapes & Wildlife,27.3158029,88.1898361,"[""nature"", ""wildlife""]",,,60,20,,,,,places.csv,
p_1727f238,Singshore suspension bridge,singshore suspension bridge,Pelling,,"Adventure & Outdoor Activities,Sightseeing & Exploration",27.2604072,88.1129982,"[""adventure"", ""nature"", ""outdoor""]",,,60,0,,,,,places.csv,
p_6d79757d,Pelling Skywalk,pelling skywalk,Pelling,,"Adventure & Outdoor Activities,Sightseeing & Exploration",27.2969309,88.2195178,"[""adventure"", ""nature"", ""outdoor""]",,,60,20,,,,,places.csv,
p_292e1490,Kalimpong,kalimpong,Pelling,,Sightseeing & Exploration,27.0593562,88.4694535,"[""sightseeing""]",,,60,0,,,,,places.csv,
p_81afd6c7,Char Dham,char dham,Namchi,,Religious & Spiritual Pilgrimages,27.3516407,88.3239309,"[""culture"", ""heritage""]",,,120,50,,,,,"places.csv,Top Indian Places to Visit.csv",
p_37e8fa9c, Tendong Hill & Biodiversity park,tendong hill & biodiversity park,Namchi,,Natural Landscapes & Wildlife,27.3516407,88.3239309,"[""nature"", ""wildlife""]",,,60,0,,,,,places.csv,
p_41c9f433,Doling Gompa ,doling gompa,Namchi,,Religious & Spiritual Pilgrimages,27.3516407,88.3239309,"[""culture"", ""heritage""]",,,60,0,,,,,places.csv,
p_ec5d33fc,Ngadak monastery,ngadak monastery,Namchi,,Religious & Spiritual Pilgrimages,27.1732407,88.3706278,"[""culture"", ""heritage""]",,,60,0,,,,,places.csv,
p_fb1b5e1d,Maenam Wildlife sanctuary,maenam wildlife sanctuary,Namchi,,Natural Landscapes & Wildlife,27.3239572,88.3799727,"[""nature"", ""wildlife""]",,,60,400,,,,,places.csv,
p_518474b3,Samdruptse Hill,samdruptse hill,Namchi,,Religious & Spiritual Pilgrimages,27.1799743,88.3796775,"[""culture"", ""heritage""]",,,60,0,,,,,places.csv,
p_8fc9b0cb,Buddha Park,buddha park,Ravangla,,"Arts, Science & Literature Attractions",27.3143623,88.3632705,"[""sightseeing""]",,,60,50,,,,,"places.csv,Top Indian Places to Visit.csv",
p_78498498,Ralang monastery,ralang monastery,Ravangla,,Religious & Spiritual Pilgrimages,27.327015,88.355095,"[""culture"", ""heritage""]",,,60,0,,,,,places.csv,
p_88a0462e,Doling Gompa ,doling gompa,Ravangla,,Religious & Spiritual Pilgrimages,27.3516407,88.3239309,"[""culture"", ""heritage""]",,,60,0,,,,,places.csv,
p_079ff735,Kheunpheling Carpet centre,kheunpheling carpet centre,Ravangla,,Shopping & Markets,27.3516407,88.3239309,"[""shopping""]",,,60,500,,,,,places.csv,
p_41265899,Rayong sunrise point,rayong sunrise point,Ravangla,,Sightseeing & Exploration,27.3516407,88.3239309,"[""sightseeing""]",,,60,0,,,,,places.csv,
p_a318364f,Borong Hot springs,borong hot springs,Ravangla,,"Natural Landscapes & Wildlife, Sightseeing & Exploration",27.3657693,88.3278092,"[""nature"", ""wildlife""]",,,60,20,,,,,places.csv,
p_3b9a4868,Temi tea garden,temi tea garden,Ravangla,,Sightseeing & Exploration,27.2398,88.427643,"[""sightseeing""]",,,60,60,,,,,places.csv,
p_f95b934b,Maenam hill,maenam hill,Ravangla,,"Natural Landscapes & Wildlife, Adventure & Outdoor Activities, Sightseeing & Exploration",27.3516407,88.3239309,"[""adventure"", ""nature"", ""outdoor""]",,,60,0,,,,,places.csv,
p_3d04ddc2,Kamakhya Temple,kamakhya temple,Guwahati,,Religious & Spiritual Pilgrimages,26.1664108,91.7055031,"[""culture"", ""heritage""]",,,120,0,,,,,"places.csv,Top Indian Places to Visit.csv",
p_c875dfcf,Kalakshetra theatre and artifact museum,kalakshetra theatre and artifact museum,Guwahati,,"Arts, Science & Literature Attractions",26.2006043,92.9375739,"[""sightseeing""]",,,60,75,,,,,places.csv,
p_75311878,Assam state museum,assam state museum,Guwahati,,Cultural & Heritage Sites,26.185175,91.7520769,"[""culture"", ""heritage""]",,,60,20,,,,,places.csv,
p_756923c4,Guwahati planetarium,guwahati planetarium,Guwahati,,"Arts, Science & Literature Attractions",26.1914,91.7519611,"[""sightseeing""]",,,60,100,,,,,places.csv,
p_d989bf8a,Sunset cruise by river Brahmaputra,sunset cruise by river brahmaputra,Guwahati,,Sightseeing & Exploration,26.2006043,92.9375739,"[""sightseeing""]",,,60,0,,,,,places.csv,
p_2787d60b,Pobitora wildlife sanctuary,pobitora wildlife sanctuary,Guwahati,,Natural Landscapes & Wildlife,26.2307847,92.0550609,"[""nature"", ""wildlife""]",,,120,500,,,,,"places.csv,Top Indian Places to Visit.csv",
p_c6d9bc2c,Bird watching by Deepor Beel lake,bird watching by deepor beel lake,Guwahati,,"Natural Landscapes & Wildlife, Sightseeing & Exploration",26.1176941,91.6493532,"[""nature"", ""wildlife""]",,,60,0,,,,,places.csv,
p_44d7e07e,Assam State Zoo,assam state zoo,Guwahati,,Natural Landscapes & Wildlife,26.1635189,91.7807253,"[""nature"", ""wildlife""]",,,60,0,,,,,places.csv,
p_4c5f602b,Kamakhya Temple,kamakhya temple,Guwahati,,Religious & Spiritual Pilgrimages,26.1664108,91.7055031,"[""culture"", ""heritage""]",,,120,0,,,,,"places.csv,Top Indian Places to Visit.csv",
p_6c72057c,Fancy Bazaar,fancy bazaar,Guwahati,,Shopping & Markets,26.1830738,91.7404977,"[""shopping""]",,,60,0,,,,,places.csv,
p_ad04aa65,Manas National Park,manas national park,Guwahati,,"Natural Landscapes & Wildlife, Sightseeing & Exploration",26.8101743,91.2394832,"[""nature"", ""wildlife""]",,,60,0,,,,,places.csv,
p_b760a4d8,Umananda Island,umananda island,Guwahati,,Natural Landscapes & Wildlife,26.1964922,91.7449079,"[""nature"", ""wildlife""]",,,60,0,,,,,"places.csv,Top Indian Places to Visit.csv",
p_e96bdb83,Majuli river island,majuli river island,Kaziranga,,"Natural Landscapes & Wildlife, Sightseeing & Exploration",27.0016172,94.2242981,"[""nature"", ""wildlife""]",,,60,0,,,,,places.csv,
p_73783195,Orchid national park,orchid national park,Kaziranga,,Natural Landscapes & Wildlife,26.2006043,92.9375739,"[""nature"", ""wildlife""]",,,60,0,,,,,places.csv,
p_295e97ea,Kaziranga National Park,kaziranga national park,Kaziranga,,Natural Landscapes & Wildlife,26.6445044,93.3524858,"[""nature"", ""wildlife""]",,,180,650,,,,,"places.csv,Top Indian Places to Visit.csv",
p_82400f48,Jaswant Garh war memorial,jaswant garh war memorial,Tawang,,Cultural & Heritage Sites,28.2179994,94.7277528,"[""culture"", ""heritage""]",,,60,0,,,,,places.csv,
p_07f9279f,Madhuri lake,madhuri lake,Tawang,,"Natural Landscapes & Wildlife, Sightseeing & Exploration",28.2179994,94.7277528,"[""nature"", ""wildlife""]",,,60,0,,,,,places.csv,
p_6a21c192,Shonga Tser Lake,shonga tser lake,Tawang,,"Natural Landscapes & Wildlife, Sightseeing & Exploration",28.2179994,94.7277528,"[""nature"", ""wildlife""]",,,60,0,,,,,places.csv,
p_8a371515,Nuranang waterfalls,nuranang waterfalls,Tawang,,"Natural Landscapes & Wildlife, Adventure & Outdoor Activities, Sightseeing & Exploration",28.2179994,94.7277528,"[""adventure"", ""nature"", ""outdoor""]",,,60,0,,,,,places.csv,
p_5bc79858,Tibetan Settlement market,tibetan settlement market,Tawang,,"Cultural & Heritage Sites, Shopping & Markets",28.2179994,94.7277528,"[""culture"", ""heritage""]",,,60,0,,,,,places.csv,
p_bcbd5686,Sela pass,sela pass,Tawang,,"Adventure & Outdoor Activities, Sightseeing & Exploration",28.2179994,94.7277528,"[""adventure"", ""nature"", ""outdoor""]",,,60,0,,,,,places.csv,
p_a9d8f74d,Gorichen Peak hike,gorichen peak hike,Tawang,,Adventure & Outdoor Activities,28.2179994,94.7277528,"[""adventure"", ""nature"", ""outdoor""]",,,60,0,,,,,places.csv,
p_21b1e477,Taktsang Gompa monastery,taktsang gompa monastery,Tawang,,Religious & Spiritual Pilgrimages,28.2179994,94.7277528,"[""culture"", ""heritage""]",,,60,0,,,,,places.csv,
p_a72dd00e,Tawang Monastery,tawang monastery,Tawang,,"Cultural & Heritage Sites, Religious & Spiritual Pilgrimages",27.5867261,91.8577194,"[""culture"", ""heritage""]",,,120,0,,,,,"places.csv,Top Indian Places to Visit.csv",
p_3c96002e,Raima valley ,raima valley,Agartala,,Natural Landscapes & Wildlife,23.5638643,91.6760691,"[""nature"", ""wildlife""]",,,60,0,,,,,places.csv,
p_a03af6bc,Buddha temple,buddha temple,Agartala,,Religious & Spiritual Pilgrimages,23.5638643,91.6760691,"[""culture"", ""heritage""]",,,60,0,,,,,places.csv,
p_0c7e8fd4,Neermahal,neermahal,Agartala,,Cultural & Heritage Sites,23.5064408,91.3150341,"[""culture"", ""heritage""]",,,60,0,,,,,places.csv,
p_d76f687c,Gondacherra wildlife sanctuary,gondacherra wildlife sanctuary,Agartala,,Natural Landscapes & Wildlife,23.5638643,91.6760691,"[""nature"", ""wildlife""]",,,60,500,,,,,places.csv,
p_32e7675c,Ummaneshwar temple,ummaneshwar temple,Agartala,,Religious & Spiritual Pilgrimages,23.8376106,91.2817995,"[""culture"", ""heritage""]",,,60,0,,,,,places.csv,
p_51f4ca30,Chittagong hills,chittagong hills,Agartala,,Natural Landscapes & Wildlife,23.5638643,91.6760691,"[""nature"", ""wildlife""]",,,60,0,,,,,places.csv,
p_f392cb53,Sepahijala wildlife sanctuary,sepahijala wildlife sanctuary,Agartala,,Natural Landscapes & Wildlife,23.6148176,91.3276422,"[""nature"", ""wildlife""]",,,60,300,,,,,places.csv,
p_28d75fcf,Ujjayanta Palace,ujjayanta palace,Agartala,,Cultural & Heritage Sites,23.8373503,91.2827128,"[""culture"", ""heritage""]",,,90,10,,,,,"places.csv,Top Indian Places to Visit.csv",
p_9af46d3c,Mt Japfu,mt japfu,Kohima,,Natural Landscapes & Wildlife,25.5975011,94.0666664,"[""nature"", ""wildlife""]",,,60,0,,,,,places.csv,
p_190cbfc8,Naga keeda bazaar,naga keeda bazaar,Kohima,,Shopping & Markets,26.1584354,94.5624426,"[""shopping""]",,,60,0,,,,,places.csv,
p_9c49c3ef,Touphema village ,touphema village,Kohima,,Cultural & Heritage Sites,25.8455682,94.1769749,"[""culture"", ""heritage""]",,,60,0,,,,,places.csv,
p_ba5d4e1d,Camping by Kohima mountains,camping by kohima mountains,Kohima,,Adventure & Outdoor Activities,25.6751129,94.1085998,"[""adventure"", ""nature"", ""outdoor""]",,,60,0,,,,,places.csv,
p_28315962,Ntangki national park,ntangki national park,Kohima,,Natural Landscapes & Wildlife,25.5496528,93.5205641,"[""nature"", ""wildlife""]",,,60,0,,,,,places.csv,
p_50dae278,Dawki lake,dawki lake,Cherrapunji,,Sightseeing & Exploration,25.1840249,92.0248701,"[""sightseeing""]",,,60,750,,,,,places.csv,
p_a43bc7d1,Thangkharang park,thangkharang park,Cherrapunji,,Sightseeing & Exploration,25.2167071,91.7240776,"[""sightseeing""]",,,60,0,,,,,places.csv,
p_e7ddd9a1,Mawkdok Dympep valley,mawkdok dympep valley,Cherrapunji,,Sightseeing & Exploration,25.411798,91.79084,"[""sightseeing""]",,,60,0,,,,,places.csv,
p_a6c34bcf,Mawsmai cave-Longest cave systems in India,mawsmai cave-longest cave systems in india,Cherrapunji,,Sightseeing & Exploration,25.2445707,91.7240877,"[""sightseeing""]",,,60,0,,,,,places.csv,
p_4ebb512c,Mawlynnong village,mawlynnong village,Cherrapunji,,"Cultural & Heritage Sites, Sightseeing & Exploration	",25.2017637,91.9160305,"[""culture"", ""heritage""]",,,60,0,,,,,places.csv,
p_737129e3,Mawsmai Eco park and falls,mawsmai eco park and falls,Cherrapunji,,"Natural Landscapes & Wildlife, Sightseeing & Exploration",25.2457155,91.7375719,"[""nature"", ""wildlife""]",,,60,0,,,,,places.csv,
p_0492f736,Mawmluh caves,mawmluh caves,Cherrapunji,,Sightseeing & Exploration,25.2539985,91.7130622,"[""sightseeing""]",,,60,0,,,,,places.csv,
p_4b18b46d,Nohkalikai watterfalls,nohkalikai watterfalls,Cherrapunji,,Sightseeing & Exploration,25.2754719,91.68616774,"[""sightseeing""]",,,60,0,,,,,places.csv,
p_6f95114e,Living Root Bridge,living root bridge,Cherrapunji,,Natural Landscapes & Wildlife,25.4670308,91.366216,"[""nature"", ""wildlife""]",,,120,0,,,,,"places.csv,Top Indian Places to Visit.csv",
p_2254da4d,Chitrakote Falls,chitrakote falls,Bastar,,Natural Landscapes & Wildlife,19.2071733,81.7000604,"[""nature"", ""wildlife""]",,,90,0,,,,,"places.csv,Top Indian Places to Visit.csv",
p_7e465d54,Tirathgarh waterfalls,tirathgarh waterfalls,Bastar,,Natural Landscapes & Wildlife,18.9139499,81.8651088,"[""nature"", ""wildlife""]",,,60,0,,,,,places.csv,
p_ebb3dd73,Kanger Ghati national park,kanger ghati national park,Bastar,,Natural Landscapes & Wildlife,18.77866,81.9971108,"[""nature"", ""wildlife""]",,,60,250,,,,,places.csv,
p_0370b95b,Kotumsar caves,kotumsar caves,Bastar,,Natural Landscapes & Wildlife,18.9066382,81.9050496,"[""nature"", ""wildlife""]",,,60,0,,,,,places.csv,
p_1a54e914,Anthropological museum ,anthropological museum,Bastar,,"Arts, Science & Literature Attractions",21.2786567,81.8661442,"[""sightseeing""]",,,60,0,,,,,places.csv,
p_32ffae41,Ambuja City Center mall,ambuja city center mall,Raipur,,Shopping & Markets,21.275629,81.687617,"[""shopping""]",,,60,0,,,,,places.csv,
p_984ac63c,Magneto mall,magneto mall,Raipur,,Shopping & Markets,21.2409292,81.6841555,"[""shopping""]",,,60,0,,,,,places.csv,
p_d19ece40,Ghatarani waterfalls,ghatarani waterfalls,Raipur,,Natural Landscapes & Wildlife,20.8280625,82.0598125,"[""nature"", ""wildlife""]",,,60,0,,,,,places.csv,
p_c8a85018,Jatmai Temple,jatmai temple,Raipur,,Religious & Spiritual Pilgrimages,20.7958875,82.0298481,"[""culture"", ""heritage""]",,,60,0,,,,,places.csv,
p_79aecec6,Baba Baidyanath Temple,baba baidyanath temple,Deoghar,,Religious & Spiritual Pilgrimages,24.4927645,86.7005212,"[""culture"", ""heritage""]",,,60,0,,,,,"places.csv,Top Indian Places to Visit.csv",
p_ac45b0e7,Naulakha temple,naulakha temple,Deoghar,,Religious & Spiritual Pilgrimages,24.4775623,86.7083557,"[""culture"", ""heritage""]",,,60,0,,,,,places.csv,
p_64ac6ca8,Trikut hill,trikut hill,Deoghar,,Religious & Spiritual Pilgrimages,24.4983333,86.8369444,"[""culture"", ""heritage""]",,,60,0,,,,,places.csv,
p_b5dcd8d1,Pahari Mandir,pahari mandir,Ranchi,,Religious & Spiritual Pilgrimages,23.3754286,85.31075,"[""culture"", ""heritage""]",,,60,0,,,,,"places.csv,Top Indian Places to Visit.csv",
p_91aaec35,Biodiversity park,biodiversity park,Ranchi,,Natural Landscapes & Wildlife,23.2547338,85.3468934,"[""nature"", ""wildlife""]",,,60,70,,,,,places.csv,
p_5c24245c,Rock garden,rock garden,Ranchi,,Natural Landscapes & Wildlife,23.4038472,85.3129755,"[""nature"", ""wildlife""]",,,60,50,,,,,places.csv,
p_cb82837d,Patratu valley,patratu valley,Ranchi,,Natural Landscapes & Wildlife,23.5755504,85.2741613,"[""nature"", ""wildlife""]",,,60,0,,,,,places.csv,
p_55be425e,State museum Hotwar,state museum hotwar,Ranchi,,Cultural & Heritage Sites,23.3835366,85.3854678,"[""culture"", ""heritage""]",,,60,0,,,,,places.csv,
p_54734ef8,Dassam falls ,dassam falls,Ranchi,,Natural Landscapes & Wildlife,23.1462515,85.4672203,"[""nature"", ""wildlife""]",,,60,0,,,,,places.csv,
p_4d343b06,Jonha falls,jonha falls,Ranchi,,Natural Landscapes & Wildlife,23.3423069,85.6102055,"[""nature"", ""wildlife""]",,,60,0,,,,,places.csv,
p_9c7f28d4,Ranchi science centre,ranchi science centre,Ranchi,,"Arts, Science & Literature Attractions",23.4069545,85.3402327,"[""sightseeing""]",,,60,100,,,,,places.csv,
p_7b28db05,Mahabodhi Temple,mahabodhi temple,Bodh Gaya,,Religious & Spiritual Pilgrimages,24.6959222,84.9914193,"[""culture"", ""heritage""]",,,90,0,,,,,"places.csv,Top Indian Places to Visit.csv",
p_cdf62eae,Thai monastery,thai monastery,Bodh Gaya,,Religious & Spiritual Pilgrimages,25.9644427,85.2722472,"[""culture"", ""heritage""]",,,60,0,,,,,places.csv,
p_9beedc80,Great Buddha statue,great buddha statue,Bodh Gaya,,Sightseeing & Exploration,24.6903883,84.9819433,"[""sightseeing""]",,,60,0,,,,,places.csv,
p_54334327,Bodhi tree,bodhi tree,Bodh Gaya,,Religious & Spiritual Pilgrimages,25.9644427,85.2722472,"[""culture"", ""heritage""]",,,60,0,,,,,places.csv,
p_a10b622f,Indosan Nippon Japanese temple,indosan nippon japanese temple,Bodh Gaya,,Religious & Spiritual Pilgrimages,25.9644427,85.2722472,"[""culture"", ""heritage""]",,,60,0,,,,,places.csv,
p_2d94c581,Dungeshwari cave temple,dungeshwari cave temple,Bodh Gaya,,Religious & Spiritual Pilgrimages,24.7367013,85.0474977,"[""culture"", ""heritage""]",,,60,0,,,,,places.csv,
p_4b0c98be,Bodh gaya archaelogical museum,bodh gaya archaelogical museum,Bodh Gaya,,Cultural & Heritage Sites,24.6949135,84.9874413,"[""culture"", ""heritage""]",,,60,40,,,,,places.csv,
p_4886b732,Muchalinda lake,muchalinda lake,Bodh Gaya,,Natural Landscapes & Wildlife,24.6806441,84.9926622,"[""nature"", ""wildlife""]",,,60,0,,,,,places.csv,
p_38f1910d,Patna museum,patna museum,Patna,,Cultural & Heritage Sites,25.612727,85.1332734,"[""culture"", ""heritage""]",,,60,10,,,,,places.csv,
p_6b1f0bb9,Buddha memorial park,buddha memorial park,Patna,,Religious & Spiritual Pilgrimages,25.9644427,85.2722472,"[""culture"", ""heritage""]",,,60,0,,,,,places.csv,
p_da234e97,Srikrishna science centre,srikrishna science centre,Patna,,"Arts, Science & Literature Attractions",25.6164189,85.1411084,"[""sightseeing""]",,,60,0,,,,,places.csv,
p_768faa47,Sanjay Gandhi Biological Park,sanjay gandhi biological park,Patna,,Natural Landscapes & Wildlife,25.5997345,85.0971767,"[""nature"", ""wildlife""]",,,150,30,,,,,"places.csv,Top Indian Places to Visit.csv",
p_27dfb22f,Takhat Shri Harimandir Ji Patna Sahib,takhat shri harimandir ji patna sahib,Patna,,Religious & Spiritual Pilgrimages,25.5960503,85.2299561,"[""culture"", ""heritage""]",,,60,0,,,,,"places.csv,Top Indian Places to Visit.csv",
p_aafe1eee,Budhha Smriti Park,budhha smriti park,Patna,,Sightseeing & Exploration,25.6067139,85.1361502,"[""sightseeing""]",,,60,10,,,,,"places.csv,Top Indian Places to Visit.csv",
p_ee0d3015,Kingdom of Dreams,kingdom of dreams,Gurugram,,Adventure & Outdoor Activities,28.4678664,77.0688866,"[""adventure"", ""nature"", ""outdoor""]",,,180,1100,,,,,"places.csv,Top Indian Places to Visit.csv",
p_27e50ddf,Ambience Mall,ambience mall,Gurugram,,Shopping & Markets,28.505504,77.095956,"[""shopping""]",,,120,0,,,,,"places.csv,Top Indian Places to Visit.csv",
p_d0440cd3,Shopping at HUDA marjet Sector 14,shopping at huda marjet sector 14,Gurugram,,Shopping & Markets,28.4710811,77.0454144,"[""shopping""]",,,60,0,,,,,places.csv,
p_63c222f8,Shopping at Sadar bazaar Sector 12A,shopping at sadar bazaar sector 12a,Gurugram,,Shopping & Markets,28.4652778,77.0269326,"[""shopping""]",,,60,0,,,,,places.csv,
p_0a96fab9,Wet N Wild water park,wet n wild water park,Gurugram,,Adventure & Outdoor Activities,29.0587757,76.085601,"[""adventure"", ""nature"", ""outdoor""]",,,60,600,,,,,places.csv,
p_e72c2a78,Go-karting at Link road,go-karting at link road,Gurugram,,Adventure & Outdoor Activities,29.0587757,76.085601,"[""adventure"", ""nature"", ""outdoor""]",,,60,0,,,,,places.csv,
p_0b3ef191,Ice skating at Ambience mall,ice skating at ambience mall,Gurugram,,Adventure & Outdoor Activities,28.505504,77.095956,"[""adventure"", ""nature"", ""outdoor""]",,,60,1000,,,,,places.csv,
p_b2b1d4cc,Camp tikkling,camp tikkling,Gurugram,,Adventure & Outdoor Activities,29.0587757,76.085601,"[""adventure"", ""nature"", ""outdoor""]",,,60,5000,,,,,places.csv,
p_e8795535,Aravalli biodiversity park,aravalli biodiversity park,Gurugram,,Natural Landscapes & Wildlife,29.0587757,76.085601,"[""nature"", ""wildlife""]",,,60,0,,,,,places.csv,
p_51653304,Sultanpur Bird sanctuary,sultanpur bird sanctuary,Gurugram,,Natural Landscapes & Wildlife,28.4681234,76.8917707,"[""nature"", ""wildlife""]",,,60,400,,,,,places.csv,
p_d1c41def,Museum of folk and tribal art,museum of folk and tribal art,Gurugram,,"Arts, Science & Literature Attractions",28.4709339,77.0099669,"[""sightseeing""]",,,60,20,,,,,places.csv,
p_b28c6e8a,Indian Transport history,indian transport history,Gurugram,,"Arts, Science & Literature Attractions",29.0587757,76.085601,"[""sightseeing""]",,,60,50,,,,,places.csv,
p_ac9faaf1,Vintage camera museum,vintage camera museum,Gurugram,,"Arts, Science & Literature Attractions",29.0587757,76.085601,"[""sightseeing""]",,,60,0,,,,,places.csv,
p_05fa01cf,DLF CyberHub for shopping,dlf cyberhub for shopping,Gurugram,,Shopping & Markets,28.4950422,77.0890948,"[""shopping""]",,,60,0,,,,,places.csv,
p_4e39024b,Kedarnath,kedarnath,Kedarnath,,Religious & Spiritual Pilgrimages,30.7346267,79.0668943,"[""culture"", ""heritage""]",,,90,0,,,,,"places.csv,Top Indian Places to Visit.csv",
p_2ab0065e,Adi Shankaracharya Samadhi,adi shankaracharya samadhi,Kedarnath,,Religious & Spiritual Pilgrimages,30.7361239,79.0663642,"[""culture"", ""heritage""]",,,60,0,,,,,places.csv,
p_058287ea,Bhairavnath temple,bhairavnath temple,Kedarnath,,Religious & Spiritual Pilgrimages,30.066753,79.0192997,"[""culture"", ""heritage""]",,,60,0,,,,,places.csv,
p_ab5bdbaa,Trekking to Vasuki Tal,trekking to vasuki tal,Kedarnath,,"Adventure & Outdoor Activities, Sightseeing & Exploration",30.9070387,79.1716516,"[""adventure"", ""nature"", ""outdoor""]",,,60,0,,,,,places.csv,
p_34fd1c89,Sonprayag,sonprayag,Kedarnath,,"Adventure & Outdoor Activities, Sightseeing & Exploration",30.6325757,78.9952754,"[""adventure"", ""nature"", ""outdoor""]",,,60,0,,,,,places.csv,
p_d2c78168,Chorabari lake,chorabari lake,Kedarnath,,"	Natural Landscapes & Wildlife, Sightseeing & Exploration",30.066753,79.0192997,"[""nature"", ""wildlife""]",,,60,0,,,,,places.csv,
p_ba430ff0,Promenade Beach,promenade beach,Puducherry,,Natural Landscapes & Wildlife,11.9312773,79.8358019,"[""nature"", ""wildlife""]",,,60,0,,,,,"places.csv,Top Indian Places to Visit.csv",
p_a5facbe9,Auroville,auroville,Puducherry,,Cultural & Heritage Sites,12.0052483,79.8068922,"[""culture"", ""heritage""]",,,60,0,,,,,places.csv,
p_4a5a4b8b,Casablanca mall,casablanca mall,Puducherry,,Shopping & Markets,11.9415915,79.8083133,"[""shopping""]",,,60,0,,,,,places.csv,
p_8ea8b5ec,Saram China market ,saram china market,Puducherry,,Shopping & Markets,11.9408006,79.8121041,"[""shopping""]",,,60,0,,,,,places.csv,
p_975f85cb,Pondicherry botanical garden,pondicherry botanical garden,Puducherry,,Natural Landscapes & Wildlife,11.9302138,79.8224206,"[""nature"", ""wildlife""]",,,60,0,,,,,places.csv,
p_c99c4862,Pondicherry museum,pondicherry museum,Puducherry,,"Arts, Science & Literature Attractions",11.9344884,79.83485,"[""sightseeing""]",,,60,10,,,,,places.csv,
p_1bbe77fa,Manakula Vinayagar temple,manakula vinayagar temple,Puducherry,,Religious & Spiritual Pilgrimages,11.9357756,79.8336621,"[""culture"", ""heritage""]",,,60,0,,,,,places.csv,
p_d52c6aa0,Chunnambar boat house,chunnambar boat house,Puducherry,,"Adventure & Outdoor Activities, Sightseeing & Exploration",11.8838125,79.8006875,"[""adventure"", ""nature"", ""outdoor""]",,,60,0,,,,,places.csv,
p_b7b1aa60,Heritage walk by White town,heritage walk by white town,Puducherry,,Cultural & Heritage Sites,11.9415915,79.8083133,"[""culture"", ""heritage""]",,,60,0,,,,,places.csv,
p_d77da847,Sightseeing at Green Quarter,sightseeing at green quarter,Puducherry,,Sightseeing & Exploration,11.9415915,79.8083133,"[""sightseeing""]",,,60,0,,,,,places.csv,
p_78673f96,Temple Adventures centre-Scuba diving,temple adventures centre-scuba diving,Puducherry,,Adventure & Outdoor Activities,11.9415915,79.8083133,"[""adventure"", ""nature"", ""outdoor""]",,,60,0,,,,,places.csv,
p_56cd9abd,Paradise beach and island,paradise beach and island,Puducherry,,"Natural Landscapes & Wildlife, Sightseeing & Exploration",11.9415915,79.8083133,"[""nature"", ""wildlife""]",,,60,0,,,,,places.csv,
p_e35c28d7,Kala Pani Cellular Jail,kala pani cellular jail,Port Blair,,Cultural & Heritage Sites,11.6747447,92.7478601,"[""culture"", ""heritage""]",,,60,50,,,,,places.csv,
p_aa599c08,Ross island,ross island,Port Blair,,"Natural Landscapes & Wildlife, Sightseeing & Exploration",11.6758295,92.7624249,"[""nature"", ""wildlife""]",,,60,0,,,,,places.csv,
p_cabf40b9,Underwater Sea walk,underwater sea walk,Port Blair,,Adventure & Outdoor Activities,10.7448873,92.4999918,"[""adventure"", ""nature"", ""outdoor""]",,,60,1000,,,,,places.csv,
p_7a21ce66,Jolly Buoy island,jolly buoy island,Port Blair,,"Natural Landscapes & Wildlife, Sightseeing & Exploration",11.5077351,92.612149,"[""nature"", ""wildlife""]",,,60,0,,,,,places.csv,
p_3501eb61,Mahatma Gandhi National Park,mahatma gandhi national park,Port Blair,,Natural Landscapes & Wildlife,11.58709,92.6155601,"[""nature"", ""wildlife""]",,,60,0,,,,,places.csv,
p_cf193ef9,Mount Harriet National park,mount harriet national park,Port Blair,,Natural Landscapes & Wildlife,11.7201967,92.7334546,"[""nature"", ""wildlife""]",,,60,400,,,,,places.csv,
p_ba0f66c4,Barren island volcano,barren island volcano,Port Blair,,"Natural Landscapes & Wildlife, Sightseeing & Exploration",12.2792303,93.8604402,"[""nature"", ""wildlife""]",,,60,0,,,,,places.csv,
p_f81f7a6c,Long island,long island,Havelock Island,,Sightseeing & Exploration,40.789142,-73.134961,"[""sightseeing""]",,,60,0,,,,,places.csv,
p_ce8234bb,Elephant beach,elephant beach,Havelock Island,,Natural Landscapes & Wildlife,12.0081083,92.9416061,"[""nature"", ""wildlife""]",,,60,0,,,,,places.csv,
p_f9a32c1a,Snorkelling at Kalapathar beach,snorkelling at kalapathar beach,Havelock Island,,Adventure & Outdoor Activities,12.0006111,93.0070952,"[""adventure"", ""nature"", ""outdoor""]",,,60,1000,,,,,places.csv,
p_5b429bf8,Radhanagar Beach,radhanagar beach,Havelock Island,,Natural Landscapes & Wildlife,11.9844552,92.9508454,"[""nature"", ""wildlife""]",,,60,0,,,,,"places.csv,Top Indian Places to Visit.csv",
p_f89a5683,Bharatpur Beach,bharatpur beach,Neil Island,,Natural Landscapes & Wildlife,11.8358457,93.0451011,"[""nature"", ""wildlife""]",,,60,0,,,,,"places.csv,Top Indian Places to Visit.csv",
p_abe29a62,Mangrove creeks,mangrove creeks,Baratang Island,,Natural Landscapes & Wildlife,10.7448873,92.4999918,"[""nature"", ""wildlife""]",,,60,0,,,,,places.csv,
p_0bae240a,Parrot island,parrot island,Baratang Island,,Natural Landscapes & Wildlife,10.7448873,92.4999918,"[""nature"", ""wildlife""]",,,60,0,,,,,places.csv,
p_5f2cc3c3,Baludera beach,baludera beach,Baratang Island,,Natural Landscapes & Wildlife,12.1336095,92.8042375,"[""nature"", ""wildlife""]",,,60,0,,,,,places.csv,
p_4539c7fb,Coral gazing at Mohwa Dera,coral gazing at mohwa dera,Baratang Island,,Natural Landscapes & Wildlife,10.7448873,92.4999918,"[""nature"", ""wildlife""]",,,60,0,,,,,places.csv,
p_2d2e3553,Limestone Caves,limestone caves,Baratang Island,,Natural Landscapes & Wildlife,10.7448873,92.4999918,"[""nature"", ""wildlife""]",,,90,250,,,,,"places.csv,Top Indian Places to Visit.csv",
p_8e5f0b45,Naida Caves,naida caves,Diu,,Natural Landscapes & Wildlife,20.7102563,70.980716,"[""nature"", ""wildlife""]",,,60,0,,,,,"places.csv,Top Indian Places to Visit.csv",
p_025995c8,Diu Fort,diu fort,Diu,,Cultural & Heritage Sites,20.7186887,70.9876739,"[""culture"", ""heritage""]",,,90,0,,,,,"places.csv,Top Indian Places to Visit.csv",
p_11dc1c4e,Nani Daman market,nani daman market,Daman,,Shopping & Markets,20.4148699,72.8353005,"[""shopping""]",,,60,0,,,,,places.csv,
p_f756db72,DMC market,dmc market,Diu,,Shopping & Markets,20.718628,70.987048,"[""shopping""]",,,60,0,,,,,places.csv,
p_77b245c2,Basilica of Bom Jesus Church,basilica of bom jesus church,Diu,,Cultural & Heritage Sites,20.55466502,71.88570098,"[""culture"", ""heritage""]",,,60,0,,,,,places.csv,
p_52001e5d,Jampore beach,jampore beach,Diu,,"Natural Landscapes & Wildlife, Beach",20.375971,72.825722,"[""nature"", ""wildlife""]",,,60,0,,,,,places.csv,
p_0e6bbc9b,Diu museum,diu museum,Diu,,Cultural & Heritage Sites,20.7155688,70.9891437,"[""culture"", ""heritage""]",,,60,30,,,,,places.csv,
p_895cd7e9,St.Jerome Fort,st.jerome fort,Daman,,Cultural & Heritage Sites,20.55466502,71.88570098,"[""culture"", ""heritage""]",,,60,70,,,,,places.csv,
